"","sign_ups","serves","servers","average_wait_time","average_serve_time","day","avgDayServeTime","loadInflux","daysAfterPrevAssnDue","daysUntilNextAssnDue","daysTilExam","weekNum","hourOfDay","monday","tuesday","wednesday","thursday","friday","saturday","sunday","morning","noon","afternoon","evening","L10daysAfterPrevAssnDue","L5daysAfterPrevAssnDue","L3daysAfterPrevAssnDue","L1daysAfterPrevAssnDue","L10daysUntilNextAssnDue","L5daysUntilNextAssnDue","L3daysUntilNextAssnDue","L1daysUntilNextAssnDue","L10daysTilExam","L5daysTilExam","L3daysTilExam","L1daysTilExam","isFirstOHWithinLastThreeHour","isFirstOHWithinLastSixHour","isLastOHWithinNextThreeHour","isLastOHWithinNextSixHour","NumStudents","InstructorRating","AvgHrsSpent","ProportionFrosh","ProportionGrads","ProportionPhDs"
"Apr 4, 2018 11:00 AM",1,0,0,0,0,3,13.5,13.5,-1,7,24,1,11,0,0,1,0,0,0,0,1,0,0,0,0,0,0,1,1,0,0,0,0,0,0,0,0,1,0,0,202,4.4,16.35,0.29,0.14,0.05
"Apr 4, 2018 12:00 PM",4,3,1,16,0,3,13.5,54,-1,7,24,1,12,0,0,1,0,0,0,0,0,1,0,0,0,0,0,1,1,0,0,0,0,0,0,0,0,0,0,0,202,4.4,16.35,0.29,0.14,0.05
"Apr 4, 2018  1:00 PM",2,1,1,12,2,3,13.5,27,-1,7,24,1,13,0,0,1,0,0,0,0,0,1,0,0,0,0,0,1,1,0,0,0,0,0,0,0,0,0,0,0,202,4.4,16.35,0.29,0.14,0.05
"Apr 4, 2018  2:00 PM",0,1,1,0,25,3,13.5,0,-1,7,24,1,14,0,0,1,0,0,0,0,0,1,0,0,0,0,0,1,1,0,0,0,0,0,0,0,0,0,0,1,202,4.4,16.35,0.29,0.14,0.05
"Apr 5, 2018  1:00 PM",2,2,1,7,16,4,11,22,-1,6,23,1,13,0,0,0,1,0,0,0,0,1,0,0,0,0,0,1,1,0,0,0,0,0,0,0,0,1,0,0,202,4.4,16.35,0.29,0.14,0.05
"Apr 5, 2018  2:00 PM",1,1,1,2,0,4,11,11,-1,6,23,1,14,0,0,0,1,0,0,0,0,1,0,0,0,0,0,1,1,0,0,0,0,0,0,0,0,0,0,0,202,4.4,16.35,0.29,0.14,0.05
"Apr 5, 2018  3:00 PM",4,3,2,11,2,4,11,44,-1,6,23,1,15,0,0,0,1,0,0,0,0,1,0,0,0,0,0,1,1,0,0,0,0,0,0,0,0,0,0,0,202,4.4,16.35,0.29,0.14,0.05
"Apr 5, 2018  4:00 PM",0,1,1,0,15,4,11,0,-1,6,23,1,16,0,0,0,1,0,0,0,0,0,1,0,0,0,0,1,1,0,0,0,0,0,0,0,0,0,0,1,202,4.4,16.35,0.29,0.14,0.05
"Apr 6, 2018 10:00 AM",1,0,0,5,0,5,9,9,-1,5,22,1,10,0,0,0,0,1,0,0,1,0,0,0,0,0,0,1,0,1,0,0,0,0,0,0,0,1,0,0,202,4.4,16.35,0.29,0.14,0.05
"Apr 6, 2018 11:00 AM",0,1,1,0,9,5,9,0,-1,5,22,1,11,0,0,0,0,1,0,0,1,0,0,0,0,0,0,1,0,1,0,0,0,0,0,0,0,0,1,0,202,4.4,16.35,0.29,0.14,0.05
"Apr 6, 2018  3:00 PM",6,4,2,3,14,5,9,54,-1,5,22,1,15,0,0,0,0,1,0,0,0,1,0,0,0,0,0,1,0,1,0,0,0,0,0,0,0,1,0,0,202,4.4,16.35,0.29,0.14,0.05
"Apr 6, 2018  4:00 PM",1,3,1,0,4,5,9,9,-1,5,22,1,16,0,0,0,0,1,0,0,0,0,1,0,0,0,0,1,0,1,0,0,0,0,0,0,0,0,0,1,202,4.4,16.35,0.29,0.14,0.05
"Apr 8, 2018 12:00 PM",1,0,1,0,0,0,100,100,-1,3,20,1,12,0,0,0,0,0,0,1,0,1,0,0,0,0,0,1,0,0,1,0,0,0,0,0,0,1,0,1,202,4.4,16.35,0.29,0.14,0.05
"Apr 9, 2018  2:00 PM",6,6,3,2,7,1,7.71428571428571,46.2857142857143,-1,2,19,2,14,1,0,0,0,0,0,0,0,1,0,0,0,0,0,1,0,0,1,0,0,0,0,0,0,1,0,0,202,4.4,16.35,0.29,0.14,0.05
"Apr 9, 2018  3:00 PM",2,2,2,5,16,1,7.71428571428571,15.4285714285714,-1,2,19,2,15,1,0,0,0,0,0,0,0,1,0,0,0,0,0,1,0,0,1,0,0,0,0,0,0,0,0,0,202,4.4,16.35,0.29,0.14,0.05
"Apr 9, 2018  4:00 PM",1,1,1,6,10,1,7.71428571428571,7.71428571428571,-1,2,19,2,16,1,0,0,0,0,0,0,0,0,1,0,0,0,0,1,0,0,1,0,0,0,0,0,0,0,0,0,202,4.4,16.35,0.29,0.14,0.05
"Apr 9, 2018  5:00 PM",1,1,1,2,7,1,7.71428571428571,7.71428571428571,-1,2,19,2,17,1,0,0,0,0,0,0,0,0,1,0,0,0,0,1,0,0,1,0,0,0,0,0,0,0,0,0,202,4.4,16.35,0.29,0.14,0.05
"Apr 9, 2018  6:00 PM",1,1,1,0,4,1,7.71428571428571,7.71428571428571,-1,2,19,2,18,1,0,0,0,0,0,0,0,0,1,0,0,0,0,1,0,0,1,0,0,0,0,0,0,0,0,0,202,4.4,16.35,0.29,0.14,0.05
"Apr 9, 2018  7:00 PM",2,1,2,2,5,1,7.71428571428571,15.4285714285714,-1,2,19,2,19,1,0,0,0,0,0,0,0,0,1,0,0,0,0,1,0,0,1,0,0,0,0,0,0,0,0,0,202,4.4,16.35,0.29,0.14,0.05
"Apr 9, 2018  8:00 PM",6,6,2,1,5,1,7.71428571428571,46.2857142857143,-1,2,19,2,20,1,0,0,0,0,0,0,0,0,0,1,0,0,0,1,0,0,1,0,0,0,0,0,0,0,0,0,202,4.4,16.35,0.29,0.14,0.05
"Apr 9, 2018  9:00 PM",0,1,0,0,0,1,7.71428571428571,0,-1,2,19,2,21,1,0,0,0,0,0,0,0,0,0,1,0,0,0,1,0,0,1,0,0,0,0,0,0,0,0,1,202,4.4,16.35,0.29,0.14,0.05
"Apr 10, 2018  3:00 PM",1,0,1,2,9,2,8,8,-1,1,18,2,15,0,1,0,0,0,0,0,0,1,0,0,0,0,0,1,0,0,0,1,0,0,0,0,0,1,0,0,202,4.4,16.35,0.29,0.14,0.05
"Apr 10, 2018  4:00 PM",3,4,3,0,6,2,8,24,-1,1,18,2,16,0,1,0,0,0,0,0,0,0,1,0,0,0,0,1,0,0,0,1,0,0,0,0,0,0,0,0,202,4.4,16.35,0.29,0.14,0.05
"Apr 10, 2018  5:00 PM",2,2,2,1,9,2,8,16,-1,1,18,2,17,0,1,0,0,0,0,0,0,0,1,0,0,0,0,1,0,0,0,1,0,0,0,0,0,0,0,1,202,4.4,16.35,0.29,0.14,0.05
"Apr 11, 2018 12:00 PM",1,0,1,0,5,3,11.6,11.6,-1,0,17,2,12,0,0,1,0,0,0,0,0,1,0,0,0,0,0,1,0,0,0,1,0,0,0,0,0,1,0,0,202,4.4,16.35,0.29,0.14,0.05
"Apr 11, 2018  1:00 PM",10,8,2,2,11,3,11.6,116,-1,0,17,2,13,0,0,1,0,0,0,0,0,1,0,0,0,0,0,1,0,0,0,1,0,0,0,0,0,0,0,0,202,4.4,16.35,0.29,0.14,0.05
"Apr 11, 2018  2:00 PM",6,6,2,3,9,3,11.6,69.6,-1,0,17,2,14,0,0,1,0,0,0,0,0,1,0,0,0,0,0,1,0,0,0,1,0,0,0,0,0,0,0,0,202,4.4,16.35,0.29,0.14,0.05
"Apr 11, 2018  3:00 PM",5,3,1,11,10,3,11.6,58,-1,0,17,2,15,0,0,1,0,0,0,0,0,1,0,0,0,0,0,1,0,0,0,1,0,0,0,0,0,0,0,0,202,4.4,16.35,0.29,0.14,0.05
"Apr 11, 2018  4:00 PM",3,3,2,3,23,3,11.6,34.8,-1,0,17,2,16,0,0,1,0,0,0,0,0,0,1,0,0,0,0,1,0,0,0,1,0,0,0,0,0,0,0,0,202,4.4,16.35,0.29,0.14,0.05
"Apr 11, 2018  5:00 PM",0,1,0,0,0,3,11.6,0,-1,0,17,2,17,0,0,1,0,0,0,0,0,0,1,0,0,0,0,1,0,0,0,1,0,0,0,0,0,0,0,1,202,4.4,16.35,0.29,0.14,0.05
"Apr 12, 2018  1:00 PM",6,3,1,14,6,4,8.2,49.2,1,6,16,2,13,0,0,0,1,0,0,0,0,1,0,0,0,0,0,1,1,0,0,0,0,0,0,0,0,1,0,0,202,4.4,16.35,0.29,0.14,0.05
"Apr 12, 2018  2:00 PM",4,7,1,14,8,4,8.2,32.8,1,6,16,2,14,0,0,0,1,0,0,0,0,1,0,0,0,0,0,1,1,0,0,0,0,0,0,0,0,0,0,0,202,4.4,16.35,0.29,0.14,0.05
"Apr 12, 2018  3:00 PM",1,0,0,5,0,4,8.2,8.2,1,6,16,2,15,0,0,0,1,0,0,0,0,1,0,0,0,0,0,1,1,0,0,0,0,0,0,0,0,0,0,0,202,4.4,16.35,0.29,0.14,0.05
"Apr 12, 2018  4:00 PM",9,6,2,10,8,4,8.2,73.8,1,6,16,2,16,0,0,0,1,0,0,0,0,0,1,0,0,0,0,1,1,0,0,0,0,0,0,0,0,0,0,0,202,4.4,16.35,0.29,0.14,0.05
"Apr 12, 2018  5:00 PM",9,10,2,12,9,4,8.2,73.8,1,6,16,2,17,0,0,0,1,0,0,0,0,0,1,0,0,0,0,1,1,0,0,0,0,0,0,0,0,0,0,0,202,4.4,16.35,0.29,0.14,0.05
"Apr 12, 2018  6:00 PM",0,3,1,0,10,4,8.2,0,1,6,16,2,18,0,0,0,1,0,0,0,0,0,1,0,0,0,0,1,1,0,0,0,0,0,0,0,0,0,0,1,202,4.4,16.35,0.29,0.14,0.05
"Apr 13, 2018  3:00 PM",14,3,1,71,10,5,8.66666666666667,121.333333333333,2,5,15,2,15,0,0,0,0,1,0,0,0,1,0,0,0,0,1,0,0,1,0,0,0,0,0,0,0,1,0,0,202,4.4,16.35,0.29,0.14,0.05
"Apr 13, 2018  4:00 PM",3,5,1,179,12,5,8.66666666666667,26,2,5,15,2,16,0,0,0,0,1,0,0,0,0,1,0,0,0,1,0,0,1,0,0,0,0,0,0,0,0,0,0,202,4.4,16.35,0.29,0.14,0.05
"Apr 13, 2018  5:00 PM",0,3,1,0,4,5,8.66666666666667,0,2,5,15,2,17,0,0,0,0,1,0,0,0,0,1,0,0,0,1,0,0,1,0,0,0,0,0,0,0,0,0,0,202,4.4,16.35,0.29,0.14,0.05
"Apr 13, 2018  7:00 PM",0,3,1,0,0,5,8.66666666666667,0,2,5,15,2,19,0,0,0,0,1,0,0,0,0,1,0,0,0,1,0,0,1,0,0,0,0,0,0,0,0,0,1,202,4.4,16.35,0.29,0.14,0.05
"Apr 15, 2018  2:00 PM",21,4,1,80,13,0,12.6,264.6,4,3,13,2,14,0,0,0,0,0,0,1,0,1,0,0,0,1,0,0,0,0,1,0,0,0,0,0,0,1,0,0,202,4.4,16.35,0.29,0.14,0.05
"Apr 15, 2018  3:00 PM",6,6,2,98,15,0,12.6,75.6,4,3,13,2,15,0,0,0,0,0,0,1,0,1,0,0,0,1,0,0,0,0,1,0,0,0,0,0,0,0,0,0,202,4.4,16.35,0.29,0.14,0.05
"Apr 15, 2018  4:00 PM",5,7,2,107,19,0,12.6,63,4,3,13,2,16,0,0,0,0,0,0,1,0,0,1,0,0,1,0,0,0,0,1,0,0,0,0,0,0,0,0,0,202,4.4,16.35,0.29,0.14,0.05
"Apr 15, 2018  5:00 PM",0,7,2,0,14,0,12.6,0,4,3,13,2,17,0,0,0,0,0,0,1,0,0,1,0,0,1,0,0,0,0,1,0,0,0,0,0,0,0,0,0,202,4.4,16.35,0.29,0.14,0.05
"Apr 15, 2018  6:00 PM",0,4,1,0,2,0,12.6,0,4,3,13,2,18,0,0,0,0,0,0,1,0,0,1,0,0,1,0,0,0,0,1,0,0,0,0,0,0,0,0,1,202,4.4,16.35,0.29,0.14,0.05
"Apr 16, 2018  1:00 PM",18,0,1,78,8,1,13.25,238.5,5,2,12,3,13,1,0,0,0,0,0,0,0,1,0,0,0,1,0,0,0,0,1,0,0,0,0,0,0,1,0,0,202,4.4,16.35,0.29,0.14,0.05
"Apr 16, 2018  2:00 PM",10,4,2,113,17,1,13.25,132.5,5,2,12,3,14,1,0,0,0,0,0,0,0,1,0,0,0,1,0,0,0,0,1,0,0,0,0,0,0,0,0,0,202,4.4,16.35,0.29,0.14,0.05
"Apr 16, 2018  3:00 PM",6,8,2,91,23,1,13.25,79.5,5,2,12,3,15,1,0,0,0,0,0,0,0,1,0,0,0,1,0,0,0,0,1,0,0,0,0,0,0,0,0,0,202,4.4,16.35,0.29,0.14,0.05
"Apr 16, 2018  4:00 PM",10,14,2,112,14,1,13.25,132.5,5,2,12,3,16,1,0,0,0,0,0,0,0,0,1,0,0,1,0,0,0,0,1,0,0,0,0,0,0,0,0,0,202,4.4,16.35,0.29,0.14,0.05
"Apr 16, 2018  5:00 PM",7,3,2,92,21,1,13.25,92.75,5,2,12,3,17,1,0,0,0,0,0,0,0,0,1,0,0,1,0,0,0,0,1,0,0,0,0,0,0,0,0,0,202,4.4,16.35,0.29,0.14,0.05
"Apr 16, 2018  6:00 PM",6,8,2,85,3,1,13.25,79.5,5,2,12,3,18,1,0,0,0,0,0,0,0,0,1,0,0,1,0,0,0,0,1,0,0,0,0,0,0,0,0,0,202,4.4,16.35,0.29,0.14,0.05
"Apr 16, 2018  7:00 PM",12,15,3,20,14,1,13.25,159,5,2,12,3,19,1,0,0,0,0,0,0,0,0,1,0,0,1,0,0,0,0,1,0,0,0,0,0,0,0,0,0,202,4.4,16.35,0.29,0.14,0.05
"Apr 16, 2018  8:00 PM",7,11,3,18,6,1,13.25,92.75,5,2,12,3,20,1,0,0,0,0,0,0,0,0,0,1,0,1,0,0,0,0,1,0,0,0,0,0,0,0,0,1,202,4.4,16.35,0.29,0.14,0.05
"Apr 17, 2018 10:00 AM",2,0,1,27,49,2,25.25,50.5,6,1,11,3,10,0,1,0,0,0,0,0,1,0,0,0,1,0,0,0,0,0,0,1,0,0,0,0,0,1,0,0,202,4.4,16.35,0.29,0.14,0.05
"Apr 17, 2018 11:00 AM",0,2,0,0,0,2,25.25,0,6,1,11,3,11,0,1,0,0,0,0,0,1,0,0,0,1,0,0,0,0,0,0,1,0,0,0,0,0,0,1,0,202,4.4,16.35,0.29,0.14,0.05
"Apr 17, 2018  3:00 PM",5,4,2,17,9,2,25.25,126.25,6,1,11,3,15,0,1,0,0,0,0,0,0,1,0,0,1,0,0,0,0,0,0,1,0,0,0,0,0,1,0,0,202,4.4,16.35,0.29,0.14,0.05
"Apr 17, 2018  4:00 PM",5,3,3,2,17,2,25.25,126.25,6,1,11,3,16,0,1,0,0,0,0,0,0,0,1,0,1,0,0,0,0,0,0,1,0,0,0,0,0,0,0,0,202,4.4,16.35,0.29,0.14,0.05
"Apr 17, 2018  5:00 PM",7,6,3,11,26,2,25.25,176.75,6,1,11,3,17,0,1,0,0,0,0,0,0,0,1,0,1,0,0,0,0,0,0,1,0,0,0,0,0,0,0,0,202,4.4,16.35,0.29,0.14,0.05
"Apr 17, 2018  6:00 PM",0,3,1,0,0,2,25.25,0,6,1,11,3,18,0,1,0,0,0,0,0,0,0,1,0,1,0,0,0,0,0,0,1,0,0,0,0,0,0,0,1,202,4.4,16.35,0.29,0.14,0.05
"Apr 18, 2018 12:00 PM",5,1,2,6,16,3,15.3333333333333,76.6666666666667,7,0,10,3,12,0,0,1,0,0,0,0,0,1,0,0,1,0,0,0,0,0,0,1,1,0,0,0,0,1,0,0,202,4.4,16.35,0.29,0.14,0.05
"Apr 18, 2018  1:00 PM",12,11,3,14,11,3,15.3333333333333,184,7,0,10,3,13,0,0,1,0,0,0,0,0,1,0,0,1,0,0,0,0,0,0,1,1,0,0,0,0,0,0,0,202,4.4,16.35,0.29,0.14,0.05
"Apr 18, 2018  2:00 PM",11,11,2,10,6,3,15.3333333333333,168.666666666667,7,0,10,3,14,0,0,1,0,0,0,0,0,1,0,0,1,0,0,0,0,0,0,1,1,0,0,0,0,0,0,0,202,4.4,16.35,0.29,0.14,0.05
"Apr 18, 2018  3:00 PM",6,5,3,39,14,3,15.3333333333333,92,7,0,10,3,15,0,0,1,0,0,0,0,0,1,0,0,1,0,0,0,0,0,0,1,1,0,0,0,0,0,0,0,202,4.4,16.35,0.29,0.14,0.05
"Apr 18, 2018  4:00 PM",3,6,2,28,11,3,15.3333333333333,46,7,0,10,3,16,0,0,1,0,0,0,0,0,0,1,0,1,0,0,0,0,0,0,1,1,0,0,0,0,0,0,0,202,4.4,16.35,0.29,0.14,0.05
"Apr 18, 2018  5:00 PM",4,3,1,30,12,3,15.3333333333333,61.3333333333333,7,0,10,3,17,0,0,1,0,0,0,0,0,0,1,0,1,0,0,0,0,0,0,1,1,0,0,0,0,0,0,0,202,4.4,16.35,0.29,0.14,0.05
"Apr 18, 2018  6:00 PM",4,3,1,38,19,3,15.3333333333333,61.3333333333333,7,0,10,3,18,0,0,1,0,0,0,0,0,0,1,0,1,0,0,0,0,0,0,1,1,0,0,0,0,0,0,0,202,4.4,16.35,0.29,0.14,0.05
"Apr 18, 2018  7:00 PM",2,2,1,39,15,3,15.3333333333333,30.6666666666667,7,0,10,3,19,0,0,1,0,0,0,0,0,0,1,0,1,0,0,0,0,0,0,1,1,0,0,0,0,0,0,0,202,4.4,16.35,0.29,0.14,0.05
"Apr 18, 2018  8:00 PM",1,4,1,0,34,3,15.3333333333333,15.3333333333333,7,0,10,3,20,0,0,1,0,0,0,0,0,0,0,1,1,0,0,0,0,0,0,1,1,0,0,0,0,0,0,1,202,4.4,16.35,0.29,0.14,0.05
"Apr 19, 2018  1:00 PM",6,1,1,33,18,4,14.8,88.8,1,7,9,3,13,0,0,0,1,0,0,0,0,1,0,0,0,0,0,1,1,0,0,0,1,0,0,0,0,1,0,0,202,4.4,16.35,0.29,0.14,0.05
"Apr 19, 2018  2:00 PM",4,3,1,54,18,4,14.8,59.2,1,7,9,3,14,0,0,0,1,0,0,0,0,1,0,0,0,0,0,1,1,0,0,0,1,0,0,0,0,0,0,0,202,4.4,16.35,0.29,0.14,0.05
"Apr 19, 2018  3:00 PM",1,5,1,7,15,4,14.8,14.8,1,7,9,3,15,0,0,0,1,0,0,0,0,1,0,0,0,0,0,1,1,0,0,0,1,0,0,0,0,0,0,0,202,4.4,16.35,0.29,0.14,0.05
"Apr 19, 2018  4:00 PM",6,3,2,10,15,4,14.8,88.8,1,7,9,3,16,0,0,0,1,0,0,0,0,0,1,0,0,0,0,1,1,0,0,0,1,0,0,0,0,0,0,0,202,4.4,16.35,0.29,0.14,0.05
"Apr 19, 2018  5:00 PM",2,6,1,16,8,4,14.8,29.6,1,7,9,3,17,0,0,0,1,0,0,0,0,0,1,0,0,0,0,1,1,0,0,0,1,0,0,0,0,0,0,1,202,4.4,16.35,0.29,0.14,0.05
"Apr 20, 2018  3:00 PM",17,4,2,45,18,5,12.3333333333333,209.666666666667,2,6,8,3,15,0,0,0,0,1,0,0,0,1,0,0,0,0,1,0,1,0,0,0,1,0,0,0,0,1,0,0,202,4.4,16.35,0.29,0.14,0.05
"Apr 20, 2018  4:00 PM",6,10,2,30,16,5,12.3333333333333,74,2,6,8,3,16,0,0,0,0,1,0,0,0,0,1,0,0,0,1,0,1,0,0,0,1,0,0,0,0,0,0,0,202,4.4,16.35,0.29,0.14,0.05
"Apr 20, 2018  5:00 PM",0,7,1,0,3,5,12.3333333333333,0,2,6,8,3,17,0,0,0,0,1,0,0,0,0,1,0,0,0,1,0,1,0,0,0,1,0,0,0,0,0,0,1,202,4.4,16.35,0.29,0.14,0.05
"Apr 22, 2018  2:00 PM",32,6,1,91,8,0,16.6,531.2,4,4,6,3,14,0,0,0,0,0,0,1,0,1,0,0,0,1,0,0,0,1,0,0,1,0,0,0,0,1,0,0,202,4.4,16.35,0.29,0.14,0.05
"Apr 22, 2018  3:00 PM",6,10,2,136,10,0,16.6,99.6,4,4,6,3,15,0,0,0,0,0,0,1,0,1,0,0,0,1,0,0,0,1,0,0,1,0,0,0,0,0,0,0,202,4.4,16.35,0.29,0.14,0.05
"Apr 22, 2018  4:00 PM",6,7,2,119,28,0,16.6,99.6,4,4,6,3,16,0,0,0,0,0,0,1,0,0,1,0,0,1,0,0,0,1,0,0,1,0,0,0,0,0,0,0,202,4.4,16.35,0.29,0.14,0.05
"Apr 22, 2018  5:00 PM",0,8,1,0,23,0,16.6,0,4,4,6,3,17,0,0,0,0,0,0,1,0,0,1,0,0,1,0,0,0,1,0,0,1,0,0,0,0,0,0,0,202,4.4,16.35,0.29,0.14,0.05
"Apr 22, 2018  6:00 PM",0,8,1,0,14,0,16.6,0,4,4,6,3,18,0,0,0,0,0,0,1,0,0,1,0,0,1,0,0,0,1,0,0,1,0,0,0,0,0,0,1,202,4.4,16.35,0.29,0.14,0.05
"Apr 23, 2018  1:00 PM",23,0,0,75,0,1,15.2857142857143,351.571428571429,5,3,5,4,13,1,0,0,0,0,0,0,0,1,0,0,0,1,0,0,0,0,1,0,0,1,0,0,0,1,0,0,202,4.4,16.35,0.29,0.14,0.05
"Apr 23, 2018  2:00 PM",10,6,2,143,12,1,15.2857142857143,152.857142857143,5,3,5,4,14,1,0,0,0,0,0,0,0,1,0,0,0,1,0,0,0,0,1,0,0,1,0,0,0,0,0,0,202,4.4,16.35,0.29,0.14,0.05
"Apr 23, 2018  3:00 PM",12,9,2,226,13,1,15.2857142857143,183.428571428571,5,3,5,4,15,1,0,0,0,0,0,0,0,1,0,0,0,1,0,0,0,0,1,0,0,1,0,0,0,0,0,0,202,4.4,16.35,0.29,0.14,0.05
"Apr 23, 2018  4:00 PM",7,7,2,192,21,1,15.2857142857143,107,5,3,5,4,16,1,0,0,0,0,0,0,0,0,1,0,0,1,0,0,0,0,1,0,0,1,0,0,0,0,0,0,202,4.4,16.35,0.29,0.14,0.05
"Apr 23, 2018  5:00 PM",4,6,1,137,11,1,15.2857142857143,61.1428571428571,5,3,5,4,17,1,0,0,0,0,0,0,0,0,1,0,0,1,0,0,0,0,1,0,0,1,0,0,0,0,0,0,202,4.4,16.35,0.29,0.14,0.05
"Apr 23, 2018  6:00 PM",2,0,1,120,13,1,15.2857142857143,30.5714285714286,5,3,5,4,18,1,0,0,0,0,0,0,0,0,1,0,0,1,0,0,0,0,1,0,0,1,0,0,0,0,0,0,202,4.4,16.35,0.29,0.14,0.05
"Apr 23, 2018  7:00 PM",4,8,2,91,26,1,15.2857142857143,61.1428571428571,5,3,5,4,19,1,0,0,0,0,0,0,0,0,1,0,0,1,0,0,0,0,1,0,0,1,0,0,0,0,0,0,202,4.4,16.35,0.29,0.14,0.05
"Apr 23, 2018  8:00 PM",0,11,2,0,11,1,15.2857142857143,0,5,3,5,4,20,1,0,0,0,0,0,0,0,0,0,1,0,1,0,0,0,0,1,0,0,1,0,0,0,0,0,0,202,4.4,16.35,0.29,0.14,0.05
"Apr 23, 2018  9:00 PM",0,2,0,0,0,1,15.2857142857143,0,5,3,5,4,21,1,0,0,0,0,0,0,0,0,0,1,0,1,0,0,0,0,1,0,0,1,0,0,0,0,0,1,202,4.4,16.35,0.29,0.14,0.05
"Apr 24, 2018 10:00 AM",7,4,1,32,11,2,12.6,88.2,6,2,4,4,10,0,1,0,0,0,0,0,1,0,0,0,1,0,0,0,0,0,1,0,0,1,0,0,0,1,0,0,202,4.4,16.35,0.29,0.14,0.05
"Apr 24, 2018 11:00 AM",1,4,1,11,7,2,12.6,12.6,6,2,4,4,11,0,1,0,0,0,0,0,1,0,0,0,1,0,0,0,0,0,1,0,0,1,0,0,0,0,1,0,202,4.4,16.35,0.29,0.14,0.05
"Apr 24, 2018  3:00 PM",6,1,2,3,13,2,12.6,75.6,6,2,4,4,15,0,1,0,0,0,0,0,0,1,0,0,1,0,0,0,0,0,1,0,0,1,0,0,0,1,0,0,202,4.4,16.35,0.29,0.14,0.05
"Apr 24, 2018  4:00 PM",9,9,3,4,18,2,12.6,113.4,6,2,4,4,16,0,1,0,0,0,0,0,0,0,1,0,1,0,0,0,0,0,1,0,0,1,0,0,0,0,0,0,202,4.4,16.35,0.29,0.14,0.05
"Apr 24, 2018  5:00 PM",6,7,3,2,14,2,12.6,75.6,6,2,4,4,17,0,1,0,0,0,0,0,0,0,1,0,1,0,0,0,0,0,1,0,0,1,0,0,0,0,0,0,202,4.4,16.35,0.29,0.14,0.05
"Apr 24, 2018  6:00 PM",0,1,0,0,0,2,12.6,0,6,2,4,4,18,0,1,0,0,0,0,0,0,0,1,0,1,0,0,0,0,0,1,0,0,1,0,0,0,0,0,1,202,4.4,16.35,0.29,0.14,0.05
"Apr 25, 2018 12:00 PM",12,1,2,25,21,3,14.5,174,7,1,3,4,12,0,0,1,0,0,0,0,0,1,0,0,1,0,0,0,0,0,0,1,0,0,1,0,0,1,0,0,202,4.4,16.35,0.29,0.14,0.05
"Apr 25, 2018  1:00 PM",11,10,3,56,19,3,14.5,159.5,7,1,3,4,13,0,0,1,0,0,0,0,0,1,0,0,1,0,0,0,0,0,0,1,0,0,1,0,0,0,0,0,202,4.4,16.35,0.29,0.14,0.05
"Apr 25, 2018  2:00 PM",7,10,2,61,11,3,14.5,101.5,7,1,3,4,14,0,0,1,0,0,0,0,0,1,0,0,1,0,0,0,0,0,0,1,0,0,1,0,0,0,0,0,202,4.4,16.35,0.29,0.14,0.05
"Apr 25, 2018  3:00 PM",11,5,2,83,9,3,14.5,159.5,7,1,3,4,15,0,0,1,0,0,0,0,0,1,0,0,1,0,0,0,0,0,0,1,0,0,1,0,0,0,0,0,202,4.4,16.35,0.29,0.14,0.05
"Apr 25, 2018  4:00 PM",6,6,2,76,10,3,14.5,87,7,1,3,4,16,0,0,1,0,0,0,0,0,0,1,0,1,0,0,0,0,0,0,1,0,0,1,0,0,0,0,0,202,4.4,16.35,0.29,0.14,0.05
"Apr 25, 2018  5:00 PM",5,8,1,14,17,3,14.5,72.5,7,1,3,4,17,0,0,1,0,0,0,0,0,0,1,0,1,0,0,0,0,0,0,1,0,0,1,0,0,0,0,0,202,4.4,16.35,0.29,0.14,0.05
"Apr 25, 2018  6:00 PM",8,7,1,0,0,3,14.5,116,7,1,3,4,18,0,0,1,0,0,0,0,0,0,1,0,1,0,0,0,0,0,0,1,0,0,1,0,0,0,0,1,202,4.4,16.35,0.29,0.14,0.05
"Apr 26, 2018  1:00 PM",16,3,2,33,13,4,11.5,184,8,0,2,4,13,0,0,0,1,0,0,0,0,1,0,0,1,0,0,0,0,0,0,1,0,0,1,0,0,1,0,0,202,4.4,16.35,0.29,0.14,0.05
"Apr 26, 2018  2:00 PM",7,9,2,69,12,4,11.5,80.5,8,0,2,4,14,0,0,0,1,0,0,0,0,1,0,0,1,0,0,0,0,0,0,1,0,0,1,0,0,0,0,0,202,4.4,16.35,0.29,0.14,0.05
"Apr 26, 2018  3:00 PM",3,3,1,105,16,4,11.5,34.5,8,0,2,4,15,0,0,0,1,0,0,0,0,1,0,0,1,0,0,0,0,0,0,1,0,0,1,0,0,0,0,0,202,4.4,16.35,0.29,0.14,0.05
"Apr 26, 2018  4:00 PM",8,3,1,62,15,4,11.5,92,8,0,2,4,16,0,0,0,1,0,0,0,0,0,1,0,1,0,0,0,0,0,0,1,0,0,1,0,0,0,0,0,202,4.4,16.35,0.29,0.14,0.05
"Apr 26, 2018  5:00 PM",0,5,1,0,9,4,11.5,0,8,0,2,4,17,0,0,0,1,0,0,0,0,0,1,0,1,0,0,0,0,0,0,1,0,0,1,0,0,0,0,0,202,4.4,16.35,0.29,0.14,0.05
"Apr 26, 2018  6:00 PM",0,2,1,0,4,4,11.5,0,8,0,2,4,18,0,0,0,1,0,0,0,0,0,1,0,1,0,0,0,0,0,0,1,0,0,1,0,0,0,0,1,202,4.4,16.35,0.29,0.14,0.05
"Apr 27, 2018 10:00 AM",7,3,1,15,13,5,13.8,96.6,1,11,1,4,10,0,0,0,0,1,0,0,1,0,0,0,0,0,0,1,0,0,0,0,0,0,0,1,0,1,0,0,202,4.4,16.35,0.29,0.14,0.05
"Apr 27, 2018 11:00 AM",4,8,1,31,7,5,13.8,55.2,1,11,1,4,11,0,0,0,0,1,0,0,1,0,0,0,0,0,0,1,0,0,0,0,0,0,0,1,0,0,1,0,202,4.4,16.35,0.29,0.14,0.05
"Apr 27, 2018  3:00 PM",14,4,2,48,15,5,13.8,193.2,1,11,1,4,15,0,0,0,0,1,0,0,0,1,0,0,0,0,0,1,0,0,0,0,0,0,0,1,0,1,0,0,202,4.4,16.35,0.29,0.14,0.05
"Apr 27, 2018  4:00 PM",2,6,2,72,20,5,13.8,27.6,1,11,1,4,16,0,0,0,0,1,0,0,0,0,1,0,0,0,0,1,0,0,0,0,0,0,0,1,0,0,0,0,202,4.4,16.35,0.29,0.14,0.05
"Apr 27, 2018  5:00 PM",0,5,2,0,14,5,13.8,0,1,11,1,4,17,0,0,0,0,1,0,0,0,0,1,0,0,0,0,1,0,0,0,0,0,0,0,1,0,0,0,1,202,4.4,16.35,0.29,0.14,0.05
"Apr 29, 2018  2:00 PM",29,1,1,153,14,0,20.4,591.6,3,9,26,4,14,0,0,0,0,0,0,1,0,1,0,0,0,0,1,0,1,0,0,0,0,0,0,0,0,1,0,0,202,4.4,16.35,0.29,0.14,0.05
"Apr 29, 2018  3:00 PM",8,4,1,204,61,0,20.4,163.2,3,9,26,4,15,0,0,0,0,0,0,1,0,1,0,0,0,0,1,0,1,0,0,0,0,0,0,0,0,0,0,0,202,4.4,16.35,0.29,0.14,0.05
"Apr 29, 2018  4:00 PM",0,5,1,0,13,0,20.4,0,3,9,26,4,16,0,0,0,0,0,0,1,0,0,1,0,0,0,1,0,1,0,0,0,0,0,0,0,0,0,0,0,202,4.4,16.35,0.29,0.14,0.05
"Apr 29, 2018  5:00 PM",2,5,1,121,11,0,20.4,40.8,3,9,26,4,17,0,0,0,0,0,0,1,0,0,1,0,0,0,1,0,1,0,0,0,0,0,0,0,0,0,0,0,202,4.4,16.35,0.29,0.14,0.05
"Apr 29, 2018  6:00 PM",0,17,1,0,3,0,20.4,0,3,9,26,4,18,0,0,0,0,0,0,1,0,0,1,0,0,0,1,0,1,0,0,0,0,0,0,0,0,0,0,0,202,4.4,16.35,0.29,0.14,0.05
"Apr 29, 2018  7:00 PM",0,4,1,0,0,0,20.4,0,3,9,26,4,19,0,0,0,0,0,0,1,0,0,1,0,0,0,1,0,1,0,0,0,0,0,0,0,0,0,0,1,202,4.4,16.35,0.29,0.14,0.05
"Apr 30, 2018  1:00 PM",31,0,1,111,25,1,14.75,457.25,4,8,25,5,13,1,0,0,0,0,0,0,0,1,0,0,0,1,0,0,1,0,0,0,0,0,0,0,0,1,0,0,202,4.4,16.35,0.29,0.14,0.05
"Apr 30, 2018  2:00 PM",10,5,3,224,20,1,14.75,147.5,4,8,25,5,14,1,0,0,0,0,0,0,0,1,0,0,0,1,0,0,1,0,0,0,0,0,0,0,0,0,0,0,202,4.4,16.35,0.29,0.14,0.05
"Apr 30, 2018  3:00 PM",11,8,3,208,20,1,14.75,162.25,4,8,25,5,15,1,0,0,0,0,0,0,0,1,0,0,0,1,0,0,1,0,0,0,0,0,0,0,0,0,0,0,202,4.4,16.35,0.29,0.14,0.05
"Apr 30, 2018  4:00 PM",8,10,2,197,11,1,14.75,118,4,8,25,5,16,1,0,0,0,0,0,0,0,0,1,0,0,1,0,0,1,0,0,0,0,0,0,0,0,0,0,0,202,4.4,16.35,0.29,0.14,0.05
"Apr 30, 2018  5:00 PM",5,6,1,176,10,1,14.75,73.75,4,8,25,5,17,1,0,0,0,0,0,0,0,0,1,0,0,1,0,0,1,0,0,0,0,0,0,0,0,0,0,0,202,4.4,16.35,0.29,0.14,0.05
"Apr 30, 2018  6:00 PM",5,9,2,0,16,1,14.75,73.75,4,8,25,5,18,1,0,0,0,0,0,0,0,0,1,0,0,1,0,0,1,0,0,0,0,0,0,0,0,0,0,0,202,4.4,16.35,0.29,0.14,0.05
"Apr 30, 2018  7:00 PM",0,11,2,0,7,1,14.75,0,4,8,25,5,19,1,0,0,0,0,0,0,0,0,1,0,0,1,0,0,1,0,0,0,0,0,0,0,0,0,0,0,202,4.4,16.35,0.29,0.14,0.05
"Apr 30, 2018  8:00 PM",0,4,1,0,9,1,14.75,0,4,8,25,5,20,1,0,0,0,0,0,0,0,0,0,1,0,1,0,0,1,0,0,0,0,0,0,0,0,0,0,1,202,4.4,16.35,0.29,0.14,0.05
"May 1, 2018 10:00 AM",7,0,1,56,22,2,15.5714285714286,109,5,7,24,5,10,0,1,0,0,0,0,0,1,0,0,0,0,1,0,0,1,0,0,0,0,0,0,0,0,1,0,0,202,4.4,16.35,0.29,0.14,0.05
"May 1, 2018 11:00 AM",4,4,1,0,18,2,15.5714285714286,62.2857142857143,5,7,24,5,11,0,1,0,0,0,0,0,1,0,0,0,0,1,0,0,1,0,0,0,0,0,0,0,0,0,0,0,202,4.4,16.35,0.29,0.14,0.05
"May 1, 2018 12:00 PM",0,2,1,0,15,2,15.5714285714286,0,5,7,24,5,12,0,1,0,0,0,0,0,0,1,0,0,0,1,0,0,1,0,0,0,0,0,0,0,0,0,1,0,202,4.4,16.35,0.29,0.14,0.05
"May 1, 2018  3:00 PM",12,1,1,45,13,2,15.5714285714286,186.857142857143,5,7,24,5,15,0,1,0,0,0,0,0,0,1,0,0,0,1,0,0,1,0,0,0,0,0,0,0,0,1,0,0,202,4.4,16.35,0.29,0.14,0.05
"May 1, 2018  4:00 PM",6,8,2,67,17,2,15.5714285714286,93.4285714285714,5,7,24,5,16,0,1,0,0,0,0,0,0,0,1,0,0,1,0,0,1,0,0,0,0,0,0,0,0,0,0,0,202,4.4,16.35,0.29,0.14,0.05
"May 1, 2018  5:00 PM",3,7,2,47,11,2,15.5714285714286,46.7142857142857,5,7,24,5,17,0,1,0,0,0,0,0,0,0,1,0,0,1,0,0,1,0,0,0,0,0,0,0,0,0,0,0,202,4.4,16.35,0.29,0.14,0.05
"May 1, 2018  6:00 PM",0,5,2,0,13,2,15.5714285714286,0,5,7,24,5,18,0,1,0,0,0,0,0,0,0,1,0,0,1,0,0,1,0,0,0,0,0,0,0,0,0,0,1,202,4.4,16.35,0.29,0.14,0.05
"May 2, 2018 12:00 PM",18,2,2,28,10,3,23.1428571428571,416.571428571429,6,6,23,5,12,0,0,1,0,0,0,0,0,1,0,0,1,0,0,0,1,0,0,0,0,0,0,0,0,1,0,0,202,4.4,16.35,0.29,0.14,0.05
"May 2, 2018  1:00 PM",14,11,3,72,17,3,23.1428571428571,324,6,6,23,5,13,0,0,1,0,0,0,0,0,1,0,0,1,0,0,0,1,0,0,0,0,0,0,0,0,0,0,0,202,4.4,16.35,0.29,0.14,0.05
"May 2, 2018  2:00 PM",11,9,4,75,15,3,23.1428571428571,254.571428571429,6,6,23,5,14,0,0,1,0,0,0,0,0,1,0,0,1,0,0,0,1,0,0,0,0,0,0,0,0,0,0,0,202,4.4,16.35,0.29,0.14,0.05
"May 2, 2018  3:00 PM",11,9,3,53,20,3,23.1428571428571,254.571428571429,6,6,23,5,15,0,0,1,0,0,0,0,0,1,0,0,1,0,0,0,1,0,0,0,0,0,0,0,0,0,0,0,202,4.4,16.35,0.29,0.14,0.05
"May 2, 2018  4:00 PM",10,11,3,44,28,3,23.1428571428571,231.428571428571,6,6,23,5,16,0,0,1,0,0,0,0,0,0,1,0,1,0,0,0,1,0,0,0,0,0,0,0,0,0,0,0,202,4.4,16.35,0.29,0.14,0.05
"May 2, 2018  5:00 PM",16,5,1,56,15,3,23.1428571428571,370.285714285714,6,6,23,5,17,0,0,1,0,0,0,0,0,0,1,0,1,0,0,0,1,0,0,0,0,0,0,0,0,0,0,0,202,4.4,16.35,0.29,0.14,0.05
"May 2, 2018  6:00 PM",7,4,1,0,57,3,23.1428571428571,162,6,6,23,5,18,0,0,1,0,0,0,0,0,0,1,0,1,0,0,0,1,0,0,0,0,0,0,0,0,0,0,0,202,4.4,16.35,0.29,0.14,0.05
"May 2, 2018  7:00 PM",0,1,0,0,0,3,23.1428571428571,0,6,6,23,5,19,0,0,1,0,0,0,0,0,0,1,0,1,0,0,0,1,0,0,0,0,0,0,0,0,0,0,1,202,4.4,16.35,0.29,0.14,0.05
"May 3, 2018 10:00 AM",1,1,1,0,18,4,17.8333333333333,17.8333333333333,7,5,22,5,10,0,0,0,1,0,0,0,1,0,0,0,1,0,0,0,0,1,0,0,0,0,0,0,0,1,1,0,202,4.4,16.35,0.29,0.14,0.05
"May 3, 2018  1:00 PM",9,2,2,30,15,4,17.8333333333333,160.5,7,5,22,5,13,0,0,0,1,0,0,0,0,1,0,0,1,0,0,0,0,1,0,0,0,0,0,0,0,1,0,0,202,4.4,16.35,0.29,0.14,0.05
"May 3, 2018  2:00 PM",11,9,2,34,23,4,17.8333333333333,196.166666666667,7,5,22,5,14,0,0,0,1,0,0,0,0,1,0,0,1,0,0,0,0,1,0,0,0,0,0,0,0,0,0,0,202,4.4,16.35,0.29,0.14,0.05
"May 3, 2018  3:00 PM",11,7,2,166,16,4,17.8333333333333,196.166666666667,7,5,22,5,15,0,0,0,1,0,0,0,0,1,0,0,1,0,0,0,0,1,0,0,0,0,0,0,0,0,0,0,202,4.4,16.35,0.29,0.14,0.05
"May 3, 2018  4:00 PM",9,9,3,31,23,4,17.8333333333333,160.5,7,5,22,5,16,0,0,0,1,0,0,0,0,0,1,0,1,0,0,0,0,1,0,0,0,0,0,0,0,0,0,0,202,4.4,16.35,0.29,0.14,0.05
"May 3, 2018  5:00 PM",8,12,2,16,12,4,17.8333333333333,142.666666666667,7,5,22,5,17,0,0,0,1,0,0,0,0,0,1,0,1,0,0,0,0,1,0,0,0,0,0,0,0,0,0,0,202,4.4,16.35,0.29,0.14,0.05
"May 3, 2018  6:00 PM",0,3,0,0,0,4,17.8333333333333,0,7,5,22,5,18,0,0,0,1,0,0,0,0,0,1,0,1,0,0,0,0,1,0,0,0,0,0,0,0,0,0,1,202,4.4,16.35,0.29,0.14,0.05
"May 4, 2018  3:00 PM",23,4,2,62,23,5,14.3333333333333,329.666666666667,8,4,21,5,15,0,0,0,0,1,0,0,0,1,0,0,1,0,0,0,0,1,0,0,0,0,0,0,0,1,0,0,202,4.4,16.35,0.29,0.14,0.05
"May 4, 2018  4:00 PM",1,11,2,0,13,5,14.3333333333333,14.3333333333333,8,4,21,5,16,0,0,0,0,1,0,0,0,0,1,0,1,0,0,0,0,1,0,0,0,0,0,0,0,0,0,0,202,4.4,16.35,0.29,0.14,0.05
"May 4, 2018  5:00 PM",0,6,1,0,7,5,14.3333333333333,0,8,4,21,5,17,0,0,0,0,1,0,0,0,0,1,0,1,0,0,0,0,1,0,0,0,0,0,0,0,0,0,1,202,4.4,16.35,0.29,0.14,0.05
"May 6, 2018  2:00 PM",35,5,2,117,12,0,16.6,581,10,2,19,5,14,0,0,0,0,0,0,1,0,1,0,0,1,0,0,0,0,0,1,0,0,0,0,0,0,1,0,0,202,4.4,16.35,0.29,0.14,0.05
"May 6, 2018  3:00 PM",1,9,2,214,13,0,16.6,16.6,10,2,19,5,15,0,0,0,0,0,0,1,0,1,0,0,1,0,0,0,0,0,1,0,0,0,0,0,0,0,0,0,202,4.4,16.35,0.29,0.14,0.05
"May 6, 2018  4:00 PM",0,8,2,0,27,0,16.6,0,10,2,19,5,16,0,0,0,0,0,0,1,0,0,1,0,1,0,0,0,0,0,1,0,0,0,0,0,0,0,0,0,202,4.4,16.35,0.29,0.14,0.05
"May 6, 2018  5:00 PM",0,5,1,0,23,0,16.6,0,10,2,19,5,17,0,0,0,0,0,0,1,0,0,1,0,1,0,0,0,0,0,1,0,0,0,0,0,0,0,0,0,202,4.4,16.35,0.29,0.14,0.05
"May 6, 2018  6:00 PM",0,8,1,0,8,0,16.6,0,10,2,19,5,18,0,0,0,0,0,0,1,0,0,1,0,1,0,0,0,0,0,1,0,0,0,0,0,0,0,0,1,202,4.4,16.35,0.29,0.14,0.05
"May 7, 2018  1:00 PM",35,0,1,149,21,1,21,735,11,1,18,6,13,1,0,0,0,0,0,0,0,1,0,0,0,0,0,0,0,0,0,1,0,0,0,0,0,1,0,0,202,4.4,16.35,0.29,0.14,0.05
"May 7, 2018  2:00 PM",13,7,2,322,13,1,21,273,11,1,18,6,14,1,0,0,0,0,0,0,0,1,0,0,0,0,0,0,0,0,0,1,0,0,0,0,0,0,0,0,202,4.4,16.35,0.29,0.14,0.05
"May 7, 2018  3:00 PM",7,6,2,529,19,1,21,147,11,1,18,6,15,1,0,0,0,0,0,0,0,1,0,0,0,0,0,0,0,0,0,1,0,0,0,0,0,0,0,0,202,4.4,16.35,0.29,0.14,0.05
"May 7, 2018  4:00 PM",9,7,2,0,13,1,21,189,11,1,18,6,16,1,0,0,0,0,0,0,0,0,1,0,0,0,0,0,0,0,0,1,0,0,0,0,0,0,0,0,202,4.4,16.35,0.29,0.14,0.05
"May 7, 2018  5:00 PM",2,3,2,0,26,1,21,42,11,1,18,6,17,1,0,0,0,0,0,0,0,0,1,0,0,0,0,0,0,0,0,1,0,0,0,0,0,0,0,0,202,4.4,16.35,0.29,0.14,0.05
"May 7, 2018  6:00 PM",3,4,2,989,20,1,21,63,11,1,18,6,18,1,0,0,0,0,0,0,0,0,1,0,0,0,0,0,0,0,0,1,0,0,0,0,0,0,0,0,202,4.4,16.35,0.29,0.14,0.05
"May 7, 2018  7:00 PM",0,8,3,0,21,1,21,0,11,1,18,6,19,1,0,0,0,0,0,0,0,0,1,0,0,0,0,0,0,0,0,1,0,0,0,0,0,0,0,0,202,4.4,16.35,0.29,0.14,0.05
"May 7, 2018  8:00 PM",0,5,2,0,35,1,21,0,11,1,18,6,20,1,0,0,0,0,0,0,0,0,0,1,0,0,0,0,0,0,0,1,0,0,0,0,0,0,0,0,202,4.4,16.35,0.29,0.14,0.05
"May 7, 2018  9:00 PM",0,3,0,0,0,1,21,0,11,1,18,6,21,1,0,0,0,0,0,0,0,0,0,1,0,0,0,0,0,0,0,1,0,0,0,0,0,0,0,1,202,4.4,16.35,0.29,0.14,0.05
"May 8, 2018 10:00 AM",9,1,1,75,50,2,24.125,217.125,12,0,17,6,10,0,1,0,0,0,0,0,1,0,0,0,0,0,0,0,0,0,0,1,0,0,0,0,0,1,0,0,202,4.4,16.35,0.29,0.14,0.05
"May 8, 2018 11:00 AM",6,7,1,191,17,2,24.125,144.75,12,0,17,6,11,0,1,0,0,0,0,0,1,0,0,0,0,0,0,0,0,0,0,1,0,0,0,0,0,0,0,0,202,4.4,16.35,0.29,0.14,0.05
"May 8, 2018 12:00 PM",6,1,0,122,0,2,24.125,144.75,12,0,17,6,12,0,1,0,0,0,0,0,0,1,0,0,0,0,0,0,0,0,0,1,0,0,0,0,0,0,0,0,202,4.4,16.35,0.29,0.14,0.05
"May 8, 2018  1:00 PM",4,0,1,132,6,2,24.125,96.5,12,0,17,6,13,0,1,0,0,0,0,0,0,1,0,0,0,0,0,0,0,0,0,1,0,0,0,0,0,0,0,0,202,4.4,16.35,0.29,0.14,0.05
"May 8, 2018  2:00 PM",7,4,1,118,27,2,24.125,168.875,12,0,17,6,14,0,1,0,0,0,0,0,0,1,0,0,0,0,0,0,0,0,0,1,0,0,0,0,0,0,0,0,202,4.4,16.35,0.29,0.14,0.05
"May 8, 2018  3:00 PM",11,5,2,120,62,2,24.125,265.375,12,0,17,6,15,0,1,0,0,0,0,0,0,1,0,0,0,0,0,0,0,0,0,1,0,0,0,0,0,0,0,0,202,4.4,16.35,0.29,0.14,0.05
"May 8, 2018  4:00 PM",6,6,2,106,18,2,24.125,144.75,12,0,17,6,16,0,1,0,0,0,0,0,0,0,1,0,0,0,0,0,0,0,0,1,0,0,0,0,0,0,0,0,202,4.4,16.35,0.29,0.14,0.05
"May 8, 2018  5:00 PM",0,10,2,0,10,2,24.125,0,12,0,17,6,17,0,1,0,0,0,0,0,0,0,1,0,0,0,0,0,0,0,0,1,0,0,0,0,0,0,0,0,202,4.4,16.35,0.29,0.14,0.05
"May 8, 2018  6:00 PM",0,8,2,0,3,2,24.125,0,12,0,17,6,18,0,1,0,0,0,0,0,0,0,1,0,0,0,0,0,0,0,0,1,0,0,0,0,0,0,0,1,202,4.4,16.35,0.29,0.14,0.05
"May 9, 2018 12:00 PM",24,0,2,50,19,3,17.125,411,1,6,16,6,12,0,0,1,0,0,0,0,0,1,0,0,0,0,0,1,1,0,0,0,0,0,0,0,0,1,0,0,202,4.4,16.35,0.29,0.14,0.05
"May 9, 2018  1:00 PM",16,8,4,111,19,3,17.125,274,1,6,16,6,13,0,0,1,0,0,0,0,0,1,0,0,0,0,0,1,1,0,0,0,0,0,0,0,0,0,0,0,202,4.4,16.35,0.29,0.14,0.05
"May 9, 2018  2:00 PM",11,11,4,151,24,3,17.125,188.375,1,6,16,6,14,0,0,1,0,0,0,0,0,1,0,0,0,0,0,1,1,0,0,0,0,0,0,0,0,0,0,0,202,4.4,16.35,0.29,0.14,0.05
"May 9, 2018  3:00 PM",13,10,3,168,14,3,17.125,222.625,1,6,16,6,15,0,0,1,0,0,0,0,0,1,0,0,0,0,0,1,1,0,0,0,0,0,0,0,0,0,0,0,202,4.4,16.35,0.29,0.14,0.05
"May 9, 2018  4:00 PM",8,7,2,191,28,3,17.125,137,1,6,16,6,16,0,0,1,0,0,0,0,0,0,1,0,0,0,0,1,1,0,0,0,0,0,0,0,0,0,0,0,202,4.4,16.35,0.29,0.14,0.05
"May 9, 2018  5:00 PM",3,7,2,0,16,3,17.125,51.375,1,6,16,6,17,0,0,1,0,0,0,0,0,0,1,0,0,0,0,1,1,0,0,0,0,0,0,0,0,0,0,0,202,4.4,16.35,0.29,0.14,0.05
"May 9, 2018  6:00 PM",3,5,2,0,7,3,17.125,51.375,1,6,16,6,18,0,0,1,0,0,0,0,0,0,1,0,0,0,0,1,1,0,0,0,0,0,0,0,0,0,0,0,202,4.4,16.35,0.29,0.14,0.05
"May 9, 2018  7:00 PM",0,3,2,0,10,3,17.125,0,1,6,16,6,19,0,0,1,0,0,0,0,0,0,1,0,0,0,0,1,1,0,0,0,0,0,0,0,0,0,0,1,202,4.4,16.35,0.29,0.14,0.05
"May 10, 2018  1:00 PM",12,1,3,34,32,4,24,288,2,5,15,6,13,0,0,0,1,0,0,0,0,1,0,0,0,0,1,0,0,1,0,0,0,0,0,0,0,1,0,0,202,4.4,16.35,0.29,0.14,0.05
"May 10, 2018  2:00 PM",8,7,3,69,21,4,24,192,2,5,15,6,14,0,0,0,1,0,0,0,0,1,0,0,0,0,1,0,0,1,0,0,0,0,0,0,0,0,0,0,202,4.4,16.35,0.29,0.14,0.05
"May 10, 2018  3:00 PM",9,7,2,96,25,4,24,216,2,5,15,6,15,0,0,0,1,0,0,0,0,1,0,0,0,0,1,0,0,1,0,0,0,0,0,0,0,0,0,0,202,4.4,16.35,0.29,0.14,0.05
"May 10, 2018  4:00 PM",5,2,2,0,29,4,24,120,2,5,15,6,16,0,0,0,1,0,0,0,0,0,1,0,0,0,1,0,0,1,0,0,0,0,0,0,0,0,0,0,202,4.4,16.35,0.29,0.14,0.05
"May 10, 2018  5:00 PM",0,3,1,0,13,4,24,0,2,5,15,6,17,0,0,0,1,0,0,0,0,0,1,0,0,0,1,0,0,1,0,0,0,0,0,0,0,0,0,1,202,4.4,16.35,0.29,0.14,0.05
"May 11, 2018 10:00 AM",8,4,2,11,18,5,27.5,220,3,4,14,6,10,0,0,0,0,1,0,0,1,0,0,0,0,0,1,0,0,1,0,0,0,0,0,0,0,1,0,0,202,4.4,16.35,0.29,0.14,0.05
"May 11, 2018 11:00 AM",4,2,1,10,37,5,27.5,110,3,4,14,6,11,0,0,0,0,1,0,0,1,0,0,0,0,0,1,0,0,1,0,0,0,0,0,0,0,0,0,0,202,4.4,16.35,0.29,0.14,0.05
"May 11, 2018 12:00 PM",1,1,0,0,0,5,27.5,27.5,3,4,14,6,12,0,0,0,0,1,0,0,0,1,0,0,0,0,1,0,0,1,0,0,0,0,0,0,0,0,0,1,202,4.4,16.35,0.29,0.14,0.05
"May 14, 2018  1:00 PM",2,1,1,0,14,1,11.3333333333333,22.6666666666667,6,1,11,7,13,1,0,0,0,0,0,0,0,1,0,0,1,0,0,0,0,0,0,1,0,0,0,0,0,1,0,0,202,4.4,16.35,0.29,0.14,0.05
"May 14, 2018  2:00 PM",4,4,1,5,9,1,11.3333333333333,45.3333333333333,6,1,11,7,14,1,0,0,0,0,0,0,0,1,0,0,1,0,0,0,0,0,0,1,0,0,0,0,0,0,0,0,202,4.4,16.35,0.29,0.14,0.05
"May 14, 2018  3:00 PM",4,2,2,3,23,1,11.3333333333333,45.3333333333333,6,1,11,7,15,1,0,0,0,0,0,0,0,1,0,0,1,0,0,0,0,0,0,1,0,0,0,0,0,0,0,0,202,4.4,16.35,0.29,0.14,0.05
"May 14, 2018  4:00 PM",3,5,1,9,11,1,11.3333333333333,34,6,1,11,7,16,1,0,0,0,0,0,0,0,0,1,0,1,0,0,0,0,0,0,1,0,0,0,0,0,0,0,0,202,4.4,16.35,0.29,0.14,0.05
"May 14, 2018  6:00 PM",4,3,2,0,8,1,11.3333333333333,45.3333333333333,6,1,11,7,18,1,0,0,0,0,0,0,0,0,1,0,1,0,0,0,0,0,0,1,0,0,0,0,0,0,0,0,202,4.4,16.35,0.29,0.14,0.05
"May 14, 2018  7:00 PM",3,3,1,1,3,1,11.3333333333333,34,6,1,11,7,19,1,0,0,0,0,0,0,0,0,1,0,1,0,0,0,0,0,0,1,0,0,0,0,0,0,0,1,202,4.4,16.35,0.29,0.14,0.05
"May 15, 2018 10:00 AM",4,3,1,4,5,2,12.75,51,7,0,10,7,10,0,1,0,0,0,0,0,1,0,0,0,1,0,0,0,0,0,0,1,1,0,0,0,0,1,1,0,202,4.4,16.35,0.29,0.14,0.05
"May 15, 2018  3:00 PM",6,3,2,2,13,2,12.75,76.5,7,0,10,7,15,0,1,0,0,0,0,0,0,1,0,0,1,0,0,0,0,0,0,1,1,0,0,0,0,1,0,0,202,4.4,16.35,0.29,0.14,0.05
"May 15, 2018  4:00 PM",8,6,3,3,16,2,12.75,102,7,0,10,7,16,0,1,0,0,0,0,0,0,0,1,0,1,0,0,0,0,0,0,1,1,0,0,0,0,0,0,0,202,4.4,16.35,0.29,0.14,0.05
"May 15, 2018  5:00 PM",3,6,3,0,17,2,12.75,38.25,7,0,10,7,17,0,1,0,0,0,0,0,0,0,1,0,1,0,0,0,0,0,0,1,1,0,0,0,0,0,0,1,202,4.4,16.35,0.29,0.14,0.05
"May 16, 2018 12:00 PM",2,1,1,7,10,3,9.16666666666667,18.3333333333333,1,11,9,7,12,0,0,1,0,0,0,0,0,1,0,0,0,0,0,1,0,0,0,0,1,0,0,0,0,1,0,0,202,4.4,16.35,0.29,0.14,0.05
"May 16, 2018  1:00 PM",0,1,0,0,0,3,9.16666666666667,0,1,11,9,7,13,0,0,1,0,0,0,0,0,1,0,0,0,0,0,1,0,0,0,0,1,0,0,0,0,0,0,0,202,4.4,16.35,0.29,0.14,0.05
"May 16, 2018  2:00 PM",7,6,3,4,16,3,9.16666666666667,64.1666666666667,1,11,9,7,14,0,0,1,0,0,0,0,0,1,0,0,0,0,0,1,0,0,0,0,1,0,0,0,0,0,0,0,202,4.4,16.35,0.29,0.14,0.05
"May 16, 2018  3:00 PM",2,3,2,2,19,3,9.16666666666667,18.3333333333333,1,11,9,7,15,0,0,1,0,0,0,0,0,1,0,0,0,0,0,1,0,0,0,0,1,0,0,0,0,0,0,0,202,4.4,16.35,0.29,0.14,0.05
"May 16, 2018  4:00 PM",6,4,1,11,1,3,9.16666666666667,55,1,11,9,7,16,0,0,1,0,0,0,0,0,0,1,0,0,0,0,1,0,0,0,0,1,0,0,0,0,0,0,0,202,4.4,16.35,0.29,0.14,0.05
"May 16, 2018  5:00 PM",11,7,1,35,1,3,9.16666666666667,100.833333333333,1,11,9,7,17,0,0,1,0,0,0,0,0,0,1,0,0,0,0,1,0,0,0,0,1,0,0,0,0,0,0,0,202,4.4,16.35,0.29,0.14,0.05
"May 16, 2018  6:00 PM",1,5,1,0,8,3,9.16666666666667,9.16666666666667,1,11,9,7,18,0,0,1,0,0,0,0,0,0,1,0,0,0,0,1,0,0,0,0,1,0,0,0,0,0,0,0,202,4.4,16.35,0.29,0.14,0.05
"May 16, 2018  7:00 PM",1,0,0,0,0,3,9.16666666666667,9.16666666666667,1,11,9,7,19,0,0,1,0,0,0,0,0,0,1,0,0,0,0,1,0,0,0,0,1,0,0,0,0,0,0,1,202,4.4,16.35,0.29,0.14,0.05
"May 17, 2018 10:00 AM",1,0,0,0,0,4,10.6666666666667,10.6666666666667,2,10,8,7,10,0,0,0,1,0,0,0,1,0,0,0,0,0,1,0,1,0,0,0,1,0,0,0,0,1,0,0,202,4.4,16.35,0.29,0.14,0.05
"May 17, 2018 11:00 AM",1,0,0,0,0,4,10.6666666666667,10.6666666666667,2,10,8,7,11,0,0,0,1,0,0,0,1,0,0,0,0,0,1,0,1,0,0,0,1,0,0,0,0,0,0,0,202,4.4,16.35,0.29,0.14,0.05
"May 17, 2018  1:00 PM",7,2,1,22,10,4,10.6666666666667,74.6666666666667,2,10,8,7,13,0,0,0,1,0,0,0,0,1,0,0,0,0,1,0,1,0,0,0,1,0,0,0,0,0,0,0,202,4.4,16.35,0.29,0.14,0.05
"May 17, 2018  2:00 PM",7,5,1,74,12,4,10.6666666666667,74.6666666666667,2,10,8,7,14,0,0,0,1,0,0,0,0,1,0,0,0,0,1,0,1,0,0,0,1,0,0,0,0,0,0,0,202,4.4,16.35,0.29,0.14,0.05
"May 17, 2018  3:00 PM",2,2,1,91,4,4,10.6666666666667,21.3333333333333,2,10,8,7,15,0,0,0,1,0,0,0,0,1,0,0,0,0,1,0,1,0,0,0,1,0,0,0,0,0,0,0,202,4.4,16.35,0.29,0.14,0.05
"May 17, 2018  4:00 PM",8,4,1,61,12,4,10.6666666666667,85.3333333333333,2,10,8,7,16,0,0,0,1,0,0,0,0,0,1,0,0,0,1,0,1,0,0,0,1,0,0,0,0,0,0,0,202,4.4,16.35,0.29,0.14,0.05
"May 17, 2018  5:00 PM",9,8,2,238,19,4,10.6666666666667,96,2,10,8,7,17,0,0,0,1,0,0,0,0,0,1,0,0,0,1,0,1,0,0,0,1,0,0,0,0,0,0,0,202,4.4,16.35,0.29,0.14,0.05
"May 17, 2018  6:00 PM",0,5,1,0,7,4,10.6666666666667,0,2,10,8,7,18,0,0,0,1,0,0,0,0,0,1,0,0,0,1,0,1,0,0,0,1,0,0,0,0,0,0,1,202,4.4,16.35,0.29,0.14,0.05
"May 18, 2018  3:00 PM",24,6,2,60,10,5,9,216,3,9,7,7,15,0,0,0,0,1,0,0,0,1,0,0,0,0,1,0,1,0,0,0,1,0,0,0,0,1,0,0,202,4.4,16.35,0.29,0.14,0.05
"May 18, 2018  4:00 PM",0,11,2,0,10,5,9,0,3,9,7,7,16,0,0,0,0,1,0,0,0,0,1,0,0,0,1,0,1,0,0,0,1,0,0,0,0,0,0,0,202,4.4,16.35,0.29,0.14,0.05
"May 18, 2018  5:00 PM",0,6,2,0,7,5,9,0,3,9,7,7,17,0,0,0,0,1,0,0,0,0,1,0,0,0,1,0,1,0,0,0,1,0,0,0,0,0,0,1,202,4.4,16.35,0.29,0.14,0.05
"May 20, 2018  1:00 PM",1,0,0,0,0,0,12.6666666666667,12.6666666666667,5,7,5,7,13,0,0,0,0,0,0,1,0,1,0,0,0,1,0,0,1,0,0,0,0,1,0,0,0,1,0,0,202,4.4,16.35,0.29,0.14,0.05
"May 20, 2018  2:00 PM",7,4,2,4,10,0,12.6666666666667,88.6666666666667,5,7,5,7,14,0,0,0,0,0,0,1,0,1,0,0,0,1,0,0,1,0,0,0,0,1,0,0,0,0,0,0,202,4.4,16.35,0.29,0.14,0.05
"May 20, 2018  3:00 PM",1,4,2,0,8,0,12.6666666666667,12.6666666666667,5,7,5,7,15,0,0,0,0,0,0,1,0,1,0,0,0,1,0,0,1,0,0,0,0,1,0,0,0,0,0,0,202,4.4,16.35,0.29,0.14,0.05
"May 20, 2018  5:00 PM",1,1,1,4,20,0,12.6666666666667,12.6666666666667,5,7,5,7,17,0,0,0,0,0,0,1,0,0,1,0,0,1,0,0,1,0,0,0,0,1,0,0,0,0,0,1,202,4.4,16.35,0.29,0.14,0.05
"May 21, 2018  1:00 PM",12,0,1,42,16,1,14.125,169.5,6,6,4,8,13,1,0,0,0,0,0,0,0,1,0,0,1,0,0,0,1,0,0,0,0,1,0,0,0,1,0,0,202,4.4,16.35,0.29,0.14,0.05
"May 21, 2018  2:00 PM",7,6,2,77,15,1,14.125,98.875,6,6,4,8,14,1,0,0,0,0,0,0,0,1,0,0,1,0,0,0,1,0,0,0,0,1,0,0,0,0,0,0,202,4.4,16.35,0.29,0.14,0.05
"May 21, 2018  3:00 PM",4,7,2,27,14,1,14.125,56.5,6,6,4,8,15,1,0,0,0,0,0,0,0,1,0,0,1,0,0,0,1,0,0,0,0,1,0,0,0,0,0,0,202,4.4,16.35,0.29,0.14,0.05
"May 21, 2018  4:00 PM",10,11,1,13,6,1,14.125,141.25,6,6,4,8,16,1,0,0,0,0,0,0,0,0,1,0,1,0,0,0,1,0,0,0,0,1,0,0,0,0,0,0,202,4.4,16.35,0.29,0.14,0.05
"May 21, 2018  5:00 PM",9,12,2,7,9,1,14.125,127.125,6,6,4,8,17,1,0,0,0,0,0,0,0,0,1,0,1,0,0,0,1,0,0,0,0,1,0,0,0,0,0,0,202,4.4,16.35,0.29,0.14,0.05
"May 21, 2018  6:00 PM",9,6,2,6,24,1,14.125,127.125,6,6,4,8,18,1,0,0,0,0,0,0,0,0,1,0,1,0,0,0,1,0,0,0,0,1,0,0,0,0,0,0,202,4.4,16.35,0.29,0.14,0.05
"May 21, 2018  7:00 PM",4,2,2,4,18,1,14.125,56.5,6,6,4,8,19,1,0,0,0,0,0,0,0,0,1,0,1,0,0,0,1,0,0,0,0,1,0,0,0,0,0,0,202,4.4,16.35,0.29,0.14,0.05
"May 21, 2018  8:00 PM",9,11,2,3,11,1,14.125,127.125,6,6,4,8,20,1,0,0,0,0,0,0,0,0,0,1,1,0,0,0,1,0,0,0,0,1,0,0,0,0,0,1,202,4.4,16.35,0.29,0.14,0.05
"May 22, 2018 10:00 AM",4,2,1,22,24,2,16.8,67.2,7,5,3,8,10,0,1,0,0,0,0,0,1,0,0,0,1,0,0,0,0,1,0,0,0,0,1,0,0,1,0,0,202,4.4,16.35,0.29,0.14,0.05
"May 22, 2018 11:00 AM",2,3,1,7,23,2,16.8,33.6,7,5,3,8,11,0,1,0,0,0,0,0,1,0,0,0,1,0,0,0,0,1,0,0,0,0,1,0,0,0,0,0,202,4.4,16.35,0.29,0.14,0.05
"May 22, 2018 12:00 PM",0,1,0,0,0,2,16.8,0,7,5,3,8,12,0,1,0,0,0,0,0,0,1,0,0,1,0,0,0,0,1,0,0,0,0,1,0,0,0,1,0,202,4.4,16.35,0.29,0.14,0.05
"May 22, 2018  3:00 PM",10,4,2,11,12,2,16.8,168,7,5,3,8,15,0,1,0,0,0,0,0,0,1,0,0,1,0,0,0,0,1,0,0,0,0,1,0,0,1,0,0,202,4.4,16.35,0.29,0.14,0.05
"May 22, 2018  4:00 PM",11,9,4,3,14,2,16.8,184.8,7,5,3,8,16,0,1,0,0,0,0,0,0,0,1,0,1,0,0,0,0,1,0,0,0,0,1,0,0,0,0,0,202,4.4,16.35,0.29,0.14,0.05
"May 22, 2018  5:00 PM",6,10,4,1,11,2,16.8,100.8,7,5,3,8,17,0,1,0,0,0,0,0,0,0,1,0,1,0,0,0,0,1,0,0,0,0,1,0,0,0,0,0,202,4.4,16.35,0.29,0.14,0.05
"May 22, 2018  6:00 PM",0,2,0,0,0,2,16.8,0,7,5,3,8,18,0,1,0,0,0,0,0,0,0,1,0,1,0,0,0,0,1,0,0,0,0,1,0,0,0,0,1,202,4.4,16.35,0.29,0.14,0.05
"May 23, 2018  1:00 PM",14,1,1,66,13,3,18.3333333333333,256.666666666667,8,4,2,8,13,0,0,1,0,0,0,0,0,1,0,0,1,0,0,0,0,1,0,0,0,0,1,0,0,1,0,0,202,4.4,16.35,0.29,0.14,0.05
"May 23, 2018  2:00 PM",10,3,1,86,30,3,18.3333333333333,183.333333333333,8,4,2,8,14,0,0,1,0,0,0,0,0,1,0,0,1,0,0,0,0,1,0,0,0,0,1,0,0,0,0,0,202,4.4,16.35,0.29,0.14,0.05
"May 23, 2018  3:00 PM",14,8,3,93,15,3,18.3333333333333,256.666666666667,8,4,2,8,15,0,0,1,0,0,0,0,0,1,0,0,1,0,0,0,0,1,0,0,0,0,1,0,0,0,0,0,202,4.4,16.35,0.29,0.14,0.05
"May 23, 2018  4:00 PM",13,10,2,115,22,3,18.3333333333333,238.333333333333,8,4,2,8,16,0,0,1,0,0,0,0,0,0,1,0,1,0,0,0,0,1,0,0,0,0,1,0,0,0,0,0,202,4.4,16.35,0.29,0.14,0.05
"May 23, 2018  5:00 PM",3,7,1,0,18,3,18.3333333333333,55,8,4,2,8,17,0,0,1,0,0,0,0,0,0,1,0,1,0,0,0,0,1,0,0,0,0,1,0,0,0,0,0,202,4.4,16.35,0.29,0.14,0.05
"May 23, 2018  6:00 PM",2,6,1,0,12,3,18.3333333333333,36.6666666666667,8,4,2,8,18,0,0,1,0,0,0,0,0,0,1,0,1,0,0,0,0,1,0,0,0,0,1,0,0,0,0,1,202,4.4,16.35,0.29,0.14,0.05
"May 24, 2018 10:00 AM",16,5,1,58,8,4,14.7777777777778,236.444444444444,9,3,1,8,10,0,0,0,1,0,0,0,1,0,0,0,1,0,0,0,0,0,1,0,0,0,0,1,0,1,0,0,202,4.4,16.35,0.29,0.14,0.05
"May 24, 2018 11:00 AM",4,4,1,0,13,4,14.7777777777778,59.1111111111111,9,3,1,8,11,0,0,0,1,0,0,0,1,0,0,0,1,0,0,0,0,0,1,0,0,0,0,1,0,0,0,0,202,4.4,16.35,0.29,0.14,0.05
"May 24, 2018 12:00 PM",1,4,1,0,2,4,14.7777777777778,14.7777777777778,9,3,1,8,12,0,0,0,1,0,0,0,0,1,0,0,1,0,0,0,0,0,1,0,0,0,0,1,0,0,0,0,202,4.4,16.35,0.29,0.14,0.05
"May 24, 2018  1:00 PM",22,3,3,35,15,4,14.7777777777778,325.111111111111,9,3,1,8,13,0,0,0,1,0,0,0,0,1,0,0,1,0,0,0,0,0,1,0,0,0,0,1,0,0,0,0,202,4.4,16.35,0.29,0.14,0.05
"May 24, 2018  2:00 PM",16,13,4,53,17,4,14.7777777777778,236.444444444444,9,3,1,8,14,0,0,0,1,0,0,0,0,1,0,0,1,0,0,0,0,0,1,0,0,0,0,1,0,0,0,0,202,4.4,16.35,0.29,0.14,0.05
"May 24, 2018  3:00 PM",20,11,2,96,10,4,14.7777777777778,295.555555555556,9,3,1,8,15,0,0,0,1,0,0,0,0,1,0,0,1,0,0,0,0,0,1,0,0,0,0,1,0,0,0,0,202,4.4,16.35,0.29,0.14,0.05
"May 24, 2018  4:00 PM",0,5,1,0,50,4,14.7777777777778,0,9,3,1,8,16,0,0,0,1,0,0,0,0,0,1,0,1,0,0,0,0,0,1,0,0,0,0,1,0,0,0,0,202,4.4,16.35,0.29,0.14,0.05
"May 24, 2018  5:00 PM",0,3,1,0,13,4,14.7777777777778,0,9,3,1,8,17,0,0,0,1,0,0,0,0,0,1,0,1,0,0,0,0,0,1,0,0,0,0,1,0,0,0,0,202,4.4,16.35,0.29,0.14,0.05
"May 24, 2018  6:00 PM",0,7,1,0,5,4,14.7777777777778,0,9,3,1,8,18,0,0,0,1,0,0,0,0,0,1,0,1,0,0,0,0,0,1,0,0,0,0,1,0,0,0,1,202,4.4,16.35,0.29,0.14,0.05
"May 25, 2018  3:00 PM",22,2,1,60,5,5,6,132,10,2,0,8,15,0,0,0,0,1,0,0,0,1,0,0,1,0,0,0,0,0,1,0,0,0,0,1,0,1,0,0,202,4.4,16.35,0.29,0.14,0.05
"May 25, 2018  4:00 PM",0,4,1,0,7,5,6,0,10,2,0,8,16,0,0,0,0,1,0,0,0,0,1,0,1,0,0,0,0,0,1,0,0,0,0,1,0,0,0,0,202,4.4,16.35,0.29,0.14,0.05
"May 25, 2018  5:00 PM",0,2,1,0,6,5,6,0,10,2,0,8,17,0,0,0,0,1,0,0,0,0,1,0,1,0,0,0,0,0,1,0,0,0,0,1,0,0,0,1,202,4.4,16.35,0.29,0.14,0.05
"May 27, 2018  2:00 PM",35,6,1,140,9,0,11.8,413,12,0,18,8,14,0,0,0,0,0,0,1,0,1,0,0,0,0,0,0,0,0,0,1,0,0,0,0,0,1,0,0,202,4.4,16.35,0.29,0.14,0.05
"May 27, 2018  3:00 PM",0,6,1,0,12,0,11.8,0,12,0,18,8,15,0,0,0,0,0,0,1,0,1,0,0,0,0,0,0,0,0,0,1,0,0,0,0,0,0,0,0,202,4.4,16.35,0.29,0.14,0.05
"May 27, 2018  4:00 PM",0,5,1,0,15,0,11.8,0,12,0,18,8,16,0,0,0,0,0,0,1,0,0,1,0,0,0,0,0,0,0,0,1,0,0,0,0,0,0,0,0,202,4.4,16.35,0.29,0.14,0.05
"May 27, 2018  5:00 PM",0,6,1,0,8,0,11.8,0,12,0,18,8,17,0,0,0,0,0,0,1,0,0,1,0,0,0,0,0,0,0,0,1,0,0,0,0,0,0,0,0,202,4.4,16.35,0.29,0.14,0.05
"May 27, 2018  6:00 PM",0,6,1,0,15,0,11.8,0,12,0,18,8,18,0,0,0,0,0,0,1,0,0,1,0,0,0,0,0,0,0,0,1,0,0,0,0,0,0,0,0,202,4.4,16.35,0.29,0.14,0.05
"May 27, 2018  7:00 PM",0,1,0,0,0,0,11.8,0,12,0,18,8,19,0,0,0,0,0,0,1,0,0,1,0,0,0,0,0,0,0,0,1,0,0,0,0,0,0,0,1,202,4.4,16.35,0.29,0.14,0.05
"May 28, 2018  1:00 PM",13,0,1,61,22,1,16.6,215.8,1,12,17,9,13,1,0,0,0,0,0,0,0,1,0,0,0,0,0,1,0,0,0,0,0,0,0,0,0,1,0,0,202,4.4,16.35,0.29,0.14,0.05
"May 28, 2018  2:00 PM",11,3,2,140,19,1,16.6,182.6,1,12,17,9,14,1,0,0,0,0,0,0,0,1,0,0,0,0,0,1,0,0,0,0,0,0,0,0,0,0,0,0,202,4.4,16.35,0.29,0.14,0.05
"May 28, 2018  3:00 PM",16,8,2,902,16,1,16.6,265.6,1,12,17,9,15,1,0,0,0,0,0,0,0,1,0,0,0,0,0,1,0,0,0,0,0,0,0,0,0,0,0,0,202,4.4,16.35,0.29,0.14,0.05
"May 28, 2018  4:00 PM",7,6,2,1131,19,1,16.6,116.2,1,12,17,9,16,1,0,0,0,0,0,0,0,0,1,0,0,0,0,1,0,0,0,0,0,0,0,0,0,0,0,0,202,4.4,16.35,0.29,0.14,0.05
"May 28, 2018  5:00 PM",4,6,1,0,7,1,16.6,66.4,1,12,17,9,17,1,0,0,0,0,0,0,0,0,1,0,0,0,0,1,0,0,0,0,0,0,0,0,0,0,0,1,202,4.4,16.35,0.29,0.14,0.05
"May 29, 2018 10:00 AM",17,3,1,207,3,2,15,255,2,11,16,9,10,0,1,0,0,0,0,0,1,0,0,0,0,0,1,0,0,0,0,0,0,0,0,0,0,1,0,0,202,4.4,16.35,0.29,0.14,0.05
"May 29, 2018 11:00 AM",5,4,1,254,13,2,15,75,2,11,16,9,11,0,1,0,0,0,0,0,1,0,0,0,0,0,1,0,0,0,0,0,0,0,0,0,0,0,0,0,202,4.4,16.35,0.29,0.14,0.05
"May 29, 2018 12:00 PM",1,2,1,0,17,2,15,15,2,11,16,9,12,0,1,0,0,0,0,0,0,1,0,0,0,0,1,0,0,0,0,0,0,0,0,0,0,0,1,0,202,4.4,16.35,0.29,0.14,0.05
"May 29, 2018  3:00 PM",16,3,2,81,23,2,15,240,2,11,16,9,15,0,1,0,0,0,0,0,0,1,0,0,0,0,1,0,0,0,0,0,0,0,0,0,0,1,0,0,202,4.4,16.35,0.29,0.14,0.05
"May 29, 2018  4:00 PM",11,7,3,115,25,2,15,165,2,11,16,9,16,0,1,0,0,0,0,0,0,0,1,0,0,0,1,0,0,0,0,0,0,0,0,0,0,0,0,0,202,4.4,16.35,0.29,0.14,0.05
"May 29, 2018  5:00 PM",0,7,3,0,15,2,15,0,2,11,16,9,17,0,1,0,0,0,0,0,0,0,1,0,0,0,1,0,0,0,0,0,0,0,0,0,0,0,0,0,202,4.4,16.35,0.29,0.14,0.05
"May 29, 2018  6:00 PM",0,11,2,0,9,2,15,0,2,11,16,9,18,0,1,0,0,0,0,0,0,0,1,0,0,0,1,0,0,0,0,0,0,0,0,0,0,0,0,1,202,4.4,16.35,0.29,0.14,0.05
"May 30, 2018 12:00 PM",2,0,1,1,43,3,28.8333333333333,57.6666666666667,3,10,15,9,12,0,0,1,0,0,0,0,0,1,0,0,0,0,1,0,1,0,0,0,0,0,0,0,0,1,0,0,202,4.4,16.35,0.29,0.14,0.05
"May 30, 2018  1:00 PM",7,2,3,16,51,3,28.8333333333333,201.833333333333,3,10,15,9,13,0,0,1,0,0,0,0,0,1,0,0,0,0,1,0,1,0,0,0,0,0,0,0,0,0,0,0,202,4.4,16.35,0.29,0.14,0.05
"May 30, 2018  2:00 PM",5,6,3,9,24,3,28.8333333333333,144.166666666667,3,10,15,9,14,0,0,1,0,0,0,0,0,1,0,0,0,0,1,0,1,0,0,0,0,0,0,0,0,0,0,0,202,4.4,16.35,0.29,0.14,0.05
"May 30, 2018  3:00 PM",8,7,2,18,27,3,28.8333333333333,230.666666666667,3,10,15,9,15,0,0,1,0,0,0,0,0,1,0,0,0,0,1,0,1,0,0,0,0,0,0,0,0,0,0,0,202,4.4,16.35,0.29,0.14,0.05
"May 30, 2018  4:00 PM",6,5,2,43,25,3,28.8333333333333,173,3,10,15,9,16,0,0,1,0,0,0,0,0,0,1,0,0,0,1,0,1,0,0,0,0,0,0,0,0,0,0,0,202,4.4,16.35,0.29,0.14,0.05
"May 30, 2018  5:00 PM",0,6,1,0,3,3,28.8333333333333,0,3,10,15,9,17,0,0,1,0,0,0,0,0,0,1,0,0,0,1,0,1,0,0,0,0,0,0,0,0,0,0,1,202,4.4,16.35,0.29,0.14,0.05
"May 31, 2018  1:00 PM",17,3,1,51,9,4,17.5714285714286,298.714285714286,4,9,14,9,13,0,0,0,1,0,0,0,0,1,0,0,0,1,0,0,1,0,0,0,0,0,0,0,0,1,0,0,202,4.4,16.35,0.29,0.14,0.05
"May 31, 2018  2:00 PM",14,7,2,135,16,4,17.5714285714286,246,4,9,14,9,14,0,0,0,1,0,0,0,0,1,0,0,0,1,0,0,1,0,0,0,0,0,0,0,0,0,0,0,202,4.4,16.35,0.29,0.14,0.05
"May 31, 2018  3:00 PM",2,6,1,186,19,4,17.5714285714286,35.1428571428571,4,9,14,9,15,0,0,0,1,0,0,0,0,1,0,0,0,1,0,0,1,0,0,0,0,0,0,0,0,0,0,0,202,4.4,16.35,0.29,0.14,0.05
"May 31, 2018  4:00 PM",0,5,2,0,30,4,17.5714285714286,0,4,9,14,9,16,0,0,0,1,0,0,0,0,0,1,0,0,1,0,0,1,0,0,0,0,0,0,0,0,0,0,0,202,4.4,16.35,0.29,0.14,0.05
"May 31, 2018  5:00 PM",0,4,2,0,29,4,17.5714285714286,0,4,9,14,9,17,0,0,0,1,0,0,0,0,0,1,0,0,1,0,0,1,0,0,0,0,0,0,0,0,0,0,0,202,4.4,16.35,0.29,0.14,0.05
"May 31, 2018  6:00 PM",5,6,3,23,12,4,17.5714285714286,87.8571428571429,4,9,14,9,18,0,0,0,1,0,0,0,0,0,1,0,0,1,0,0,1,0,0,0,0,0,0,0,0,0,0,0,202,4.4,16.35,0.29,0.14,0.05
"May 31, 2018  7:00 PM",1,1,1,5,8,4,17.5714285714286,17.5714285714286,4,9,14,9,19,0,0,0,1,0,0,0,0,0,1,0,0,1,0,0,1,0,0,0,0,0,0,0,0,0,0,1,202,4.4,16.35,0.29,0.14,0.05
"Jun 1, 2018  3:00 PM",39,12,3,38,15,5,11.6666666666667,455,5,8,13,9,15,0,0,0,0,1,0,0,0,1,0,0,0,1,0,0,1,0,0,0,0,0,0,0,0,1,0,0,202,4.4,16.35,0.29,0.14,0.05
"Jun 1, 2018  4:00 PM",26,24,4,21,11,5,11.6666666666667,303.333333333333,5,8,13,9,16,0,0,0,0,1,0,0,0,0,1,0,0,1,0,0,1,0,0,0,0,0,0,0,0,0,0,0,202,4.4,16.35,0.29,0.14,0.05
"Jun 1, 2018  5:00 PM",18,12,2,12,9,5,11.6666666666667,210,5,8,13,9,17,0,0,0,0,1,0,0,0,0,1,0,0,1,0,0,1,0,0,0,0,0,0,0,0,0,0,0,202,4.4,16.35,0.29,0.14,0.05
"Jun 1, 2018  6:00 PM",4,0,0,0,0,5,11.6666666666667,46.6666666666667,5,8,13,9,18,0,0,0,0,1,0,0,0,0,1,0,0,1,0,0,1,0,0,0,0,0,0,0,0,0,0,0,202,4.4,16.35,0.29,0.14,0.05
"Jun 1, 2018  7:00 PM",1,0,0,0,0,5,11.6666666666667,11.6666666666667,5,8,13,9,19,0,0,0,0,1,0,0,0,0,1,0,0,1,0,0,1,0,0,0,0,0,0,0,0,0,0,0,202,4.4,16.35,0.29,0.14,0.05
"Jun 1, 2018  8:00 PM",1,0,0,0,0,5,11.6666666666667,11.6666666666667,5,8,13,9,20,0,0,0,0,1,0,0,0,0,0,1,0,1,0,0,1,0,0,0,0,0,0,0,0,0,0,1,202,4.4,16.35,0.29,0.14,0.05
"Jun 3, 2018  3:00 PM",26,3,1,88,12,0,8.75,227.5,7,6,11,9,15,0,0,0,0,0,0,1,0,1,0,0,1,0,0,0,1,0,0,0,0,0,0,0,0,1,0,0,202,4.4,16.35,0.29,0.14,0.05
"Jun 3, 2018  4:00 PM",0,7,1,0,9,0,8.75,0,7,6,11,9,16,0,0,0,0,0,0,1,0,0,1,0,1,0,0,0,1,0,0,0,0,0,0,0,0,0,0,0,202,4.4,16.35,0.29,0.14,0.05
"Jun 3, 2018  5:00 PM",0,6,1,0,10,0,8.75,0,7,6,11,9,17,0,0,0,0,0,0,1,0,0,1,0,1,0,0,0,1,0,0,0,0,0,0,0,0,0,0,0,202,4.4,16.35,0.29,0.14,0.05
"Jun 3, 2018  6:00 PM",0,3,1,0,4,0,8.75,0,7,6,11,9,18,0,0,0,0,0,0,1,0,0,1,0,1,0,0,0,1,0,0,0,0,0,0,0,0,0,0,1,202,4.4,16.35,0.29,0.14,0.05
"Jun 4, 2018 10:00 AM",15,1,1,56,18,1,15,225,8,5,10,10,10,1,0,0,0,0,0,0,1,0,0,0,1,0,0,0,0,1,0,0,1,0,0,0,0,1,0,0,202,4.4,16.35,0.29,0.14,0.05
"Jun 4, 2018 11:00 AM",7,5,1,0,13,1,15,105,8,5,10,10,11,1,0,0,0,0,0,0,1,0,0,0,1,0,0,0,0,1,0,0,1,0,0,0,0,0,0,0,202,4.4,16.35,0.29,0.14,0.05
"Jun 4, 2018 12:00 PM",1,2,2,0,24,1,15,15,8,5,10,10,12,1,0,0,0,0,0,0,0,1,0,0,1,0,0,0,0,1,0,0,1,0,0,0,0,0,0,0,202,4.4,16.35,0.29,0.14,0.05
"Jun 4, 2018  1:00 PM",37,5,1,83,7,1,15,555,8,5,10,10,13,1,0,0,0,0,0,0,0,1,0,0,1,0,0,0,0,1,0,0,1,0,0,0,0,0,0,0,202,4.4,16.35,0.29,0.14,0.05
"Jun 4, 2018  2:00 PM",15,10,3,85,18,1,15,225,8,5,10,10,14,1,0,0,0,0,0,0,0,1,0,0,1,0,0,0,0,1,0,0,1,0,0,0,0,0,0,0,202,4.4,16.35,0.29,0.14,0.05
"Jun 4, 2018  3:00 PM",22,14,3,78,13,1,15,330,8,5,10,10,15,1,0,0,0,0,0,0,0,1,0,0,1,0,0,0,0,1,0,0,1,0,0,0,0,0,0,0,202,4.4,16.35,0.29,0.14,0.05
"Jun 4, 2018  4:00 PM",13,14,3,0,12,1,15,195,8,5,10,10,16,1,0,0,0,0,0,0,0,0,1,0,1,0,0,0,0,1,0,0,1,0,0,0,0,0,0,1,202,4.4,16.35,0.29,0.14,0.05
"Jun 5, 2018 10:00 AM",23,4,2,59,21,2,17.5714285714286,404.142857142857,9,4,9,10,10,0,1,0,0,0,0,0,1,0,0,0,1,0,0,0,0,1,0,0,1,0,0,0,0,1,0,0,202,4.4,16.35,0.29,0.14,0.05
"Jun 5, 2018 11:00 AM",4,6,2,70,23,2,17.5714285714286,70.2857142857143,9,4,9,10,11,0,1,0,0,0,0,0,1,0,0,0,1,0,0,0,0,1,0,0,1,0,0,0,0,0,0,0,202,4.4,16.35,0.29,0.14,0.05
"Jun 5, 2018 12:00 PM",3,6,3,147,11,2,17.5714285714286,52.7142857142857,9,4,9,10,12,0,1,0,0,0,0,0,0,1,0,0,1,0,0,0,0,1,0,0,1,0,0,0,0,0,0,0,202,4.4,16.35,0.29,0.14,0.05
"Jun 5, 2018  1:00 PM",0,5,1,0,0,2,17.5714285714286,0,9,4,9,10,13,0,1,0,0,0,0,0,0,1,0,0,1,0,0,0,0,1,0,0,1,0,0,0,0,0,0,0,202,4.4,16.35,0.29,0.14,0.05
"Jun 5, 2018  3:00 PM",11,0,0,106,0,2,17.5714285714286,193.285714285714,9,4,9,10,15,0,1,0,0,0,0,0,0,1,0,0,1,0,0,0,0,1,0,0,1,0,0,0,0,0,0,0,202,4.4,16.35,0.29,0.14,0.05
"Jun 5, 2018  4:00 PM",6,3,1,162,15,2,17.5714285714286,105.428571428571,9,4,9,10,16,0,1,0,0,0,0,0,0,0,1,0,1,0,0,0,0,1,0,0,1,0,0,0,0,0,0,0,202,4.4,16.35,0.29,0.14,0.05
"Jun 5, 2018  5:00 PM",0,5,1,0,12,2,17.5714285714286,0,9,4,9,10,17,0,1,0,0,0,0,0,0,0,1,0,1,0,0,0,0,1,0,0,1,0,0,0,0,0,0,0,202,4.4,16.35,0.29,0.14,0.05
"Jun 5, 2018  6:00 PM",1,1,0,64,0,2,17.5714285714286,17.5714285714286,9,4,9,10,18,0,1,0,0,0,0,0,0,0,1,0,1,0,0,0,0,1,0,0,1,0,0,0,0,0,0,0,202,4.4,16.35,0.29,0.14,0.05
"Jun 5, 2018  7:00 PM",30,7,2,86,15,2,17.5714285714286,527.142857142857,9,4,9,10,19,0,1,0,0,0,0,0,0,0,1,0,1,0,0,0,0,1,0,0,1,0,0,0,0,0,0,0,202,4.4,16.35,0.29,0.14,0.05
"Jun 5, 2018  8:00 PM",1,8,2,0,26,2,17.5714285714286,17.5714285714286,9,4,9,10,20,0,1,0,0,0,0,0,0,0,0,1,1,0,0,0,0,1,0,0,1,0,0,0,0,0,0,0,202,4.4,16.35,0.29,0.14,0.05
"Jun 5, 2018  9:00 PM",0,2,0,0,0,2,17.5714285714286,0,9,4,9,10,21,0,1,0,0,0,0,0,0,0,0,1,1,0,0,0,0,1,0,0,1,0,0,0,0,0,0,0,202,4.4,16.35,0.29,0.14,0.05
"Jun 5, 2018 10:00 PM",0,2,1,0,0,2,17.5714285714286,0,9,4,9,10,22,0,1,0,0,0,0,0,0,0,0,1,1,0,0,0,0,1,0,0,1,0,0,0,0,0,0,1,202,4.4,16.35,0.29,0.14,0.05
"Jun 6, 2018 11:00 AM",16,0,0,59,0,3,22.2,355.2,10,3,8,10,11,0,0,1,0,0,0,0,1,0,0,0,1,0,0,0,0,0,1,0,1,0,0,0,0,1,0,0,202,4.4,16.35,0.29,0.14,0.05
"Jun 6, 2018 12:00 PM",18,3,2,206,29,3,22.2,399.6,10,3,8,10,12,0,0,1,0,0,0,0,0,1,0,0,1,0,0,0,0,0,1,0,1,0,0,0,0,0,0,0,202,4.4,16.35,0.29,0.14,0.05
"Jun 6, 2018  1:00 PM",11,6,2,156,30,3,22.2,244.2,10,3,8,10,13,0,0,1,0,0,0,0,0,1,0,0,1,0,0,0,0,0,1,0,1,0,0,0,0,0,0,0,202,4.4,16.35,0.29,0.14,0.05
"Jun 6, 2018  2:00 PM",4,4,2,128,35,3,22.2,88.8,10,3,8,10,14,0,0,1,0,0,0,0,0,1,0,0,1,0,0,0,0,0,1,0,1,0,0,0,0,0,0,0,202,4.4,16.35,0.29,0.14,0.05
"Jun 6, 2018  3:00 PM",10,9,5,191,33,3,22.2,222,10,3,8,10,15,0,0,1,0,0,0,0,0,1,0,0,1,0,0,0,0,0,1,0,1,0,0,0,0,0,0,0,202,4.4,16.35,0.29,0.14,0.05
"Jun 6, 2018  4:00 PM",20,16,4,232,19,3,22.2,444,10,3,8,10,16,0,0,1,0,0,0,0,0,0,1,0,1,0,0,0,0,0,1,0,1,0,0,0,0,0,0,0,202,4.4,16.35,0.29,0.14,0.05
"Jun 6, 2018  5:00 PM",6,4,1,983,10,3,22.2,133.2,10,3,8,10,17,0,0,1,0,0,0,0,0,0,1,0,1,0,0,0,0,0,1,0,1,0,0,0,0,0,0,0,202,4.4,16.35,0.29,0.14,0.05
"Jun 6, 2018  6:00 PM",6,2,1,0,29,3,22.2,133.2,10,3,8,10,18,0,0,1,0,0,0,0,0,0,1,0,1,0,0,0,0,0,1,0,1,0,0,0,0,0,0,0,202,4.4,16.35,0.29,0.14,0.05
"Jun 6, 2018  7:00 PM",0,2,0,0,0,3,22.2,0,10,3,8,10,19,0,0,1,0,0,0,0,0,0,1,0,1,0,0,0,0,0,1,0,1,0,0,0,0,0,0,0,202,4.4,16.35,0.29,0.14,0.05
"Jun 6, 2018  8:00 PM",6,1,1,0,9,3,22.2,133.2,10,3,8,10,20,0,0,1,0,0,0,0,0,0,0,1,1,0,0,0,0,0,1,0,1,0,0,0,0,0,0,0,202,4.4,16.35,0.29,0.14,0.05
"Jun 6, 2018  9:00 PM",4,7,1,0,6,3,22.2,88.8,10,3,8,10,21,0,0,1,0,0,0,0,0,0,0,1,1,0,0,0,0,0,1,0,1,0,0,0,0,0,0,0,202,4.4,16.35,0.29,0.14,0.05
"Jun 6, 2018 10:00 PM",0,2,1,0,22,3,22.2,0,10,3,8,10,22,0,0,1,0,0,0,0,0,0,0,1,1,0,0,0,0,0,1,0,1,0,0,0,0,0,0,1,202,4.4,16.35,0.29,0.14,0.05
"Jun 7, 2018  9:00 AM",3,0,1,20,21,4,16.1428571428571,48.4285714285714,11,2,7,10,9,0,0,0,1,0,0,0,1,0,0,0,0,0,0,0,0,0,1,0,1,0,0,0,0,1,0,0,202,4.4,16.35,0.29,0.14,0.05
"Jun 7, 2018 10:00 AM",5,3,1,19,16,4,16.1428571428571,80.7142857142857,11,2,7,10,10,0,0,0,1,0,0,0,1,0,0,0,0,0,0,0,0,0,1,0,1,0,0,0,0,0,0,0,202,4.4,16.35,0.29,0.14,0.05
"Jun 7, 2018 11:00 AM",7,4,1,31,22,4,16.1428571428571,113,11,2,7,10,11,0,0,0,1,0,0,0,1,0,0,0,0,0,0,0,0,0,1,0,1,0,0,0,0,0,0,0,202,4.4,16.35,0.29,0.14,0.05
"Jun 7, 2018 12:00 PM",27,7,1,102,6,4,16.1428571428571,435.857142857143,11,2,7,10,12,0,0,0,1,0,0,0,0,1,0,0,0,0,0,0,0,0,1,0,1,0,0,0,0,0,0,0,202,4.4,16.35,0.29,0.14,0.05
"Jun 7, 2018  1:00 PM",8,4,1,0,13,4,16.1428571428571,129.142857142857,11,2,7,10,13,0,0,0,1,0,0,0,0,1,0,0,0,0,0,0,0,0,1,0,1,0,0,0,0,0,0,0,202,4.4,16.35,0.29,0.14,0.05
"Jun 7, 2018  2:00 PM",3,2,1,0,26,4,16.1428571428571,48.4285714285714,11,2,7,10,14,0,0,0,1,0,0,0,0,1,0,0,0,0,0,0,0,0,1,0,1,0,0,0,0,0,0,0,202,4.4,16.35,0.29,0.14,0.05
"Jun 7, 2018  3:00 PM",0,4,1,0,9,4,16.1428571428571,0,11,2,7,10,15,0,0,0,1,0,0,0,0,1,0,0,0,0,0,0,0,0,1,0,1,0,0,0,0,0,0,1,202,4.4,16.35,0.29,0.14,0.05
"Jun 12, 2018 10:00 AM",2,0,1,2,0,2,100,200,3,-1,2,11,10,0,1,0,0,0,0,0,1,0,0,0,0,0,1,0,0,0,0,1,0,0,1,0,0,1,0,0,202,4.4,16.35,0.29,0.14,0.05
"Jun 12, 2018 11:00 AM",1,0,0,0,0,2,100,100,3,-1,2,11,11,0,1,0,0,0,0,0,1,0,0,0,0,0,1,0,0,0,0,1,0,0,1,0,0,0,0,1,202,4.4,16.35,0.29,0.14,0.05
