"","sign_ups","serves","servers","average_wait_time","average_serve_time","avgDayServeTime","loadInflux","hourOfDay","weekNum","daysAfterPrevAssnDue","daysUntilNextAssnDue","daysUntilMidterm","daysUntilFinal","NumStudents","InstructorRating","AvgHrsSpent","ProportionFrosh","ProportionGrads","ProportionPhDs"
"Apr 10, 2017  6:00 PM",1,1,1,3,17,17,17,18,1,10,1,18,20,184,4.3,16.35,0.29,0.14,0.05
"Apr 11, 2017 12:00 PM",1,1,1,2,7,11.3333333333333,17,12,1,10,0,17,20,184,4.3,16.35,0.29,0.14,0.05
"Apr 11, 2017  3:00 PM",1,0,0,68,0,11.3333333333333,17,15,1,10,0,17,20,184,4.3,16.35,0.29,0.14,0.05
"Apr 11, 2017  4:00 PM",1,0,0,8,0,11.3333333333333,17,16,1,10,0,17,20,184,4.3,16.35,0.29,0.14,0.05
"Apr 11, 2017  5:00 PM",1,2,2,9,6,11.3333333333333,17,17,1,10,0,17,20,184,4.3,16.35,0.29,0.14,0.05
"Apr 11, 2017  6:00 PM",2,2,2,4,21,11.3333333333333,34,18,1,10,0,17,20,184,4.3,16.35,0.29,0.14,0.05
"Apr 11, 2017  7:00 PM",0,1,0,0,0,11.3333333333333,0,19,1,10,0,17,20,184,4.3,16.35,0.29,0.14,0.05
"Apr 12, 2017  2:00 PM",1,1,1,3,19,11.5,17,14,2,1,6,16,20,184,4.3,16.35,0.29,0.14,0.05
"Apr 12, 2017  3:00 PM",2,2,2,9,4,11.5,34,15,2,1,6,16,20,184,4.3,16.35,0.29,0.14,0.05
"Apr 13, 2017  9:00 AM",2,0,1,8,15,10.5555555555556,34,9,2,2,5,15,20,184,4.3,16.35,0.29,0.14,0.05
"Apr 13, 2017 10:00 AM",4,4,1,12,7,10.5555555555556,68,10,2,2,5,15,20,184,4.3,16.35,0.29,0.14,0.05
"Apr 13, 2017 11:00 AM",3,4,1,3,7,10.5555555555556,51,11,2,2,5,15,20,184,4.3,16.35,0.29,0.14,0.05
"Apr 13, 2017  1:00 PM",4,2,1,11,10,10.5555555555556,68,13,2,2,5,15,20,184,4.3,16.35,0.29,0.14,0.05
"Apr 13, 2017  2:00 PM",8,6,1,22,9,10.5555555555556,136,14,2,2,5,15,20,184,4.3,16.35,0.29,0.14,0.05
"Apr 13, 2017  3:00 PM",4,5,2,18,16,10.5555555555556,68,15,2,2,5,15,20,184,4.3,16.35,0.29,0.14,0.05
"Apr 13, 2017  4:00 PM",2,3,1,17,12,10.5555555555556,34,16,2,2,5,15,20,184,4.3,16.35,0.29,0.14,0.05
"Apr 13, 2017  6:00 PM",2,0,0,7,0,10.5555555555556,34,18,2,2,5,15,20,184,4.3,16.35,0.29,0.14,0.05
"Apr 13, 2017  7:00 PM",8,5,1,39,10,10.5555555555556,136,19,2,2,5,15,20,184,4.3,16.35,0.29,0.14,0.05
"Apr 13, 2017  8:00 PM",2,4,1,42,9,10.5555555555556,34,20,2,2,5,15,20,184,4.3,16.35,0.29,0.14,0.05
"Apr 13, 2017  9:00 PM",0,1,0,0,0,10.5555555555556,0,21,2,2,5,15,20,184,4.3,16.35,0.29,0.14,0.05
"Apr 14, 2017 10:00 AM",8,4,2,13,19,18.5,136,10,2,3,4,14,20,184,4.3,16.35,0.29,0.14,0.05
"Apr 14, 2017 11:00 AM",2,5,2,2,18,18.5,34,11,2,3,4,14,20,184,4.3,16.35,0.29,0.14,0.05
"Apr 15, 2017 11:00 AM",2,0,0,17,0,12.6666666666667,34,11,2,4,3,13,20,184,4.3,16.35,0.29,0.14,0.05
"Apr 15, 2017 12:00 PM",8,5,1,31,10,12.6666666666667,136,12,2,4,3,13,20,184,4.3,16.35,0.29,0.14,0.05
"Apr 15, 2017  1:00 PM",4,5,1,425,11,12.6666666666667,68,13,2,4,3,13,20,184,4.3,16.35,0.29,0.14,0.05
"Apr 15, 2017  2:00 PM",0,2,1,0,17,12.6666666666667,0,14,2,4,3,13,20,184,4.3,16.35,0.29,0.14,0.05
"Apr 16, 2017  3:00 PM",13,6,1,71,9,11,221,15,2,5,2,12,20,184,4.3,16.35,0.29,0.14,0.05
"Apr 16, 2017  4:00 PM",0,5,1,0,11,11,0,16,2,5,2,12,20,184,4.3,16.35,0.29,0.14,0.05
"Apr 16, 2017  5:00 PM",0,3,1,0,11,11,0,17,2,5,2,12,20,184,4.3,16.35,0.29,0.14,0.05
"Apr 16, 2017  7:00 PM",19,5,1,63,11,11,323,19,2,5,2,12,20,184,4.3,16.35,0.29,0.14,0.05
"Apr 16, 2017  8:00 PM",0,6,1,0,10,11,0,20,2,5,2,12,20,184,4.3,16.35,0.29,0.14,0.05
"Apr 16, 2017  9:00 PM",0,4,1,0,14,11,0,21,2,5,2,12,20,184,4.3,16.35,0.29,0.14,0.05
"Apr 16, 2017 10:00 PM",0,1,0,0,0,11,0,22,2,5,2,12,20,184,4.3,16.35,0.29,0.14,0.05
"Apr 17, 2017 10:00 AM",14,6,2,22,4,11.1111111111111,238,10,2,6,1,11,20,184,4.3,16.35,0.29,0.14,0.05
"Apr 17, 2017 11:00 AM",9,5,2,44,17,11.1111111111111,153,11,2,6,1,11,20,184,4.3,16.35,0.29,0.14,0.05
"Apr 17, 2017 12:00 PM",0,5,2,0,14,11.1111111111111,0,12,2,6,1,11,20,184,4.3,16.35,0.29,0.14,0.05
"Apr 17, 2017  2:00 PM",3,0,1,7,7,11.1111111111111,51,14,2,6,1,11,20,184,4.3,16.35,0.29,0.14,0.05
"Apr 17, 2017  3:00 PM",11,5,2,34,13,11.1111111111111,187,15,2,6,1,11,20,184,4.3,16.35,0.29,0.14,0.05
"Apr 17, 2017  4:00 PM",7,10,2,24,12,11.1111111111111,119,16,2,6,1,11,20,184,4.3,16.35,0.29,0.14,0.05
"Apr 17, 2017  5:00 PM",8,8,2,5,10,11.1111111111111,136,17,2,6,1,11,20,184,4.3,16.35,0.29,0.14,0.05
"Apr 17, 2017  6:00 PM",6,5,2,12,14,11.1111111111111,102,18,2,6,1,11,20,184,4.3,16.35,0.29,0.14,0.05
"Apr 17, 2017  7:00 PM",11,11,2,13,9,11.1111111111111,187,19,2,6,1,11,20,184,4.3,16.35,0.29,0.14,0.05
"Apr 17, 2017  8:00 PM",0,2,0,0,0,11.1111111111111,0,20,2,6,1,11,20,184,4.3,16.35,0.29,0.14,0.05
"Apr 18, 2017 10:00 AM",13,5,2,23,17,16.0909090909091,221,10,2,7,0,10,20,184,4.3,16.35,0.29,0.14,0.05
"Apr 18, 2017 11:00 AM",4,7,2,5,11,16.0909090909091,68,11,2,7,0,10,20,184,4.3,16.35,0.29,0.14,0.05
"Apr 18, 2017 12:00 PM",10,4,2,27,15,16.0909090909091,170,12,2,7,0,10,20,184,4.3,16.35,0.29,0.14,0.05
"Apr 18, 2017  1:00 PM",3,6,2,22,22,16.0909090909091,51,13,2,7,0,10,20,184,4.3,16.35,0.29,0.14,0.05
"Apr 18, 2017  2:00 PM",2,6,2,0,16,16.0909090909091,34,14,2,7,0,10,20,184,4.3,16.35,0.29,0.14,0.05
"Apr 18, 2017  3:00 PM",9,5,2,22,10,16.0909090909091,153,15,2,7,0,10,20,184,4.3,16.35,0.29,0.14,0.05
"Apr 18, 2017  4:00 PM",12,8,2,30,11,16.0909090909091,204,16,2,7,0,10,20,184,4.3,16.35,0.29,0.14,0.05
"Apr 18, 2017  5:00 PM",8,9,2,44,18,16.0909090909091,136,17,2,7,0,10,20,184,4.3,16.35,0.29,0.14,0.05
"Apr 18, 2017  6:00 PM",5,4,1,92,16,16.0909090909091,85,18,2,7,0,10,20,184,4.3,16.35,0.29,0.14,0.05
"Apr 18, 2017  7:00 PM",3,2,1,116,25,16.0909090909091,51,19,2,7,0,10,20,184,4.3,16.35,0.29,0.14,0.05
"Apr 18, 2017  8:00 PM",0,4,1,0,16,16.0909090909091,0,20,2,7,0,10,20,184,4.3,16.35,0.29,0.14,0.05
"Apr 18, 2017  9:00 PM",0,1,0,0,0,16.0909090909091,0,21,2,7,0,10,20,184,4.3,16.35,0.29,0.14,0.05
"Apr 19, 2017  9:00 AM",1,0,1,13,6,10.9,17,9,3,1,7,9,20,184,4.3,16.35,0.29,0.14,0.05
"Apr 19, 2017 10:00 AM",5,4,2,5,18,10.9,85,10,3,1,7,9,20,184,4.3,16.35,0.29,0.14,0.05
"Apr 19, 2017 11:00 AM",4,6,2,2,11,10.9,68,11,3,1,7,9,20,184,4.3,16.35,0.29,0.14,0.05
"Apr 19, 2017 12:00 PM",8,4,2,11,6,10.9,136,12,3,1,7,9,20,184,4.3,16.35,0.29,0.14,0.05
"Apr 19, 2017  1:00 PM",7,6,1,21,9,10.9,119,13,3,1,7,9,20,184,4.3,16.35,0.29,0.14,0.05
"Apr 19, 2017  2:00 PM",7,1,1,28,16,10.9,119,14,3,1,7,9,20,184,4.3,16.35,0.29,0.14,0.05
"Apr 19, 2017  3:00 PM",6,5,1,54,10,10.9,102,15,3,1,7,9,20,184,4.3,16.35,0.29,0.14,0.05
"Apr 19, 2017  4:00 PM",5,4,2,42,14,10.9,85,16,3,1,7,9,20,184,4.3,16.35,0.29,0.14,0.05
"Apr 19, 2017  5:00 PM",6,5,1,35,11,10.9,102,17,3,1,7,9,20,184,4.3,16.35,0.29,0.14,0.05
"Apr 19, 2017  6:00 PM",2,6,1,33,8,10.9,34,18,3,1,7,9,20,184,4.3,16.35,0.29,0.14,0.05
"Apr 20, 2017  9:00 AM",4,0,0,18,0,10.1818181818182,68,9,3,2,6,8,20,184,4.3,16.35,0.29,0.14,0.05
"Apr 20, 2017 10:00 AM",10,5,1,47,8,10.1818181818182,170,10,3,2,6,8,20,184,4.3,16.35,0.29,0.14,0.05
"Apr 20, 2017 11:00 AM",5,8,1,49,6,10.1818181818182,85,11,3,2,6,8,20,184,4.3,16.35,0.29,0.14,0.05
"Apr 20, 2017 12:00 PM",1,2,1,0,11,10.1818181818182,17,12,3,2,6,8,20,184,4.3,16.35,0.29,0.14,0.05
"Apr 20, 2017  2:00 PM",10,1,1,30,13,10.1818181818182,170,14,3,2,6,8,20,184,4.3,16.35,0.29,0.14,0.05
"Apr 20, 2017  3:00 PM",9,12,2,17,9,10.1818181818182,153,15,3,2,6,8,20,184,4.3,16.35,0.29,0.14,0.05
"Apr 20, 2017  4:00 PM",10,10,2,27,10,10.1818181818182,170,16,3,2,6,8,20,184,4.3,16.35,0.29,0.14,0.05
"Apr 20, 2017  5:00 PM",0,2,1,0,3,10.1818181818182,0,17,3,2,6,8,20,184,4.3,16.35,0.29,0.14,0.05
"Apr 20, 2017  6:00 PM",3,0,1,16,14,10.1818181818182,51,18,3,2,6,8,20,184,4.3,16.35,0.29,0.14,0.05
"Apr 20, 2017  7:00 PM",11,4,1,84,11,10.1818181818182,187,19,3,2,6,8,20,184,4.3,16.35,0.29,0.14,0.05
"Apr 20, 2017  8:00 PM",2,4,1,86,16,10.1818181818182,34,20,3,2,6,8,20,184,4.3,16.35,0.29,0.14,0.05
"Apr 20, 2017  9:00 PM",0,6,1,0,11,10.1818181818182,0,21,3,2,6,8,20,184,4.3,16.35,0.29,0.14,0.05
"Apr 21, 2017 10:00 AM",11,8,2,16,12,10.6666666666667,187,10,3,3,5,7,20,184,4.3,16.35,0.29,0.14,0.05
"Apr 21, 2017 11:00 AM",3,4,1,16,19,10.6666666666667,51,11,3,3,5,7,20,184,4.3,16.35,0.29,0.14,0.05
"Apr 21, 2017 12:00 PM",0,1,1,0,1,10.6666666666667,0,12,3,3,5,7,20,184,4.3,16.35,0.29,0.14,0.05
"Apr 22, 2017 12:00 PM",13,2,1,74,9,6.66666666666667,221,12,3,4,4,6,20,184,4.3,16.35,0.29,0.14,0.05
"Apr 22, 2017  1:00 PM",2,5,1,82,9,6.66666666666667,34,13,3,4,4,6,20,184,4.3,16.35,0.29,0.14,0.05
"Apr 22, 2017  2:00 PM",0,5,1,0,2,6.66666666666667,0,14,3,4,4,6,20,184,4.3,16.35,0.29,0.14,0.05
"Apr 23, 2017  2:00 PM",5,0,0,17,0,8.6,85,14,3,5,3,5,20,184,4.3,16.35,0.29,0.14,0.05
"Apr 23, 2017  3:00 PM",12,8,1,67,12,8.6,204,15,3,5,3,5,20,184,4.3,16.35,0.29,0.14,0.05
"Apr 23, 2017  4:00 PM",0,7,1,0,6,8.6,0,16,3,5,3,5,20,184,4.3,16.35,0.29,0.14,0.05
"Apr 23, 2017  7:00 PM",19,4,1,72,12,8.6,323,19,3,5,3,5,20,184,4.3,16.35,0.29,0.14,0.05
"Apr 23, 2017  8:00 PM",0,7,1,0,8,8.6,0,20,3,5,3,5,20,184,4.3,16.35,0.29,0.14,0.05
"Apr 23, 2017  9:00 PM",0,6,1,0,5,8.6,0,21,3,5,3,5,20,184,4.3,16.35,0.29,0.14,0.05
"Apr 24, 2017 10:00 AM",16,7,2,31,10,9.125,272,10,3,6,2,4,20,184,4.3,16.35,0.29,0.14,0.05
"Apr 24, 2017 11:00 AM",8,8,2,62,12,9.125,136,11,3,6,2,4,20,184,4.3,16.35,0.29,0.14,0.05
"Apr 24, 2017 12:00 PM",1,6,1,0,5,9.125,17,12,3,6,2,4,20,184,4.3,16.35,0.29,0.14,0.05
"Apr 24, 2017  2:00 PM",1,0,0,40,0,9.125,17,14,3,6,2,4,20,184,4.3,16.35,0.29,0.14,0.05
"Apr 24, 2017  3:00 PM",25,6,2,61,11,9.125,425,15,3,6,2,4,20,184,4.3,16.35,0.29,0.14,0.05
"Apr 24, 2017  4:00 PM",13,13,2,67,10,9.125,221,16,3,6,2,4,20,184,4.3,16.35,0.29,0.14,0.05
"Apr 24, 2017  5:00 PM",6,15,2,38,8,9.125,102,17,3,6,2,4,20,184,4.3,16.35,0.29,0.14,0.05
"Apr 24, 2017  6:00 PM",17,10,1,30,5,9.125,289,18,3,6,2,4,20,184,4.3,16.35,0.29,0.14,0.05
"Apr 24, 2017  7:00 PM",8,8,2,0,12,9.125,136,19,3,6,2,4,20,184,4.3,16.35,0.29,0.14,0.05
"Apr 24, 2017  8:00 PM",0,2,0,0,0,9.125,0,20,3,6,2,4,20,184,4.3,16.35,0.29,0.14,0.05
"Apr 25, 2017 10:00 AM",15,8,2,19,10,10.6363636363636,255,10,3,7,1,3,20,184,4.3,16.35,0.29,0.14,0.05
"Apr 25, 2017 11:00 AM",10,12,2,15,9,10.6363636363636,170,11,3,7,1,3,20,184,4.3,16.35,0.29,0.14,0.05
"Apr 25, 2017 12:00 PM",6,8,4,2,11,10.6363636363636,102,12,3,7,1,3,20,184,4.3,16.35,0.29,0.14,0.05
"Apr 25, 2017  1:00 PM",15,7,2,21,16,10.6363636363636,255,13,3,7,1,3,20,184,4.3,16.35,0.29,0.14,0.05
"Apr 25, 2017  2:00 PM",12,11,3,32,11,10.6363636363636,204,14,3,7,1,3,20,184,4.3,16.35,0.29,0.14,0.05
"Apr 25, 2017  3:00 PM",15,12,2,59,8,10.6363636363636,255,15,3,7,1,3,20,184,4.3,16.35,0.29,0.14,0.05
"Apr 25, 2017  4:00 PM",11,8,2,146,12,10.6363636363636,187,16,3,7,1,3,20,184,4.3,16.35,0.29,0.14,0.05
"Apr 25, 2017  5:00 PM",7,2,1,159,10,10.6363636363636,119,17,3,7,1,3,20,184,4.3,16.35,0.29,0.14,0.05
"Apr 25, 2017  6:00 PM",7,4,1,116,15,10.6363636363636,119,18,3,7,1,3,20,184,4.3,16.35,0.29,0.14,0.05
"Apr 25, 2017  7:00 PM",2,6,1,90,9,10.6363636363636,34,19,3,7,1,3,20,184,4.3,16.35,0.29,0.14,0.05
"Apr 25, 2017  8:00 PM",0,13,1,0,6,10.6363636363636,0,20,3,7,1,3,20,184,4.3,16.35,0.29,0.14,0.05
"Apr 26, 2017 10:00 AM",11,8,2,3,9,9.33333333333333,187,10,4,8,0,2,20,184,4.3,16.35,0.29,0.14,0.05
"Apr 26, 2017 11:00 AM",8,9,2,4,8,9.33333333333333,136,11,4,8,0,2,20,184,4.3,16.35,0.29,0.14,0.05
"Apr 26, 2017 12:00 PM",14,9,2,14,5,9.33333333333333,238,12,4,8,0,2,20,184,4.3,16.35,0.29,0.14,0.05
"Apr 26, 2017  1:00 PM",11,9,1,31,3,9.33333333333333,187,13,4,8,0,2,20,184,4.3,16.35,0.29,0.14,0.05
"Apr 26, 2017  2:00 PM",13,3,1,59,12,9.33333333333333,221,14,4,8,0,2,20,184,4.3,16.35,0.29,0.14,0.05
"Apr 26, 2017  3:00 PM",9,5,1,129,11,9.33333333333333,153,15,4,8,0,2,20,184,4.3,16.35,0.29,0.14,0.05
"Apr 26, 2017  4:00 PM",5,3,2,126,19,9.33333333333333,85,16,4,8,0,2,20,184,4.3,16.35,0.29,0.14,0.05
"Apr 26, 2017  5:00 PM",0,6,1,0,8,9.33333333333333,0,17,4,8,0,2,20,184,4.3,16.35,0.29,0.14,0.05
"Apr 26, 2017  6:00 PM",0,5,1,0,9,9.33333333333333,0,18,4,8,0,2,20,184,4.3,16.35,0.29,0.14,0.05
"Apr 27, 2017 10:00 AM",3,1,1,24,21,13.2222222222222,51,10,4,1,11,1,20,184,4.3,16.35,0.29,0.14,0.05
"Apr 27, 2017 11:00 AM",3,3,1,23,14,13.2222222222222,51,11,4,1,11,1,20,184,4.3,16.35,0.29,0.14,0.05
"Apr 27, 2017 12:00 PM",0,1,0,0,0,13.2222222222222,0,12,4,1,11,1,20,184,4.3,16.35,0.29,0.14,0.05
"Apr 27, 2017  1:00 PM",2,1,1,6,8,13.2222222222222,34,13,4,1,11,1,20,184,4.3,16.35,0.29,0.14,0.05
"Apr 27, 2017  2:00 PM",1,2,1,0,5,13.2222222222222,17,14,4,1,11,1,20,184,4.3,16.35,0.29,0.14,0.05
"Apr 27, 2017  3:00 PM",5,3,2,7,18,13.2222222222222,85,15,4,1,11,1,20,184,4.3,16.35,0.29,0.14,0.05
"Apr 27, 2017  4:00 PM",3,3,1,23,17,13.2222222222222,51,16,4,1,11,1,20,184,4.3,16.35,0.29,0.14,0.05
"Apr 27, 2017  5:00 PM",0,2,2,0,13,13.2222222222222,0,17,4,1,11,1,20,184,4.3,16.35,0.29,0.14,0.05
"Apr 27, 2017  7:00 PM",2,2,1,0,16,13.2222222222222,34,19,4,1,11,1,20,184,4.3,16.35,0.29,0.14,0.05
"Apr 27, 2017  8:00 PM",2,2,1,2,7,13.2222222222222,34,20,4,1,11,1,20,184,4.3,16.35,0.29,0.14,0.05
"Apr 28, 2017 10:00 AM",3,0,1,13,34,34,51,10,4,2,10,0,20,184,4.3,16.35,0.29,0.14,0.05
"Apr 28, 2017 11:00 AM",4,4,1,105,0,34,68,11,4,2,10,0,20,184,4.3,16.35,0.29,0.14,0.05
"Apr 28, 2017  2:00 PM",0,1,1,0,0,34,0,14,4,2,10,0,20,184,4.3,16.35,0.29,0.14,0.05
"Apr 29, 2017 12:00 PM",2,2,1,10,9,9,34,12,4,3,9,20,20,184,4.3,16.35,0.29,0.14,0.05
"Apr 30, 2017  3:00 PM",6,6,1,10,7,9.75,102,15,4,4,8,20,20,184,4.3,16.35,0.29,0.14,0.05
"Apr 30, 2017  4:00 PM",4,4,1,4,4,9.75,68,16,4,4,8,20,20,184,4.3,16.35,0.29,0.14,0.05
"Apr 30, 2017  6:00 PM",1,0,0,0,0,9.75,17,18,4,4,8,20,20,184,4.3,16.35,0.29,0.14,0.05
"Apr 30, 2017  7:00 PM",2,3,1,22,19,9.75,34,19,4,4,8,20,20,184,4.3,16.35,0.29,0.14,0.05
"Apr 30, 2017  8:00 PM",4,3,1,10,9,9.75,68,20,4,4,8,20,20,184,4.3,16.35,0.29,0.14,0.05
"Apr 30, 2017  9:00 PM",0,1,0,0,0,9.75,0,21,4,4,8,20,20,184,4.3,16.35,0.29,0.14,0.05
"May 1, 2017 10:00 AM",8,2,1,32,13,11.6666666666667,136,10,4,5,7,20,20,184,4.3,16.35,0.29,0.14,0.05
"May 1, 2017 11:00 AM",1,6,1,17,11,11.6666666666667,17,11,4,5,7,20,20,184,4.3,16.35,0.29,0.14,0.05
"May 1, 2017 12:00 PM",0,1,0,0,0,11.6666666666667,0,12,4,5,7,20,20,184,4.3,16.35,0.29,0.14,0.05
"May 1, 2017  2:00 PM",11,11,2,13,7,11.6666666666667,187,14,4,5,7,20,20,184,4.3,16.35,0.29,0.14,0.05
"May 1, 2017  3:00 PM",5,5,3,1,8,11.6666666666667,85,15,4,5,7,20,20,184,4.3,16.35,0.29,0.14,0.05
"May 1, 2017  4:00 PM",7,3,2,9,11,11.6666666666667,119,16,4,5,7,20,20,184,4.3,16.35,0.29,0.14,0.05
"May 1, 2017  5:00 PM",6,9,2,1,6,11.6666666666667,102,17,4,5,7,20,20,184,4.3,16.35,0.29,0.14,0.05
"May 1, 2017  6:00 PM",4,3,2,20,13,11.6666666666667,68,18,4,5,7,20,20,184,4.3,16.35,0.29,0.14,0.05
"May 1, 2017  7:00 PM",3,5,2,2,20,11.6666666666667,51,19,4,5,7,20,20,184,4.3,16.35,0.29,0.14,0.05
"May 1, 2017  8:00 PM",2,1,1,15,16,11.6666666666667,34,20,4,5,7,20,20,184,4.3,16.35,0.29,0.14,0.05
"May 1, 2017  9:00 PM",0,1,0,0,0,11.6666666666667,0,21,4,5,7,20,20,184,4.3,16.35,0.29,0.14,0.05
"May 2, 2017 10:00 AM",5,4,2,2,10,13.9090909090909,85,10,4,6,6,20,20,184,4.3,16.35,0.29,0.14,0.05
"May 2, 2017 11:00 AM",5,5,3,2,13,13.9090909090909,85,11,4,6,6,20,20,184,4.3,16.35,0.29,0.14,0.05
"May 2, 2017 12:00 PM",4,3,1,4,27,13.9090909090909,68,12,4,6,6,20,20,184,4.3,16.35,0.29,0.14,0.05
"May 2, 2017  1:00 PM",4,3,2,14,26,13.9090909090909,68,13,4,6,6,20,20,184,4.3,16.35,0.29,0.14,0.05
"May 2, 2017  2:00 PM",4,5,3,0,16,13.9090909090909,68,14,4,6,6,20,20,184,4.3,16.35,0.29,0.14,0.05
"May 2, 2017  3:00 PM",8,9,2,1,12,13.9090909090909,136,15,4,6,6,20,20,184,4.3,16.35,0.29,0.14,0.05
"May 2, 2017  4:00 PM",7,6,2,3,16,13.9090909090909,119,16,4,6,6,20,20,184,4.3,16.35,0.29,0.14,0.05
"May 2, 2017  5:00 PM",6,6,2,7,10,13.9090909090909,102,17,4,6,6,20,20,184,4.3,16.35,0.29,0.14,0.05
"May 2, 2017  6:00 PM",6,4,2,25,6,13.9090909090909,102,18,4,6,6,20,20,184,4.3,16.35,0.29,0.14,0.05
"May 2, 2017  7:00 PM",5,4,1,69,11,13.9090909090909,85,19,4,6,6,20,20,184,4.3,16.35,0.29,0.14,0.05
"May 2, 2017  8:00 PM",0,4,1,0,6,13.9090909090909,0,20,4,6,6,20,20,184,4.3,16.35,0.29,0.14,0.05
"May 2, 2017 10:00 PM",0,1,1,0,0,13.9090909090909,0,22,4,6,6,20,20,184,4.3,16.35,0.29,0.14,0.05
"May 3, 2017  9:00 AM",4,0,1,23,11,7.6,68,9,5,7,5,20,20,184,4.3,16.35,0.29,0.14,0.05
"May 3, 2017 10:00 AM",7,6,2,18,10,7.6,119,10,5,7,5,20,20,184,4.3,16.35,0.29,0.14,0.05
"May 3, 2017 11:00 AM",2,5,2,0,9,7.6,34,11,5,7,5,20,20,184,4.3,16.35,0.29,0.14,0.05
"May 3, 2017 12:00 PM",13,11,2,7,4,7.6,221,12,5,7,5,20,20,184,4.3,16.35,0.29,0.14,0.05
"May 3, 2017  1:00 PM",12,10,1,4,4,7.6,204,13,5,7,5,20,20,184,4.3,16.35,0.29,0.14,0.05
"May 3, 2017  2:00 PM",0,1,0,0,0,7.6,0,14,5,7,5,20,20,184,4.3,16.35,0.29,0.14,0.05
"May 4, 2017  9:00 AM",3,0,0,12,0,9.5,51,9,5,8,4,20,20,184,4.3,16.35,0.29,0.14,0.05
"May 4, 2017 10:00 AM",16,5,1,56,13,9.5,272,10,5,8,4,20,20,184,4.3,16.35,0.29,0.14,0.05
"May 4, 2017 11:00 AM",6,4,1,0,15,9.5,102,11,5,8,4,20,20,184,4.3,16.35,0.29,0.14,0.05
"May 4, 2017 12:00 PM",0,2,0,0,0,9.5,0,12,5,8,4,20,20,184,4.3,16.35,0.29,0.14,0.05
"May 4, 2017  1:00 PM",14,4,1,41,7,9.5,238,13,5,8,4,20,20,184,4.3,16.35,0.29,0.14,0.05
"May 4, 2017  2:00 PM",10,6,1,70,10,9.5,170,14,5,8,4,20,20,184,4.3,16.35,0.29,0.14,0.05
"May 4, 2017  3:00 PM",9,11,2,74,7,9.5,153,15,5,8,4,20,20,184,4.3,16.35,0.29,0.14,0.05
"May 4, 2017  4:00 PM",2,10,1,51,5,9.5,34,16,5,8,4,20,20,184,4.3,16.35,0.29,0.14,0.05
"May 5, 2017 10:00 AM",23,5,2,58,15,12.5,391,10,5,9,3,20,20,184,4.3,16.35,0.29,0.14,0.05
"May 5, 2017 11:00 AM",0,12,2,0,10,12.5,0,11,5,9,3,20,20,184,4.3,16.35,0.29,0.14,0.05
"May 5, 2017 12:00 PM",0,2,1,0,0,12.5,0,12,5,9,3,20,20,184,4.3,16.35,0.29,0.14,0.05
"May 6, 2017 11:00 AM",10,0,0,57,0,8.5,170,11,5,10,2,19,20,184,4.3,16.35,0.29,0.14,0.05
"May 6, 2017 12:00 PM",11,4,1,116,7,8.5,187,12,5,10,2,19,20,184,4.3,16.35,0.29,0.14,0.05
"May 6, 2017  1:00 PM",2,6,1,0,10,8.5,34,13,5,10,2,19,20,184,4.3,16.35,0.29,0.14,0.05
"May 6, 2017  2:00 PM",2,1,0,0,0,8.5,34,14,5,10,2,19,20,184,4.3,16.35,0.29,0.14,0.05
"May 7, 2017  3:00 PM",19,9,1,54,5,5.66666666666667,323,15,5,11,1,18,20,184,4.3,16.35,0.29,0.14,0.05
"May 7, 2017  4:00 PM",3,7,1,56,7,5.66666666666667,51,16,5,11,1,18,20,184,4.3,16.35,0.29,0.14,0.05
"May 7, 2017  5:00 PM",0,4,1,0,5,5.66666666666667,0,17,5,11,1,18,20,184,4.3,16.35,0.29,0.14,0.05
"May 8, 2017 10:00 AM",1,1,1,7,0,8,17,10,5,12,0,17,20,184,4.3,16.35,0.29,0.14,0.05
"May 8, 2017 11:00 AM",2,0,1,12,15,8,34,11,5,12,0,17,20,184,4.3,16.35,0.29,0.14,0.05
"May 8, 2017 12:00 PM",0,1,0,0,0,8,0,12,5,12,0,17,20,184,4.3,16.35,0.29,0.14,0.05
"May 8, 2017  3:00 PM",10,7,2,5,6,8,170,15,5,12,0,17,20,184,4.3,16.35,0.29,0.14,0.05
"May 8, 2017  4:00 PM",4,7,2,0,8,8,68,16,5,12,0,17,20,184,4.3,16.35,0.29,0.14,0.05
"May 8, 2017  6:00 PM",2,1,1,4,7,8,34,18,5,12,0,17,20,184,4.3,16.35,0.29,0.14,0.05
"May 8, 2017  7:00 PM",1,2,1,0,4,8,17,19,5,12,0,17,20,184,4.3,16.35,0.29,0.14,0.05
"May 9, 2017 10:00 AM",4,3,2,3,21,9.9,68,10,5,1,6,16,20,184,4.3,16.35,0.29,0.14,0.05
"May 9, 2017 11:00 AM",3,4,1,7,8,9.9,51,11,5,1,6,16,20,184,4.3,16.35,0.29,0.14,0.05
"May 9, 2017 12:00 PM",6,4,1,7,7,9.9,102,12,5,1,6,16,20,184,4.3,16.35,0.29,0.14,0.05
"May 9, 2017  1:00 PM",6,7,2,1,14,9.9,102,13,5,1,6,16,20,184,4.3,16.35,0.29,0.14,0.05
"May 9, 2017  2:00 PM",6,5,3,1,11,9.9,102,14,5,1,6,16,20,184,4.3,16.35,0.29,0.14,0.05
"May 9, 2017  3:00 PM",4,6,1,13,11,9.9,68,15,5,1,6,16,20,184,4.3,16.35,0.29,0.14,0.05
"May 9, 2017  4:00 PM",9,5,2,4,9,9.9,153,16,5,1,6,16,20,184,4.3,16.35,0.29,0.14,0.05
"May 9, 2017  5:00 PM",8,10,2,8,5,9.9,136,17,5,1,6,16,20,184,4.3,16.35,0.29,0.14,0.05
"May 9, 2017  6:00 PM",6,5,1,5,6,9.9,102,18,5,1,6,16,20,184,4.3,16.35,0.29,0.14,0.05
"May 9, 2017  7:00 PM",3,5,1,13,7,9.9,51,19,5,1,6,16,20,184,4.3,16.35,0.29,0.14,0.05
"May 10, 2017 10:00 AM",7,6,2,11,10,8.42857142857143,119,10,6,2,5,15,20,184,4.3,16.35,0.29,0.14,0.05
"May 10, 2017 11:00 AM",4,2,2,5,8,8.42857142857143,68,11,6,2,5,15,20,184,4.3,16.35,0.29,0.14,0.05
"May 10, 2017 12:00 PM",7,9,2,4,4,8.42857142857143,119,12,6,2,5,15,20,184,4.3,16.35,0.29,0.14,0.05
"May 10, 2017  1:00 PM",6,6,1,3,3,8.42857142857143,102,13,6,2,5,15,20,184,4.3,16.35,0.29,0.14,0.05
"May 10, 2017  2:00 PM",9,2,1,35,9,8.42857142857143,153,14,6,2,5,15,20,184,4.3,16.35,0.29,0.14,0.05
"May 10, 2017  3:00 PM",0,5,1,0,12,8.42857142857143,0,15,6,2,5,15,20,184,4.3,16.35,0.29,0.14,0.05
"May 10, 2017  4:00 PM",4,3,2,17,13,8.42857142857143,68,16,6,2,5,15,20,184,4.3,16.35,0.29,0.14,0.05
"May 10, 2017  5:00 PM",0,1,0,0,0,8.42857142857143,0,17,6,2,5,15,20,184,4.3,16.35,0.29,0.14,0.05
"May 11, 2017  9:00 AM",2,0,0,14,0,8.8,34,9,6,3,4,14,20,184,4.3,16.35,0.29,0.14,0.05
"May 11, 2017 10:00 AM",4,4,1,25,10,8.8,68,10,6,3,4,14,20,184,4.3,16.35,0.29,0.14,0.05
"May 11, 2017 11:00 AM",5,5,1,13,10,8.8,85,11,6,3,4,14,20,184,4.3,16.35,0.29,0.14,0.05
"May 11, 2017 12:00 PM",0,2,1,0,10,8.8,0,12,6,3,4,14,20,184,4.3,16.35,0.29,0.14,0.05
"May 11, 2017  1:00 PM",5,4,1,10,5,8.8,85,13,6,3,4,14,20,184,4.3,16.35,0.29,0.14,0.05
"May 11, 2017  2:00 PM",5,4,1,10,6,8.8,85,14,6,3,4,14,20,184,4.3,16.35,0.29,0.14,0.05
"May 11, 2017  3:00 PM",8,8,1,5,10,8.8,136,15,6,3,4,14,20,184,4.3,16.35,0.29,0.14,0.05
"May 11, 2017  4:00 PM",9,9,1,21,6,8.8,153,16,6,3,4,14,20,184,4.3,16.35,0.29,0.14,0.05
"May 11, 2017  5:00 PM",0,2,0,0,0,8.8,0,17,6,3,4,14,20,184,4.3,16.35,0.29,0.14,0.05
"May 11, 2017  8:00 PM",16,5,1,47,10,8.8,272,20,6,3,4,14,20,184,4.3,16.35,0.29,0.14,0.05
"May 11, 2017  9:00 PM",0,7,1,0,8,8.8,0,21,6,3,4,14,20,184,4.3,16.35,0.29,0.14,0.05
"May 11, 2017 10:00 PM",0,3,1,0,13,8.8,0,22,6,3,4,14,20,184,4.3,16.35,0.29,0.14,0.05
"May 12, 2017 10:00 AM",17,6,2,39,16,12,289,10,6,4,3,13,20,184,4.3,16.35,0.29,0.14,0.05
"May 12, 2017 11:00 AM",1,11,2,42,8,12,17,11,6,4,3,13,20,184,4.3,16.35,0.29,0.14,0.05
"May 13, 2017 11:00 AM",6,0,1,22,7,8.66666666666667,102,11,6,5,2,12,20,184,4.3,16.35,0.29,0.14,0.05
"May 13, 2017 12:00 PM",4,5,1,52,11,8.66666666666667,68,12,6,5,2,12,20,184,4.3,16.35,0.29,0.14,0.05
"May 13, 2017  1:00 PM",6,8,1,38,8,8.66666666666667,102,13,6,5,2,12,20,184,4.3,16.35,0.29,0.14,0.05
"May 14, 2017  7:00 PM",10,8,1,19,7,9.33333333333333,170,19,6,6,1,11,20,184,4.3,16.35,0.29,0.14,0.05
"May 14, 2017  8:00 PM",6,3,1,28,16,9.33333333333333,102,20,6,6,1,11,20,184,4.3,16.35,0.29,0.14,0.05
"May 14, 2017  9:00 PM",0,5,1,0,5,9.33333333333333,0,21,6,6,1,11,20,184,4.3,16.35,0.29,0.14,0.05
"May 15, 2017 10:00 AM",1,1,1,3,15,15,17,10,6,7,0,10,20,184,4.3,16.35,0.29,0.14,0.05
"May 15, 2017 11:00 AM",1,0,1,1,47,15,17,11,6,7,0,10,20,184,4.3,16.35,0.29,0.14,0.05
"May 15, 2017 12:00 PM",0,1,0,0,0,15,0,12,6,7,0,10,20,184,4.3,16.35,0.29,0.14,0.05
"May 15, 2017  2:00 PM",3,3,1,2,5,15,51,14,6,7,0,10,20,184,4.3,16.35,0.29,0.14,0.05
"May 15, 2017  3:00 PM",7,4,3,2,9,15,119,15,6,7,0,10,20,184,4.3,16.35,0.29,0.14,0.05
"May 15, 2017  4:00 PM",8,10,2,2,8,15,136,16,6,7,0,10,20,184,4.3,16.35,0.29,0.14,0.05
"May 15, 2017  5:00 PM",8,7,2,1,7,15,136,17,6,7,0,10,20,184,4.3,16.35,0.29,0.14,0.05
"May 15, 2017  6:00 PM",3,5,2,6,14,15,51,18,6,7,0,10,20,184,4.3,16.35,0.29,0.14,0.05
"May 16, 2017 12:00 PM",6,2,2,10,21,13.25,102,12,6,1,11,9,20,184,4.3,16.35,0.29,0.14,0.05
"May 16, 2017  1:00 PM",3,7,2,10,7,13.25,51,13,6,1,11,9,20,184,4.3,16.35,0.29,0.14,0.05
"May 16, 2017  2:00 PM",4,4,2,2,11,13.25,68,14,6,1,11,9,20,184,4.3,16.35,0.29,0.14,0.05
"May 16, 2017  3:00 PM",7,5,2,3,6,13.25,119,15,6,1,11,9,20,184,4.3,16.35,0.29,0.14,0.05
"May 16, 2017  4:00 PM",3,5,2,1,10,13.25,51,16,6,1,11,9,20,184,4.3,16.35,0.29,0.14,0.05
"May 16, 2017  5:00 PM",1,1,1,1,9,13.25,17,17,6,1,11,9,20,184,4.3,16.35,0.29,0.14,0.05
"May 16, 2017  6:00 PM",3,2,1,1,13,13.25,51,18,6,1,11,9,20,184,4.3,16.35,0.29,0.14,0.05
"May 16, 2017  7:00 PM",1,1,1,2,29,13.25,17,19,6,1,11,9,20,184,4.3,16.35,0.29,0.14,0.05
"May 16, 2017  8:00 PM",0,1,0,0,0,13.25,0,20,6,1,11,9,20,184,4.3,16.35,0.29,0.14,0.05
"May 17, 2017 10:00 AM",6,5,2,12,16,10.2,102,10,7,2,10,8,20,184,4.3,16.35,0.29,0.14,0.05
"May 17, 2017 11:00 AM",5,5,2,4,12,10.2,85,11,7,2,10,8,20,184,4.3,16.35,0.29,0.14,0.05
"May 17, 2017 12:00 PM",4,4,2,1,6,10.2,68,12,7,2,10,8,20,184,4.3,16.35,0.29,0.14,0.05
"May 17, 2017  1:00 PM",1,1,1,1,3,10.2,17,13,7,2,10,8,20,184,4.3,16.35,0.29,0.14,0.05
"May 17, 2017  2:00 PM",9,3,1,31,8,10.2,153,14,7,2,10,8,20,184,4.3,16.35,0.29,0.14,0.05
"May 17, 2017  3:00 PM",7,3,1,36,17,10.2,119,15,7,2,10,8,20,184,4.3,16.35,0.29,0.14,0.05
"May 17, 2017  4:00 PM",1,4,1,0,9,10.2,17,16,7,2,10,8,20,184,4.3,16.35,0.29,0.14,0.05
"May 17, 2017  6:00 PM",4,4,2,3,10,10.2,68,18,7,2,10,8,20,184,4.3,16.35,0.29,0.14,0.05
"May 17, 2017  7:00 PM",6,6,2,3,11,10.2,102,19,7,2,10,8,20,184,4.3,16.35,0.29,0.14,0.05
"May 17, 2017  8:00 PM",5,5,2,4,10,10.2,85,20,7,2,10,8,20,184,4.3,16.35,0.29,0.14,0.05
"May 18, 2017  9:00 AM",4,0,0,25,0,10.5454545454545,68,9,7,3,9,7,20,184,4.3,16.35,0.29,0.14,0.05
"May 18, 2017 10:00 AM",6,5,1,41,9,10.5454545454545,102,10,7,3,9,7,20,184,4.3,16.35,0.29,0.14,0.05
"May 18, 2017 11:00 AM",2,5,1,40,10,10.5454545454545,34,11,7,3,9,7,20,184,4.3,16.35,0.29,0.14,0.05
"May 18, 2017 12:00 PM",0,2,1,0,32,10.5454545454545,0,12,7,3,9,7,20,184,4.3,16.35,0.29,0.14,0.05
"May 18, 2017  1:00 PM",11,2,1,47,13,10.5454545454545,187,13,7,3,9,7,20,184,4.3,16.35,0.29,0.14,0.05
"May 18, 2017  2:00 PM",2,5,2,25,8,10.5454545454545,34,14,7,3,9,7,20,184,4.3,16.35,0.29,0.14,0.05
"May 18, 2017  3:00 PM",10,10,2,14,7,10.5454545454545,170,15,7,3,9,7,20,184,4.3,16.35,0.29,0.14,0.05
"May 18, 2017  4:00 PM",6,7,1,36,7,10.5454545454545,102,16,7,3,9,7,20,184,4.3,16.35,0.29,0.14,0.05
"May 18, 2017  5:00 PM",0,3,1,0,4,10.5454545454545,0,17,7,3,9,7,20,184,4.3,16.35,0.29,0.14,0.05
"May 18, 2017  7:00 PM",15,5,1,32,8,10.5454545454545,255,19,7,3,9,7,20,184,4.3,16.35,0.29,0.14,0.05
"May 18, 2017  8:00 PM",3,5,1,42,13,10.5454545454545,51,20,7,3,9,7,20,184,4.3,16.35,0.29,0.14,0.05
"May 18, 2017  9:00 PM",0,5,1,0,5,10.5454545454545,0,21,7,3,9,7,20,184,4.3,16.35,0.29,0.14,0.05
"May 19, 2017 10:00 AM",9,6,2,26,13,23.5,153,10,7,4,8,6,20,184,4.3,16.35,0.29,0.14,0.05
"May 19, 2017 11:00 AM",1,3,1,9,34,23.5,17,11,7,4,8,6,20,184,4.3,16.35,0.29,0.14,0.05
"May 19, 2017 12:00 PM",0,1,0,0,0,23.5,0,12,7,4,8,6,20,184,4.3,16.35,0.29,0.14,0.05
"May 20, 2017 11:00 AM",1,0,0,13,0,9.5,17,11,7,5,7,5,20,184,4.3,16.35,0.29,0.14,0.05
"May 20, 2017 12:00 PM",11,3,1,37,7,9.5,187,12,7,5,7,5,20,184,4.3,16.35,0.29,0.14,0.05
"May 20, 2017  1:00 PM",2,5,1,0,12,9.5,34,13,7,5,7,5,20,184,4.3,16.35,0.29,0.14,0.05
"May 20, 2017  2:00 PM",0,2,1,0,0,9.5,0,14,7,5,7,5,20,184,4.3,16.35,0.29,0.14,0.05
"May 21, 2017  7:00 PM",16,6,1,55,9,11,272,19,7,6,6,4,20,184,4.3,16.35,0.29,0.14,0.05
"May 21, 2017  8:00 PM",0,4,1,0,16,11,0,20,7,6,6,4,20,184,4.3,16.35,0.29,0.14,0.05
"May 21, 2017  9:00 PM",0,5,1,0,8,11,0,21,7,6,6,4,20,184,4.3,16.35,0.29,0.14,0.05
"May 22, 2017  1:00 PM",15,0,1,38,4,7,255,13,7,7,5,3,20,184,4.3,16.35,0.29,0.14,0.05
"May 22, 2017  2:00 PM",3,10,1,68,5,7,51,14,7,7,5,3,20,184,4.3,16.35,0.29,0.14,0.05
"May 22, 2017  3:00 PM",12,15,3,9,6,7,204,15,7,7,5,3,20,184,4.3,16.35,0.29,0.14,0.05
"May 22, 2017  4:00 PM",10,4,2,5,10,7,170,16,7,7,5,3,20,184,4.3,16.35,0.29,0.14,0.05
"May 22, 2017  5:00 PM",7,10,1,12,7,7,119,17,7,7,5,3,20,184,4.3,16.35,0.29,0.14,0.05
"May 22, 2017  6:00 PM",5,6,2,18,14,7,85,18,7,7,5,3,20,184,4.3,16.35,0.29,0.14,0.05
"May 22, 2017  7:00 PM",1,2,1,11,3,7,17,19,7,7,5,3,20,184,4.3,16.35,0.29,0.14,0.05
"May 23, 2017 10:00 AM",6,2,1,23,14,13.4,102,10,7,8,4,2,20,184,4.3,16.35,0.29,0.14,0.05
"May 23, 2017 11:00 AM",2,5,2,24,15,13.4,34,11,7,8,4,2,20,184,4.3,16.35,0.29,0.14,0.05
"May 23, 2017 12:00 PM",6,2,2,5,19,13.4,102,12,7,8,4,2,20,184,4.3,16.35,0.29,0.14,0.05
"May 23, 2017  1:00 PM",5,8,2,3,11,13.4,85,13,7,8,4,2,20,184,4.3,16.35,0.29,0.14,0.05
"May 23, 2017  2:00 PM",8,8,3,1,10,13.4,136,14,7,8,4,2,20,184,4.3,16.35,0.29,0.14,0.05
"May 23, 2017  3:00 PM",7,5,2,15,9,13.4,119,15,7,8,4,2,20,184,4.3,16.35,0.29,0.14,0.05
"May 23, 2017  4:00 PM",8,7,2,3,18,13.4,136,16,7,8,4,2,20,184,4.3,16.35,0.29,0.14,0.05
"May 23, 2017  5:00 PM",3,6,2,2,9,13.4,51,17,7,8,4,2,20,184,4.3,16.35,0.29,0.14,0.05
"May 23, 2017  6:00 PM",3,3,1,5,14,13.4,51,18,7,8,4,2,20,184,4.3,16.35,0.29,0.14,0.05
"May 23, 2017  7:00 PM",4,3,1,2,15,13.4,68,19,7,8,4,2,20,184,4.3,16.35,0.29,0.14,0.05
"May 23, 2017  8:00 PM",0,1,0,0,0,13.4,0,20,7,8,4,2,20,184,4.3,16.35,0.29,0.14,0.05
"May 24, 2017 10:00 AM",5,3,2,10,20,10.4444444444444,85,10,8,9,3,1,20,184,4.3,16.35,0.29,0.14,0.05
"May 24, 2017 11:00 AM",3,4,2,2,10,10.4444444444444,51,11,8,9,3,1,20,184,4.3,16.35,0.29,0.14,0.05
"May 24, 2017 12:00 PM",6,5,2,10,7,10.4444444444444,102,12,8,9,3,1,20,184,4.3,16.35,0.29,0.14,0.05
"May 24, 2017  1:00 PM",5,4,1,1,3,10.4444444444444,85,13,8,9,3,1,20,184,4.3,16.35,0.29,0.14,0.05
"May 24, 2017  2:00 PM",9,1,1,46,14,10.4444444444444,153,14,8,9,3,1,20,184,4.3,16.35,0.29,0.14,0.05
"May 24, 2017  3:00 PM",3,6,1,66,10,10.4444444444444,51,15,8,9,3,1,20,184,4.3,16.35,0.29,0.14,0.05
"May 24, 2017  4:00 PM",5,6,2,22,9,10.4444444444444,85,16,8,9,3,1,20,184,4.3,16.35,0.29,0.14,0.05
"May 24, 2017  5:00 PM",4,6,1,16,8,10.4444444444444,68,17,8,9,3,1,20,184,4.3,16.35,0.29,0.14,0.05
"May 24, 2017  6:00 PM",3,4,1,13,13,10.4444444444444,51,18,8,9,3,1,20,184,4.3,16.35,0.29,0.14,0.05
"May 25, 2017 10:00 AM",3,3,1,15,3,9.16666666666667,51,10,8,10,2,0,20,184,4.3,16.35,0.29,0.14,0.05
"May 25, 2017 11:00 AM",4,3,1,3,27,9.16666666666667,68,11,8,10,2,0,20,184,4.3,16.35,0.29,0.14,0.05
"May 25, 2017  1:00 PM",4,3,1,6,9,9.16666666666667,68,13,8,10,2,0,20,184,4.3,16.35,0.29,0.14,0.05
"May 25, 2017  2:00 PM",0,2,1,0,2,9.16666666666667,0,14,8,10,2,0,20,184,4.3,16.35,0.29,0.14,0.05
"May 25, 2017  3:00 PM",2,2,1,0,9,9.16666666666667,34,15,8,10,2,0,20,184,4.3,16.35,0.29,0.14,0.05
"May 25, 2017  4:00 PM",5,4,1,13,5,9.16666666666667,85,16,8,10,2,0,20,184,4.3,16.35,0.29,0.14,0.05
"May 25, 2017  5:00 PM",0,1,0,0,0,9.16666666666667,0,17,8,10,2,0,20,184,4.3,16.35,0.29,0.14,0.05
"May 26, 2017  3:00 PM",1,0,0,0,0,12,17,15,8,11,1,20,19,184,4.3,16.35,0.29,0.14,0.05
"May 26, 2017  4:00 PM",3,3,2,1,12,12,51,16,8,11,1,20,19,184,4.3,16.35,0.29,0.14,0.05
"May 26, 2017  5:00 PM",4,5,2,1,12,12,68,17,8,11,1,20,19,184,4.3,16.35,0.29,0.14,0.05
"May 27, 2017 12:00 PM",3,3,1,9,13,11.5,51,12,8,12,0,20,18,184,4.3,16.35,0.29,0.14,0.05
"May 27, 2017  1:00 PM",1,0,0,64,0,11.5,17,13,8,12,0,20,18,184,4.3,16.35,0.29,0.14,0.05
"May 27, 2017  2:00 PM",0,0,1,0,10,11.5,0,14,8,12,0,20,18,184,4.3,16.35,0.29,0.14,0.05
"May 27, 2017  3:00 PM",0,1,0,0,0,11.5,0,15,8,12,0,20,18,184,4.3,16.35,0.29,0.14,0.05
"May 28, 2017  3:00 PM",3,3,1,4,11,10.5,51,15,8,1,12,20,17,184,4.3,16.35,0.29,0.14,0.05
"May 28, 2017  4:00 PM",1,1,1,0,5,10.5,17,16,8,1,12,20,17,184,4.3,16.35,0.29,0.14,0.05
"May 28, 2017  7:00 PM",3,3,1,8,18,10.5,51,19,8,1,12,20,17,184,4.3,16.35,0.29,0.14,0.05
"May 28, 2017  8:00 PM",3,3,1,5,8,10.5,51,20,8,1,12,20,17,184,4.3,16.35,0.29,0.14,0.05
"May 29, 2017 10:00 AM",1,1,1,1,17,15.6,17,10,8,2,11,20,16,184,4.3,16.35,0.29,0.14,0.05
"May 29, 2017 11:00 AM",1,0,0,47,0,15.6,17,11,8,2,11,20,16,184,4.3,16.35,0.29,0.14,0.05
"May 29, 2017 12:00 PM",5,1,1,26,11,15.6,85,12,8,2,11,20,16,184,4.3,16.35,0.29,0.14,0.05
"May 29, 2017  1:00 PM",3,3,1,42,21,15.6,51,13,8,2,11,20,16,184,4.3,16.35,0.29,0.14,0.05
"May 29, 2017  2:00 PM",5,6,1,35,20,15.6,85,14,8,2,11,20,16,184,4.3,16.35,0.29,0.14,0.05
"May 29, 2017  3:00 PM",3,3,1,5,9,15.6,51,15,8,2,11,20,16,184,4.3,16.35,0.29,0.14,0.05
"May 29, 2017  4:00 PM",0,1,0,0,0,15.6,0,16,8,2,11,20,16,184,4.3,16.35,0.29,0.14,0.05
"May 30, 2017 10:00 AM",4,0,1,31,28,14,68,10,8,3,10,20,15,184,4.3,16.35,0.29,0.14,0.05
"May 30, 2017 11:00 AM",1,4,1,4,22,14,17,11,8,3,10,20,15,184,4.3,16.35,0.29,0.14,0.05
"May 30, 2017 12:00 PM",2,2,1,9,16,14,34,12,8,3,10,20,15,184,4.3,16.35,0.29,0.14,0.05
"May 30, 2017  1:00 PM",0,1,0,0,0,14,0,13,8,3,10,20,15,184,4.3,16.35,0.29,0.14,0.05
"May 30, 2017  2:00 PM",2,1,2,0,6,14,34,14,8,3,10,20,15,184,4.3,16.35,0.29,0.14,0.05
"May 30, 2017  3:00 PM",5,5,2,8,13,14,85,15,8,3,10,20,15,184,4.3,16.35,0.29,0.14,0.05
"May 30, 2017  4:00 PM",3,3,2,1,16,14,51,16,8,3,10,20,15,184,4.3,16.35,0.29,0.14,0.05
"May 30, 2017  5:00 PM",1,2,1,1,12,14,17,17,8,3,10,20,15,184,4.3,16.35,0.29,0.14,0.05
"May 30, 2017  6:00 PM",3,2,1,2,6,14,51,18,8,3,10,20,15,184,4.3,16.35,0.29,0.14,0.05
"May 30, 2017  7:00 PM",3,4,1,3,7,14,51,19,8,3,10,20,15,184,4.3,16.35,0.29,0.14,0.05
"May 31, 2017 10:00 AM",3,1,1,11,13,10.75,51,10,9,4,9,20,14,184,4.3,16.35,0.29,0.14,0.05
"May 31, 2017 11:00 AM",2,3,2,2,6,10.75,34,11,9,4,9,20,14,184,4.3,16.35,0.29,0.14,0.05
"May 31, 2017 12:00 PM",2,3,1,6,7,10.75,34,12,9,4,9,20,14,184,4.3,16.35,0.29,0.14,0.05
"May 31, 2017  1:00 PM",1,1,1,18,9,10.75,17,13,9,4,9,20,14,184,4.3,16.35,0.29,0.14,0.05
"May 31, 2017  3:00 PM",5,4,1,16,14,10.75,85,15,9,4,9,20,14,184,4.3,16.35,0.29,0.14,0.05
"May 31, 2017  4:00 PM",4,2,2,15,18,10.75,68,16,9,4,9,20,14,184,4.3,16.35,0.29,0.14,0.05
"May 31, 2017  5:00 PM",4,5,2,4,13,10.75,68,17,9,4,9,20,14,184,4.3,16.35,0.29,0.14,0.05
"May 31, 2017  6:00 PM",2,3,2,4,6,10.75,34,18,9,4,9,20,14,184,4.3,16.35,0.29,0.14,0.05
"Jun 1, 2017  9:00 AM",2,0,0,3,0,13.375,34,9,9,5,8,20,13,184,4.3,16.35,0.29,0.14,0.05
"Jun 1, 2017 10:00 AM",3,3,1,16,18,13.375,51,10,9,5,8,20,13,184,4.3,16.35,0.29,0.14,0.05
"Jun 1, 2017 11:00 AM",3,3,1,4,13,13.375,51,11,9,5,8,20,13,184,4.3,16.35,0.29,0.14,0.05
"Jun 1, 2017 12:00 PM",0,1,0,0,0,13.375,0,12,9,5,8,20,13,184,4.3,16.35,0.29,0.14,0.05
"Jun 1, 2017  3:00 PM",8,4,1,34,10,13.375,136,15,9,5,8,20,13,184,4.3,16.35,0.29,0.14,0.05
"Jun 1, 2017  4:00 PM",7,6,2,20,9,13.375,119,16,9,5,8,20,13,184,4.3,16.35,0.29,0.14,0.05
"Jun 1, 2017  5:00 PM",3,4,1,65,17,13.375,51,17,9,5,8,20,13,184,4.3,16.35,0.29,0.14,0.05
"Jun 1, 2017  6:00 PM",0,4,1,0,16,13.375,0,18,9,5,8,20,13,184,4.3,16.35,0.29,0.14,0.05
"Jun 1, 2017  7:00 PM",5,2,1,7,17,13.375,85,19,9,5,8,20,13,184,4.3,16.35,0.29,0.14,0.05
"Jun 1, 2017  8:00 PM",2,5,1,17,7,13.375,34,20,9,5,8,20,13,184,4.3,16.35,0.29,0.14,0.05
"Jun 2, 2017 10:00 AM",16,7,2,29,14,12.5,272,10,9,6,7,20,12,184,4.3,16.35,0.29,0.14,0.05
"Jun 2, 2017 11:00 AM",2,10,2,1,11,12.5,34,11,9,6,7,20,12,184,4.3,16.35,0.29,0.14,0.05
"Jun 3, 2017 11:00 AM",2,0,0,18,0,19.5,34,11,9,7,6,20,11,184,4.3,16.35,0.29,0.14,0.05
"Jun 3, 2017 12:00 PM",7,3,1,39,13,19.5,119,12,9,7,6,20,11,184,4.3,16.35,0.29,0.14,0.05
"Jun 3, 2017  1:00 PM",2,3,1,27,26,19.5,34,13,9,7,6,20,11,184,4.3,16.35,0.29,0.14,0.05
"Jun 3, 2017  2:00 PM",2,3,0,0,0,19.5,34,14,9,7,6,20,11,184,4.3,16.35,0.29,0.14,0.05
"Jun 4, 2017  1:00 PM",12,3,1,66,14,12.5714285714286,204,13,9,8,5,20,10,184,4.3,16.35,0.29,0.14,0.05
"Jun 4, 2017  2:00 PM",4,3,1,77,24,12.5714285714286,68,14,9,8,5,20,10,184,4.3,16.35,0.29,0.14,0.05
"Jun 4, 2017  3:00 PM",2,5,1,62,12,12.5714285714286,34,15,9,8,5,20,10,184,4.3,16.35,0.29,0.14,0.05
"Jun 4, 2017  4:00 PM",6,7,1,9,9,12.5714285714286,102,16,9,8,5,20,10,184,4.3,16.35,0.29,0.14,0.05
"Jun 4, 2017  5:00 PM",11,9,1,11,6,12.5714285714286,187,17,9,8,5,20,10,184,4.3,16.35,0.29,0.14,0.05
"Jun 4, 2017  6:00 PM",5,4,1,9,10,12.5714285714286,85,18,9,8,5,20,10,184,4.3,16.35,0.29,0.14,0.05
"Jun 4, 2017  7:00 PM",2,3,1,68,13,12.5714285714286,34,19,9,8,5,20,10,184,4.3,16.35,0.29,0.14,0.05
"Jun 4, 2017  9:00 PM",0,1,1,0,0,12.5714285714286,0,21,9,8,5,20,10,184,4.3,16.35,0.29,0.14,0.05
"Jun 5, 2017 10:00 AM",3,3,2,0,6,9.28571428571429,51,10,9,9,4,20,9,184,4.3,16.35,0.29,0.14,0.05
"Jun 5, 2017 11:00 AM",5,4,2,0,13,9.28571428571429,85,11,9,9,4,20,9,184,4.3,16.35,0.29,0.14,0.05
"Jun 5, 2017 12:00 PM",0,1,0,0,0,9.28571428571429,0,12,9,9,4,20,9,184,4.3,16.35,0.29,0.14,0.05
"Jun 5, 2017  3:00 PM",14,7,1,22,7,9.28571428571429,238,15,9,9,4,20,9,184,4.3,16.35,0.29,0.14,0.05
"Jun 5, 2017  4:00 PM",6,6,1,23,9,9.28571428571429,102,16,9,9,4,20,9,184,4.3,16.35,0.29,0.14,0.05
"Jun 5, 2017  5:00 PM",4,6,1,25,10,9.28571428571429,68,17,9,9,4,20,9,184,4.3,16.35,0.29,0.14,0.05
"Jun 5, 2017  6:00 PM",8,8,2,9,8,9.28571428571429,136,18,9,9,4,20,9,184,4.3,16.35,0.29,0.14,0.05
"Jun 5, 2017  7:00 PM",4,5,2,7,12,9.28571428571429,68,19,9,9,4,20,9,184,4.3,16.35,0.29,0.14,0.05
"Jun 6, 2017 10:00 AM",1,0,1,4,16,15.8181818181818,17,10,9,10,3,20,8,184,4.3,16.35,0.29,0.14,0.05
"Jun 6, 2017 11:00 AM",3,2,1,3,22,15.8181818181818,51,11,9,10,3,20,8,184,4.3,16.35,0.29,0.14,0.05
"Jun 6, 2017 12:00 PM",4,2,3,0,14,15.8181818181818,68,12,9,10,3,20,8,184,4.3,16.35,0.29,0.14,0.05
"Jun 6, 2017  1:00 PM",6,6,3,2,13,15.8181818181818,102,13,9,10,3,20,8,184,4.3,16.35,0.29,0.14,0.05
"Jun 6, 2017  2:00 PM",5,7,3,1,14,15.8181818181818,85,14,9,10,3,20,8,184,4.3,16.35,0.29,0.14,0.05
"Jun 6, 2017  3:00 PM",8,5,3,1,16,15.8181818181818,136,15,9,10,3,20,8,184,4.3,16.35,0.29,0.14,0.05
"Jun 6, 2017  4:00 PM",4,7,3,6,20,15.8181818181818,68,16,9,10,3,20,8,184,4.3,16.35,0.29,0.14,0.05
"Jun 6, 2017  5:00 PM",3,3,2,6,9,15.8181818181818,51,17,9,10,3,20,8,184,4.3,16.35,0.29,0.14,0.05
"Jun 6, 2017  6:00 PM",2,1,2,11,15,15.8181818181818,34,18,9,10,3,20,8,184,4.3,16.35,0.29,0.14,0.05
"Jun 6, 2017  7:00 PM",9,6,2,15,21,15.8181818181818,153,19,9,10,3,20,8,184,4.3,16.35,0.29,0.14,0.05
"Jun 6, 2017  8:00 PM",0,3,1,0,14,15.8181818181818,0,20,9,10,3,20,8,184,4.3,16.35,0.29,0.14,0.05
"Jun 7, 2017 10:00 AM",6,4,3,11,21,18.4444444444444,102,10,10,11,2,20,7,184,4.3,16.35,0.29,0.14,0.05
"Jun 7, 2017 11:00 AM",6,6,3,0,13,18.4444444444444,102,11,10,11,2,20,7,184,4.3,16.35,0.29,0.14,0.05
"Jun 7, 2017 12:00 PM",0,2,0,0,0,18.4444444444444,0,12,10,11,2,20,7,184,4.3,16.35,0.29,0.14,0.05
"Jun 7, 2017  1:00 PM",4,4,1,1,2,18.4444444444444,68,13,10,11,2,20,7,184,4.3,16.35,0.29,0.14,0.05
"Jun 7, 2017  2:00 PM",3,2,2,3,15,18.4444444444444,51,14,10,11,2,20,7,184,4.3,16.35,0.29,0.14,0.05
"Jun 7, 2017  3:00 PM",6,2,4,5,30,18.4444444444444,102,15,10,11,2,20,7,184,4.3,16.35,0.29,0.14,0.05
"Jun 7, 2017  4:00 PM",5,6,2,10,33,18.4444444444444,85,16,10,11,2,20,7,184,4.3,16.35,0.29,0.14,0.05
"Jun 7, 2017  5:00 PM",3,5,2,4,18,18.4444444444444,51,17,10,11,2,20,7,184,4.3,16.35,0.29,0.14,0.05
"Jun 7, 2017  6:00 PM",2,1,1,3,24,18.4444444444444,34,18,10,11,2,20,7,184,4.3,16.35,0.29,0.14,0.05
"Jun 7, 2017  7:00 PM",2,3,1,0,10,18.4444444444444,34,19,10,11,2,20,7,184,4.3,16.35,0.29,0.14,0.05
"Jun 7, 2017  8:00 PM",0,1,0,0,0,18.4444444444444,0,20,10,11,2,20,7,184,4.3,16.35,0.29,0.14,0.05
"Jun 8, 2017  4:00 PM",1,1,1,0,23,23,17,16,10,12,1,20,6,184,4.3,16.35,0.29,0.14,0.05
"Jun 9, 2017 10:00 AM",2,1,1,0,20,20,34,10,10,13,0,20,5,184,4.3,16.35,0.29,0.14,0.05
"Jun 9, 2017 11:00 AM",0,1,0,0,0,20,0,11,10,13,0,20,5,184,4.3,16.35,0.29,0.14,0.05
"Jun 10, 2017 12:00 PM",2,1,1,2,16,21.5,34,12,10,1,4,20,4,184,4.3,16.35,0.29,0.14,0.05
"Jun 10, 2017  1:00 PM",1,2,1,0,27,21.5,17,13,10,1,4,20,4,184,4.3,16.35,0.29,0.14,0.05
"Jun 11, 2017  2:00 PM",1,0,1,0,13,13.3333333333333,17,14,10,2,3,20,3,184,4.3,16.35,0.29,0.14,0.05
"Jun 11, 2017  3:00 PM",3,3,1,17,18,13.3333333333333,51,15,10,2,3,20,3,184,4.3,16.35,0.29,0.14,0.05
"Jun 11, 2017  4:00 PM",3,4,1,2,9,13.3333333333333,51,16,10,2,3,20,3,184,4.3,16.35,0.29,0.14,0.05
"Jun 13, 2017  3:00 PM",8,1,1,55,18,14.6666666666667,136,15,10,4,1,20,1,184,4.3,16.35,0.29,0.14,0.05
"Jun 13, 2017  4:00 PM",2,3,1,91,17,14.6666666666667,34,16,10,4,1,20,1,184,4.3,16.35,0.29,0.14,0.05
"Jun 13, 2017  5:00 PM",0,5,1,0,9,14.6666666666667,0,17,10,4,1,20,1,184,4.3,16.35,0.29,0.14,0.05
