"","sign_ups","serves","servers","average_wait_time","average_serve_time","day","avgDayServeTime","loadInflux","daysAfterPrevAssnDue","daysUntilNextAssnDue","daysTilExam","weekNum","hourOfDay","monday","tuesday","wednesday","thursday","friday","saturday","sunday","morning","noon","afternoon","evening","L10daysAfterPrevAssnDue","L5daysAfterPrevAssnDue","L3daysAfterPrevAssnDue","L1daysAfterPrevAssnDue","L10daysUntilNextAssnDue","L5daysUntilNextAssnDue","L3daysUntilNextAssnDue","L1daysUntilNextAssnDue","L10daysTilExam","L5daysTilExam","L3daysTilExam","L1daysTilExam","NumStudents","InstructorRating","AvgHrsSpent","ProportionFrosh","ProportionGrads","ProportionPhDs","index"
"Oct 1, 2018  2:00 PM",0,0,0,0,0,1,15.5,0,-1,0,32,2,14,1,0,0,0,0,0,0,0,1,0,0,0,0,0,1,0,0,0,1,0,0,0,0,220,4.5,16.35,0.29,0.14,0.05,182
"Oct 1, 2018  3:00 PM",0,0,0,0,0,1,15.5,0,-1,0,32,2,15,1,0,0,0,0,0,0,0,1,0,0,0,0,0,1,0,0,0,1,0,0,0,0,220,4.5,16.35,0.29,0.14,0.05,183
"Oct 1, 2018  4:00 PM",0,0,0,0,0,1,15.5,0,-1,0,32,2,16,1,0,0,0,0,0,0,0,0,1,0,0,0,0,1,0,0,0,1,0,0,0,0,220,4.5,16.35,0.29,0.14,0.05,184
"Oct 1, 2018  5:00 PM",0,0,0,0,0,1,15.5,0,-1,0,32,2,17,1,0,0,0,0,0,0,0,0,1,0,0,0,0,1,0,0,0,1,0,0,0,0,220,4.5,16.35,0.29,0.14,0.05,185
"Oct 1, 2018  6:00 PM",2,2,2,2,10,1,15.5,31,-1,0,32,2,18,1,0,0,0,0,0,0,0,0,1,0,0,0,0,1,0,0,0,1,0,0,0,0,220,4.5,16.35,0.29,0.14,0.05,186
"Oct 1, 2018  7:00 PM",1,1,1,0,21,1,15.5,15.5,-1,0,32,2,19,1,0,0,0,0,0,0,0,0,1,0,0,0,0,1,0,0,0,1,0,0,0,0,220,4.5,16.35,0.29,0.14,0.05,187
"Oct 1, 2018  8:00 PM",0,0,0,0,0,1,15.5,0,-1,0,32,2,20,1,0,0,0,0,0,0,0,0,0,1,0,0,0,1,0,0,0,1,0,0,0,0,220,4.5,16.35,0.29,0.14,0.05,188
"Oct 1, 2018  9:00 PM",0,0,0,0,0,1,15.5,0,-1,0,32,2,21,1,0,0,0,0,0,0,0,0,0,1,0,0,0,1,0,0,0,1,0,0,0,0,220,4.5,16.35,0.29,0.14,0.05,189
"Oct 2, 2018  9:00 AM",0,0,0,0,0,2,15,0,1,6,31,2,9,0,1,0,0,0,0,0,1,0,0,0,0,0,0,1,1,0,0,0,0,0,0,0,220,4.5,16.35,0.29,0.14,0.05,201
"Oct 2, 2018 10:00 AM",0,0,0,0,0,2,15,0,1,6,31,2,10,0,1,0,0,0,0,0,1,0,0,0,0,0,0,1,1,0,0,0,0,0,0,0,220,4.5,16.35,0.29,0.14,0.05,202
"Oct 2, 2018 11:00 AM",0,0,0,0,0,2,15,0,1,6,31,2,11,0,1,0,0,0,0,0,1,0,0,0,0,0,0,1,1,0,0,0,0,0,0,0,220,4.5,16.35,0.29,0.14,0.05,203
"Oct 2, 2018 12:00 PM",0,0,0,0,0,2,15,0,1,6,31,2,12,0,1,0,0,0,0,0,0,1,0,0,0,0,0,1,1,0,0,0,0,0,0,0,220,4.5,16.35,0.29,0.14,0.05,204
"Oct 2, 2018  1:00 PM",0,0,0,0,0,2,15,0,1,6,31,2,13,0,1,0,0,0,0,0,0,1,0,0,0,0,0,1,1,0,0,0,0,0,0,0,220,4.5,16.35,0.29,0.14,0.05,205
"Oct 2, 2018  2:00 PM",0,0,0,0,0,2,15,0,1,6,31,2,14,0,1,0,0,0,0,0,0,1,0,0,0,0,0,1,1,0,0,0,0,0,0,0,220,4.5,16.35,0.29,0.14,0.05,206
"Oct 2, 2018  3:00 PM",0,0,0,0,0,2,15,0,1,6,31,2,15,0,1,0,0,0,0,0,0,1,0,0,0,0,0,1,1,0,0,0,0,0,0,0,220,4.5,16.35,0.29,0.14,0.05,207
"Oct 2, 2018  4:00 PM",0,0,0,0,0,2,15,0,1,6,31,2,16,0,1,0,0,0,0,0,0,0,1,0,0,0,0,1,1,0,0,0,0,0,0,0,220,4.5,16.35,0.29,0.14,0.05,208
"Oct 2, 2018  5:00 PM",0,0,0,0,0,2,15,0,1,6,31,2,17,0,1,0,0,0,0,0,0,0,1,0,0,0,0,1,1,0,0,0,0,0,0,0,220,4.5,16.35,0.29,0.14,0.05,209
"Oct 2, 2018  6:00 PM",0,0,0,0,0,2,15,0,1,6,31,2,18,0,1,0,0,0,0,0,0,0,1,0,0,0,0,1,1,0,0,0,0,0,0,0,220,4.5,16.35,0.29,0.14,0.05,210
"Oct 2, 2018  7:00 PM",0,0,0,0,0,2,15,0,1,6,31,2,19,0,1,0,0,0,0,0,0,0,1,0,0,0,0,1,1,0,0,0,0,0,0,0,220,4.5,16.35,0.29,0.14,0.05,211
"Oct 2, 2018  8:00 PM",0,0,0,0,0,2,15,0,1,6,31,2,20,0,1,0,0,0,0,0,0,0,0,1,0,0,0,1,1,0,0,0,0,0,0,0,220,4.5,16.35,0.29,0.14,0.05,212
"Oct 2, 2018  9:00 PM",0,0,0,0,0,2,15,0,1,6,31,2,21,0,1,0,0,0,0,0,0,0,0,1,0,0,0,1,1,0,0,0,0,0,0,0,220,4.5,16.35,0.29,0.14,0.05,213
"Oct 3, 2018  9:00 AM",0,0,0,0,0,3,12,0,2,5,30,2,9,0,0,1,0,0,0,0,1,0,0,0,0,0,1,0,0,1,0,0,0,0,0,0,220,4.5,16.35,0.29,0.14,0.05,225
"Oct 3, 2018 10:00 AM",1,1,1,0,7,3,12,12,2,5,30,2,10,0,0,1,0,0,0,0,1,0,0,0,0,0,1,0,0,1,0,0,0,0,0,0,220,4.5,16.35,0.29,0.14,0.05,226
"Oct 3, 2018 11:00 AM",3,2,1,7,18,3,12,36,2,5,30,2,11,0,0,1,0,0,0,0,1,0,0,0,0,0,1,0,0,1,0,0,0,0,0,0,220,4.5,16.35,0.29,0.14,0.05,227
"Oct 3, 2018 12:00 PM",1,2,1,1,10,3,12,12,2,5,30,2,12,0,0,1,0,0,0,0,0,1,0,0,0,0,1,0,0,1,0,0,0,0,0,0,220,4.5,16.35,0.29,0.14,0.05,228
"Oct 3, 2018  1:00 PM",0,0,0,0,0,3,12,0,2,5,30,2,13,0,0,1,0,0,0,0,0,1,0,0,0,0,1,0,0,1,0,0,0,0,0,0,220,4.5,16.35,0.29,0.14,0.05,229
"Oct 3, 2018  2:00 PM",1,1,1,0,13,3,12,12,2,5,30,2,14,0,0,1,0,0,0,0,0,1,0,0,0,0,1,0,0,1,0,0,0,0,0,0,220,4.5,16.35,0.29,0.14,0.05,230
"Oct 3, 2018  3:00 PM",3,3,2,1,12,3,12,36,2,5,30,2,15,0,0,1,0,0,0,0,0,1,0,0,0,0,1,0,0,1,0,0,0,0,0,0,220,4.5,16.35,0.29,0.14,0.05,231
"Oct 3, 2018  4:00 PM",0,0,0,0,0,3,12,0,2,5,30,2,16,0,0,1,0,0,0,0,0,0,1,0,0,0,1,0,0,1,0,0,0,0,0,0,220,4.5,16.35,0.29,0.14,0.05,232
"Oct 3, 2018  5:00 PM",0,0,0,0,0,3,12,0,2,5,30,2,17,0,0,1,0,0,0,0,0,0,1,0,0,0,1,0,0,1,0,0,0,0,0,0,220,4.5,16.35,0.29,0.14,0.05,233
"Oct 3, 2018  6:00 PM",0,0,0,0,0,3,12,0,2,5,30,2,18,0,0,1,0,0,0,0,0,0,1,0,0,0,1,0,0,1,0,0,0,0,0,0,220,4.5,16.35,0.29,0.14,0.05,234
"Oct 3, 2018  7:00 PM",0,0,0,0,0,3,12,0,2,5,30,2,19,0,0,1,0,0,0,0,0,0,1,0,0,0,1,0,0,1,0,0,0,0,0,0,220,4.5,16.35,0.29,0.14,0.05,235
"Oct 3, 2018  8:00 PM",0,0,0,0,0,3,12,0,2,5,30,2,20,0,0,1,0,0,0,0,0,0,0,1,0,0,1,0,0,1,0,0,0,0,0,0,220,4.5,16.35,0.29,0.14,0.05,236
"Oct 3, 2018  9:00 PM",0,0,0,0,0,3,12,0,2,5,30,2,21,0,0,1,0,0,0,0,0,0,0,1,0,0,1,0,0,1,0,0,0,0,0,0,220,4.5,16.35,0.29,0.14,0.05,237
"Oct 4, 2018  9:00 AM",1,1,1,0,22,4,10.2,10.2,3,4,29,2,9,0,0,0,1,0,0,0,1,0,0,0,0,0,1,0,0,1,0,0,0,0,0,0,220,4.5,16.35,0.29,0.14,0.05,249
"Oct 4, 2018 10:00 AM",1,1,1,1,2,4,10.2,10.2,3,4,29,2,10,0,0,0,1,0,0,0,1,0,0,0,0,0,1,0,0,1,0,0,0,0,0,0,220,4.5,16.35,0.29,0.14,0.05,250
"Oct 4, 2018 11:00 AM",0,0,0,0,0,4,10.2,0,3,4,29,2,11,0,0,0,1,0,0,0,1,0,0,0,0,0,1,0,0,1,0,0,0,0,0,0,220,4.5,16.35,0.29,0.14,0.05,251
"Oct 4, 2018 12:00 PM",0,0,0,0,0,4,10.2,0,3,4,29,2,12,0,0,0,1,0,0,0,0,1,0,0,0,0,1,0,0,1,0,0,0,0,0,0,220,4.5,16.35,0.29,0.14,0.05,252
"Oct 4, 2018  1:00 PM",0,0,0,0,0,4,10.2,0,3,4,29,2,13,0,0,0,1,0,0,0,0,1,0,0,0,0,1,0,0,1,0,0,0,0,0,0,220,4.5,16.35,0.29,0.14,0.05,253
"Oct 4, 2018  2:00 PM",2,0,1,18,11,4,10.2,20.4,3,4,29,2,14,0,0,0,1,0,0,0,0,1,0,0,0,0,1,0,0,1,0,0,0,0,0,0,220,4.5,16.35,0.29,0.14,0.05,254
"Oct 4, 2018  3:00 PM",7,9,2,2,11,4,10.2,71.4,3,4,29,2,15,0,0,0,1,0,0,0,0,1,0,0,0,0,1,0,0,1,0,0,0,0,0,0,220,4.5,16.35,0.29,0.14,0.05,255
"Oct 4, 2018  4:00 PM",8,6,2,2,5,4,10.2,81.6,3,4,29,2,16,0,0,0,1,0,0,0,0,0,1,0,0,0,1,0,0,1,0,0,0,0,0,0,220,4.5,16.35,0.29,0.14,0.05,256
"Oct 4, 2018  5:00 PM",0,1,0,0,0,4,10.2,0,3,4,29,2,17,0,0,0,1,0,0,0,0,0,1,0,0,0,1,0,0,1,0,0,0,0,0,0,220,4.5,16.35,0.29,0.14,0.05,257
"Oct 4, 2018  6:00 PM",0,0,0,0,0,4,10.2,0,3,4,29,2,18,0,0,0,1,0,0,0,0,0,1,0,0,0,1,0,0,1,0,0,0,0,0,0,220,4.5,16.35,0.29,0.14,0.05,258
"Oct 4, 2018  7:00 PM",0,0,0,0,0,4,10.2,0,3,4,29,2,19,0,0,0,1,0,0,0,0,0,1,0,0,0,1,0,0,1,0,0,0,0,0,0,220,4.5,16.35,0.29,0.14,0.05,259
"Oct 4, 2018  8:00 PM",0,0,0,0,0,4,10.2,0,3,4,29,2,20,0,0,0,1,0,0,0,0,0,0,1,0,0,1,0,0,1,0,0,0,0,0,0,220,4.5,16.35,0.29,0.14,0.05,260
"Oct 4, 2018  9:00 PM",0,0,0,0,0,4,10.2,0,3,4,29,2,21,0,0,0,1,0,0,0,0,0,0,1,0,0,1,0,0,1,0,0,0,0,0,0,220,4.5,16.35,0.29,0.14,0.05,261
"Oct 5, 2018  9:00 AM",0,0,0,0,0,5,15.5,0,4,3,28,2,9,0,0,0,0,1,0,0,1,0,0,0,0,1,0,0,0,0,1,0,0,0,0,0,220,4.5,16.35,0.29,0.14,0.05,273
"Oct 5, 2018 10:00 AM",0,0,0,0,0,5,15.5,0,4,3,28,2,10,0,0,0,0,1,0,0,1,0,0,0,0,1,0,0,0,0,1,0,0,0,0,0,220,4.5,16.35,0.29,0.14,0.05,274
"Oct 5, 2018 11:00 AM",0,0,0,0,0,5,15.5,0,4,3,28,2,11,0,0,0,0,1,0,0,1,0,0,0,0,1,0,0,0,0,1,0,0,0,0,0,220,4.5,16.35,0.29,0.14,0.05,275
"Oct 5, 2018 12:00 PM",0,0,0,0,0,5,15.5,0,4,3,28,2,12,0,0,0,0,1,0,0,0,1,0,0,0,1,0,0,0,0,1,0,0,0,0,0,220,4.5,16.35,0.29,0.14,0.05,276
"Oct 5, 2018  1:00 PM",0,0,0,0,0,5,15.5,0,4,3,28,2,13,0,0,0,0,1,0,0,0,1,0,0,0,1,0,0,0,0,1,0,0,0,0,0,220,4.5,16.35,0.29,0.14,0.05,277
"Oct 5, 2018  2:00 PM",0,0,0,0,0,5,15.5,0,4,3,28,2,14,0,0,0,0,1,0,0,0,1,0,0,0,1,0,0,0,0,1,0,0,0,0,0,220,4.5,16.35,0.29,0.14,0.05,278
"Oct 5, 2018  3:00 PM",0,0,0,0,0,5,15.5,0,4,3,28,2,15,0,0,0,0,1,0,0,0,1,0,0,0,1,0,0,0,0,1,0,0,0,0,0,220,4.5,16.35,0.29,0.14,0.05,279
"Oct 5, 2018  4:00 PM",14,7,2,21,15,5,15.5,217,4,3,28,2,16,0,0,0,0,1,0,0,0,0,1,0,0,1,0,0,0,0,1,0,0,0,0,0,220,4.5,16.35,0.29,0.14,0.05,280
"Oct 5, 2018  5:00 PM",5,9,2,18,16,5,15.5,77.5,4,3,28,2,17,0,0,0,0,1,0,0,0,0,1,0,0,1,0,0,0,0,1,0,0,0,0,0,220,4.5,16.35,0.29,0.14,0.05,281
"Oct 5, 2018  6:00 PM",0,3,0,0,0,5,15.5,0,4,3,28,2,18,0,0,0,0,1,0,0,0,0,1,0,0,1,0,0,0,0,1,0,0,0,0,0,220,4.5,16.35,0.29,0.14,0.05,282
"Oct 5, 2018  7:00 PM",0,0,0,0,0,5,15.5,0,4,3,28,2,19,0,0,0,0,1,0,0,0,0,1,0,0,1,0,0,0,0,1,0,0,0,0,0,220,4.5,16.35,0.29,0.14,0.05,283
"Oct 5, 2018  8:00 PM",0,0,0,0,0,5,15.5,0,4,3,28,2,20,0,0,0,0,1,0,0,0,0,0,1,0,1,0,0,0,0,1,0,0,0,0,0,220,4.5,16.35,0.29,0.14,0.05,284
"Oct 5, 2018  9:00 PM",0,0,0,0,0,5,15.5,0,4,3,28,2,21,0,0,0,0,1,0,0,0,0,0,1,0,1,0,0,0,0,1,0,0,0,0,0,220,4.5,16.35,0.29,0.14,0.05,285
"Oct 6, 2018  9:00 AM",0,0,0,0,0,6,15,0,5,2,27,2,9,0,0,0,0,0,1,0,1,0,0,0,0,1,0,0,0,0,1,0,0,0,0,0,220,4.5,16.35,0.29,0.14,0.05,297
"Oct 6, 2018 10:00 AM",0,0,0,0,0,6,15,0,5,2,27,2,10,0,0,0,0,0,1,0,1,0,0,0,0,1,0,0,0,0,1,0,0,0,0,0,220,4.5,16.35,0.29,0.14,0.05,298
"Oct 6, 2018 11:00 AM",0,0,0,0,0,6,15,0,5,2,27,2,11,0,0,0,0,0,1,0,1,0,0,0,0,1,0,0,0,0,1,0,0,0,0,0,220,4.5,16.35,0.29,0.14,0.05,299
"Oct 6, 2018 12:00 PM",0,0,0,0,0,6,15,0,5,2,27,2,12,0,0,0,0,0,1,0,0,1,0,0,0,1,0,0,0,0,1,0,0,0,0,0,220,4.5,16.35,0.29,0.14,0.05,300
"Oct 6, 2018  1:00 PM",0,0,0,0,0,6,15,0,5,2,27,2,13,0,0,0,0,0,1,0,0,1,0,0,0,1,0,0,0,0,1,0,0,0,0,0,220,4.5,16.35,0.29,0.14,0.05,301
"Oct 6, 2018  2:00 PM",0,0,0,0,0,6,15,0,5,2,27,2,14,0,0,0,0,0,1,0,0,1,0,0,0,1,0,0,0,0,1,0,0,0,0,0,220,4.5,16.35,0.29,0.14,0.05,302
"Oct 6, 2018  3:00 PM",0,0,0,0,0,6,15,0,5,2,27,2,15,0,0,0,0,0,1,0,0,1,0,0,0,1,0,0,0,0,1,0,0,0,0,0,220,4.5,16.35,0.29,0.14,0.05,303
"Oct 6, 2018  4:00 PM",0,0,0,0,0,6,15,0,5,2,27,2,16,0,0,0,0,0,1,0,0,0,1,0,0,1,0,0,0,0,1,0,0,0,0,0,220,4.5,16.35,0.29,0.14,0.05,304
"Oct 6, 2018  5:00 PM",0,0,0,0,0,6,15,0,5,2,27,2,17,0,0,0,0,0,1,0,0,0,1,0,0,1,0,0,0,0,1,0,0,0,0,0,220,4.5,16.35,0.29,0.14,0.05,305
"Oct 6, 2018  6:00 PM",0,0,0,0,0,6,15,0,5,2,27,2,18,0,0,0,0,0,1,0,0,0,1,0,0,1,0,0,0,0,1,0,0,0,0,0,220,4.5,16.35,0.29,0.14,0.05,306
"Oct 6, 2018  7:00 PM",0,0,0,0,0,6,15,0,5,2,27,2,19,0,0,0,0,0,1,0,0,0,1,0,0,1,0,0,0,0,1,0,0,0,0,0,220,4.5,16.35,0.29,0.14,0.05,307
"Oct 6, 2018  8:00 PM",0,0,0,0,0,6,15,0,5,2,27,2,20,0,0,0,0,0,1,0,0,0,0,1,0,1,0,0,0,0,1,0,0,0,0,0,220,4.5,16.35,0.29,0.14,0.05,308
"Oct 6, 2018  9:00 PM",0,0,0,0,0,6,15,0,5,2,27,2,21,0,0,0,0,0,1,0,0,0,0,1,0,1,0,0,0,0,1,0,0,0,0,0,220,4.5,16.35,0.29,0.14,0.05,309
"Oct 8, 2018  9:00 AM",0,0,0,0,0,1,12.6,0,7,0,25,3,9,1,0,0,0,0,0,0,1,0,0,0,1,0,0,0,0,0,0,1,0,0,0,0,220,4.5,16.35,0.29,0.14,0.05,177
"Oct 8, 2018 10:00 AM",0,0,0,0,0,1,12.6,0,7,0,25,3,10,1,0,0,0,0,0,0,1,0,0,0,1,0,0,0,0,0,0,1,0,0,0,0,220,4.5,16.35,0.29,0.14,0.05,178
"Oct 8, 2018 11:00 AM",0,0,0,0,0,1,12.6,0,7,0,25,3,11,1,0,0,0,0,0,0,1,0,0,0,1,0,0,0,0,0,0,1,0,0,0,0,220,4.5,16.35,0.29,0.14,0.05,179
"Oct 8, 2018 12:00 PM",0,0,0,0,0,1,12.6,0,7,0,25,3,12,1,0,0,0,0,0,0,0,1,0,0,1,0,0,0,0,0,0,1,0,0,0,0,220,4.5,16.35,0.29,0.14,0.05,180
"Oct 8, 2018  1:00 PM",18,5,2,49,12,1,12.6,226.8,7,0,25,3,13,1,0,0,0,0,0,0,0,1,0,0,1,0,0,0,0,0,0,1,0,0,0,0,220,4.5,16.35,0.29,0.14,0.05,181
"Oct 8, 2018  2:00 PM",4,8,2,45,17,1,12.6,50.4,7,0,25,3,14,1,0,0,0,0,0,0,0,1,0,0,1,0,0,0,0,0,0,1,0,0,0,0,220,4.5,16.35,0.29,0.14,0.05,182
"Oct 8, 2018  3:00 PM",1,8,2,0,11,1,12.6,12.6,7,0,25,3,15,1,0,0,0,0,0,0,0,1,0,0,1,0,0,0,0,0,0,1,0,0,0,0,220,4.5,16.35,0.29,0.14,0.05,183
"Oct 8, 2018  4:00 PM",0,0,0,0,0,1,12.6,0,7,0,25,3,16,1,0,0,0,0,0,0,0,0,1,0,1,0,0,0,0,0,0,1,0,0,0,0,220,4.5,16.35,0.29,0.14,0.05,184
"Oct 8, 2018  5:00 PM",0,0,0,0,0,1,12.6,0,7,0,25,3,17,1,0,0,0,0,0,0,0,0,1,0,1,0,0,0,0,0,0,1,0,0,0,0,220,4.5,16.35,0.29,0.14,0.05,185
"Oct 8, 2018  6:00 PM",19,9,2,30,11,1,12.6,239.4,7,0,25,3,18,1,0,0,0,0,0,0,0,0,1,0,1,0,0,0,0,0,0,1,0,0,0,0,220,4.5,16.35,0.29,0.14,0.05,186
"Oct 8, 2018  7:00 PM",4,9,2,21,12,1,12.6,50.4,7,0,25,3,19,1,0,0,0,0,0,0,0,0,1,0,1,0,0,0,0,0,0,1,0,0,0,0,220,4.5,16.35,0.29,0.14,0.05,187
"Oct 8, 2018  8:00 PM",0,1,0,0,0,1,12.6,0,7,0,25,3,20,1,0,0,0,0,0,0,0,0,0,1,1,0,0,0,0,0,0,1,0,0,0,0,220,4.5,16.35,0.29,0.14,0.05,188
"Oct 8, 2018  9:00 PM",0,0,0,0,0,1,12.6,0,7,0,25,3,21,1,0,0,0,0,0,0,0,0,0,1,1,0,0,0,0,0,0,1,0,0,0,0,220,4.5,16.35,0.29,0.14,0.05,189
"Oct 9, 2018  9:00 AM",0,0,0,0,0,2,15.5,0,1,6,24,3,9,0,1,0,0,0,0,0,1,0,0,0,0,0,0,1,1,0,0,0,0,0,0,0,220,4.5,16.35,0.29,0.14,0.05,201
"Oct 9, 2018 10:00 AM",0,0,0,0,0,2,15.5,0,1,6,24,3,10,0,1,0,0,0,0,0,1,0,0,0,0,0,0,1,1,0,0,0,0,0,0,0,220,4.5,16.35,0.29,0.14,0.05,202
"Oct 9, 2018 11:00 AM",0,0,0,0,0,2,15.5,0,1,6,24,3,11,0,1,0,0,0,0,0,1,0,0,0,0,0,0,1,1,0,0,0,0,0,0,0,220,4.5,16.35,0.29,0.14,0.05,203
"Oct 9, 2018 12:00 PM",0,0,0,0,0,2,15.5,0,1,6,24,3,12,0,1,0,0,0,0,0,0,1,0,0,0,0,0,1,1,0,0,0,0,0,0,0,220,4.5,16.35,0.29,0.14,0.05,204
"Oct 9, 2018  1:00 PM",10,2,2,12,24,2,15.5,155,1,6,24,3,13,0,1,0,0,0,0,0,0,1,0,0,0,0,0,1,1,0,0,0,0,0,0,0,220,4.5,16.35,0.29,0.14,0.05,205
"Oct 9, 2018  2:00 PM",7,8,2,16,20,2,15.5,108.5,1,6,24,3,14,0,1,0,0,0,0,0,0,1,0,0,0,0,0,1,1,0,0,0,0,0,0,0,220,4.5,16.35,0.29,0.14,0.05,206
"Oct 9, 2018  3:00 PM",6,5,2,15,15,2,15.5,93,1,6,24,3,15,0,1,0,0,0,0,0,0,1,0,0,0,0,0,1,1,0,0,0,0,0,0,0,220,4.5,16.35,0.29,0.14,0.05,207
"Oct 9, 2018  4:00 PM",3,6,1,5,3,2,15.5,46.5,1,6,24,3,16,0,1,0,0,0,0,0,0,0,1,0,0,0,0,1,1,0,0,0,0,0,0,0,220,4.5,16.35,0.29,0.14,0.05,208
"Oct 9, 2018  5:00 PM",0,0,0,0,0,2,15.5,0,1,6,24,3,17,0,1,0,0,0,0,0,0,0,1,0,0,0,0,1,1,0,0,0,0,0,0,0,220,4.5,16.35,0.29,0.14,0.05,209
"Oct 9, 2018  6:00 PM",0,0,0,0,0,2,15.5,0,1,6,24,3,18,0,1,0,0,0,0,0,0,0,1,0,0,0,0,1,1,0,0,0,0,0,0,0,220,4.5,16.35,0.29,0.14,0.05,210
"Oct 9, 2018  7:00 PM",0,0,0,0,0,2,15.5,0,1,6,24,3,19,0,1,0,0,0,0,0,0,0,1,0,0,0,0,1,1,0,0,0,0,0,0,0,220,4.5,16.35,0.29,0.14,0.05,211
"Oct 9, 2018  8:00 PM",0,0,0,0,0,2,15.5,0,1,6,24,3,20,0,1,0,0,0,0,0,0,0,0,1,0,0,0,1,1,0,0,0,0,0,0,0,220,4.5,16.35,0.29,0.14,0.05,212
"Oct 9, 2018  9:00 PM",0,0,0,0,0,2,15.5,0,1,6,24,3,21,0,1,0,0,0,0,0,0,0,0,1,0,0,0,1,1,0,0,0,0,0,0,0,220,4.5,16.35,0.29,0.14,0.05,213
"Oct 10, 2018  9:00 AM",0,0,0,0,0,3,15.2857142857143,0,2,5,23,3,9,0,0,1,0,0,0,0,1,0,0,0,0,0,1,0,0,1,0,0,0,0,0,0,220,4.5,16.35,0.29,0.14,0.05,225
"Oct 10, 2018 10:00 AM",3,1,1,7,32,3,15.2857142857143,45.8571428571429,2,5,23,3,10,0,0,1,0,0,0,0,1,0,0,0,0,0,1,0,0,1,0,0,0,0,0,0,220,4.5,16.35,0.29,0.14,0.05,226
"Oct 10, 2018 11:00 AM",6,5,2,19,12,3,15.2857142857143,91.7142857142857,2,5,23,3,11,0,0,1,0,0,0,0,1,0,0,0,0,0,1,0,0,1,0,0,0,0,0,0,220,4.5,16.35,0.29,0.14,0.05,227
"Oct 10, 2018 12:00 PM",11,8,3,11,10,3,15.2857142857143,168.142857142857,2,5,23,3,12,0,0,1,0,0,0,0,0,1,0,0,0,0,1,0,0,1,0,0,0,0,0,0,220,4.5,16.35,0.29,0.14,0.05,228
"Oct 10, 2018  1:00 PM",5,8,2,11,7,3,15.2857142857143,76.4285714285714,2,5,23,3,13,0,0,1,0,0,0,0,0,1,0,0,0,0,1,0,0,1,0,0,0,0,0,0,220,4.5,16.35,0.29,0.14,0.05,229
"Oct 10, 2018  2:00 PM",8,5,2,8,20,3,15.2857142857143,122.285714285714,2,5,23,3,14,0,0,1,0,0,0,0,0,1,0,0,0,0,1,0,0,1,0,0,0,0,0,0,220,4.5,16.35,0.29,0.14,0.05,230
"Oct 10, 2018  3:00 PM",6,6,2,25,21,3,15.2857142857143,91.7142857142857,2,5,23,3,15,0,0,1,0,0,0,0,0,1,0,0,0,0,1,0,0,1,0,0,0,0,0,0,220,4.5,16.35,0.29,0.14,0.05,231
"Oct 10, 2018  4:00 PM",0,3,1,0,5,3,15.2857142857143,0,2,5,23,3,16,0,0,1,0,0,0,0,0,0,1,0,0,0,1,0,0,1,0,0,0,0,0,0,220,4.5,16.35,0.29,0.14,0.05,232
"Oct 10, 2018  5:00 PM",0,0,0,0,0,3,15.2857142857143,0,2,5,23,3,17,0,0,1,0,0,0,0,0,0,1,0,0,0,1,0,0,1,0,0,0,0,0,0,220,4.5,16.35,0.29,0.14,0.05,233
"Oct 10, 2018  6:00 PM",0,0,0,0,0,3,15.2857142857143,0,2,5,23,3,18,0,0,1,0,0,0,0,0,0,1,0,0,0,1,0,0,1,0,0,0,0,0,0,220,4.5,16.35,0.29,0.14,0.05,234
"Oct 10, 2018  7:00 PM",0,0,0,0,0,3,15.2857142857143,0,2,5,23,3,19,0,0,1,0,0,0,0,0,0,1,0,0,0,1,0,0,1,0,0,0,0,0,0,220,4.5,16.35,0.29,0.14,0.05,235
"Oct 10, 2018  8:00 PM",0,0,0,0,0,3,15.2857142857143,0,2,5,23,3,20,0,0,1,0,0,0,0,0,0,0,1,0,0,1,0,0,1,0,0,0,0,0,0,220,4.5,16.35,0.29,0.14,0.05,236
"Oct 10, 2018  9:00 PM",0,0,0,0,0,3,15.2857142857143,0,2,5,23,3,21,0,0,1,0,0,0,0,0,0,0,1,0,0,1,0,0,1,0,0,0,0,0,0,220,4.5,16.35,0.29,0.14,0.05,237
"Oct 11, 2018  9:00 AM",8,7,2,3,14,4,14.6666666666667,117.333333333333,3,4,22,3,9,0,0,0,1,0,0,0,1,0,0,0,0,0,1,0,0,1,0,0,0,0,0,0,220,4.5,16.35,0.29,0.14,0.05,249
"Oct 11, 2018 10:00 AM",2,4,2,2,25,4,14.6666666666667,29.3333333333333,3,4,22,3,10,0,0,0,1,0,0,0,1,0,0,0,0,0,1,0,0,1,0,0,0,0,0,0,220,4.5,16.35,0.29,0.14,0.05,250
"Oct 11, 2018 11:00 AM",0,0,0,0,0,4,14.6666666666667,0,3,4,22,3,11,0,0,0,1,0,0,0,1,0,0,0,0,0,1,0,0,1,0,0,0,0,0,0,220,4.5,16.35,0.29,0.14,0.05,251
"Oct 11, 2018 12:00 PM",0,0,0,0,0,4,14.6666666666667,0,3,4,22,3,12,0,0,0,1,0,0,0,0,1,0,0,0,0,1,0,0,1,0,0,0,0,0,0,220,4.5,16.35,0.29,0.14,0.05,252
"Oct 11, 2018  1:00 PM",0,0,0,0,0,4,14.6666666666667,0,3,4,22,3,13,0,0,0,1,0,0,0,0,1,0,0,0,0,1,0,0,1,0,0,0,0,0,0,220,4.5,16.35,0.29,0.14,0.05,253
"Oct 11, 2018  2:00 PM",3,1,1,0,4,4,14.6666666666667,44,3,4,22,3,14,0,0,0,1,0,0,0,0,1,0,0,0,0,1,0,0,1,0,0,0,0,0,0,220,4.5,16.35,0.29,0.14,0.05,254
"Oct 11, 2018  3:00 PM",3,3,2,5,20,4,14.6666666666667,44,3,4,22,3,15,0,0,0,1,0,0,0,0,1,0,0,0,0,1,0,0,1,0,0,0,0,0,0,220,4.5,16.35,0.29,0.14,0.05,255
"Oct 11, 2018  4:00 PM",2,3,2,2,5,4,14.6666666666667,29.3333333333333,3,4,22,3,16,0,0,0,1,0,0,0,0,0,1,0,0,0,1,0,0,1,0,0,0,0,0,0,220,4.5,16.35,0.29,0.14,0.05,256
"Oct 11, 2018  5:00 PM",0,0,0,0,0,4,14.6666666666667,0,3,4,22,3,17,0,0,0,1,0,0,0,0,0,1,0,0,0,1,0,0,1,0,0,0,0,0,0,220,4.5,16.35,0.29,0.14,0.05,257
"Oct 11, 2018  6:00 PM",0,0,0,0,0,4,14.6666666666667,0,3,4,22,3,18,0,0,0,1,0,0,0,0,0,1,0,0,0,1,0,0,1,0,0,0,0,0,0,220,4.5,16.35,0.29,0.14,0.05,258
"Oct 11, 2018  7:00 PM",0,0,0,0,0,4,14.6666666666667,0,3,4,22,3,19,0,0,0,1,0,0,0,0,0,1,0,0,0,1,0,0,1,0,0,0,0,0,0,220,4.5,16.35,0.29,0.14,0.05,259
"Oct 11, 2018  8:00 PM",0,0,0,0,0,4,14.6666666666667,0,3,4,22,3,20,0,0,0,1,0,0,0,0,0,0,1,0,0,1,0,0,1,0,0,0,0,0,0,220,4.5,16.35,0.29,0.14,0.05,260
"Oct 11, 2018  9:00 PM",0,0,0,0,0,4,14.6666666666667,0,3,4,22,3,21,0,0,0,1,0,0,0,0,0,0,1,0,0,1,0,0,1,0,0,0,0,0,0,220,4.5,16.35,0.29,0.14,0.05,261
"Oct 12, 2018  9:00 AM",0,0,0,0,0,5,14,0,4,3,21,3,9,0,0,0,0,1,0,0,1,0,0,0,0,1,0,0,0,0,1,0,0,0,0,0,220,4.5,16.35,0.29,0.14,0.05,273
"Oct 12, 2018 10:00 AM",0,0,0,0,0,5,14,0,4,3,21,3,10,0,0,0,0,1,0,0,1,0,0,0,0,1,0,0,0,0,1,0,0,0,0,0,220,4.5,16.35,0.29,0.14,0.05,274
"Oct 12, 2018 11:00 AM",0,0,0,0,0,5,14,0,4,3,21,3,11,0,0,0,0,1,0,0,1,0,0,0,0,1,0,0,0,0,1,0,0,0,0,0,220,4.5,16.35,0.29,0.14,0.05,275
"Oct 12, 2018 12:00 PM",0,0,0,0,0,5,14,0,4,3,21,3,12,0,0,0,0,1,0,0,0,1,0,0,0,1,0,0,0,0,1,0,0,0,0,0,220,4.5,16.35,0.29,0.14,0.05,276
"Oct 12, 2018  1:00 PM",3,2,1,20,7,5,14,42,4,3,21,3,13,0,0,0,0,1,0,0,0,1,0,0,0,1,0,0,0,0,1,0,0,0,0,0,220,4.5,16.35,0.29,0.14,0.05,277
"Oct 12, 2018  2:00 PM",2,1,1,22,17,5,14,28,4,3,21,3,14,0,0,0,0,1,0,0,0,1,0,0,0,1,0,0,0,0,1,0,0,0,0,0,220,4.5,16.35,0.29,0.14,0.05,278
"Oct 12, 2018  3:00 PM",0,2,1,0,0,5,14,0,4,3,21,3,15,0,0,0,0,1,0,0,0,1,0,0,0,1,0,0,0,0,1,0,0,0,0,0,220,4.5,16.35,0.29,0.14,0.05,279
"Oct 12, 2018  4:00 PM",10,8,2,9,13,5,14,140,4,3,21,3,16,0,0,0,0,1,0,0,0,0,1,0,0,1,0,0,0,0,1,0,0,0,0,0,220,4.5,16.35,0.29,0.14,0.05,280
"Oct 12, 2018  5:00 PM",9,6,2,8,19,5,14,126,4,3,21,3,17,0,0,0,0,1,0,0,0,0,1,0,0,1,0,0,0,0,1,0,0,0,0,0,220,4.5,16.35,0.29,0.14,0.05,281
"Oct 12, 2018  6:00 PM",0,2,0,0,0,5,14,0,4,3,21,3,18,0,0,0,0,1,0,0,0,0,1,0,0,1,0,0,0,0,1,0,0,0,0,0,220,4.5,16.35,0.29,0.14,0.05,282
"Oct 12, 2018  7:00 PM",0,0,0,0,0,5,14,0,4,3,21,3,19,0,0,0,0,1,0,0,0,0,1,0,0,1,0,0,0,0,1,0,0,0,0,0,220,4.5,16.35,0.29,0.14,0.05,283
"Oct 12, 2018  8:00 PM",0,0,0,0,0,5,14,0,4,3,21,3,20,0,0,0,0,1,0,0,0,0,0,1,0,1,0,0,0,0,1,0,0,0,0,0,220,4.5,16.35,0.29,0.14,0.05,284
"Oct 12, 2018  9:00 PM",0,0,0,0,0,5,14,0,4,3,21,3,21,0,0,0,0,1,0,0,0,0,0,1,0,1,0,0,0,0,1,0,0,0,0,0,220,4.5,16.35,0.29,0.14,0.05,285
"Oct 13, 2018  9:00 AM",0,0,0,0,0,6,15,0,5,2,20,3,9,0,0,0,0,0,1,0,1,0,0,0,0,1,0,0,0,0,1,0,0,0,0,0,220,4.5,16.35,0.29,0.14,0.05,297
"Oct 13, 2018 10:00 AM",0,0,0,0,0,6,15,0,5,2,20,3,10,0,0,0,0,0,1,0,1,0,0,0,0,1,0,0,0,0,1,0,0,0,0,0,220,4.5,16.35,0.29,0.14,0.05,298
"Oct 13, 2018 11:00 AM",0,0,0,0,0,6,15,0,5,2,20,3,11,0,0,0,0,0,1,0,1,0,0,0,0,1,0,0,0,0,1,0,0,0,0,0,220,4.5,16.35,0.29,0.14,0.05,299
"Oct 13, 2018 12:00 PM",0,0,0,0,0,6,15,0,5,2,20,3,12,0,0,0,0,0,1,0,0,1,0,0,0,1,0,0,0,0,1,0,0,0,0,0,220,4.5,16.35,0.29,0.14,0.05,300
"Oct 13, 2018  1:00 PM",0,0,0,0,0,6,15,0,5,2,20,3,13,0,0,0,0,0,1,0,0,1,0,0,0,1,0,0,0,0,1,0,0,0,0,0,220,4.5,16.35,0.29,0.14,0.05,301
"Oct 13, 2018  2:00 PM",0,0,0,0,0,6,15,0,5,2,20,3,14,0,0,0,0,0,1,0,0,1,0,0,0,1,0,0,0,0,1,0,0,0,0,0,220,4.5,16.35,0.29,0.14,0.05,302
"Oct 13, 2018  3:00 PM",0,0,0,0,0,6,15,0,5,2,20,3,15,0,0,0,0,0,1,0,0,1,0,0,0,1,0,0,0,0,1,0,0,0,0,0,220,4.5,16.35,0.29,0.14,0.05,303
"Oct 13, 2018  4:00 PM",0,0,0,0,0,6,15,0,5,2,20,3,16,0,0,0,0,0,1,0,0,0,1,0,0,1,0,0,0,0,1,0,0,0,0,0,220,4.5,16.35,0.29,0.14,0.05,304
"Oct 13, 2018  5:00 PM",0,0,0,0,0,6,15,0,5,2,20,3,17,0,0,0,0,0,1,0,0,0,1,0,0,1,0,0,0,0,1,0,0,0,0,0,220,4.5,16.35,0.29,0.14,0.05,305
"Oct 13, 2018  6:00 PM",0,0,0,0,0,6,15,0,5,2,20,3,18,0,0,0,0,0,1,0,0,0,1,0,0,1,0,0,0,0,1,0,0,0,0,0,220,4.5,16.35,0.29,0.14,0.05,306
"Oct 13, 2018  7:00 PM",0,0,0,0,0,6,15,0,5,2,20,3,19,0,0,0,0,0,1,0,0,0,1,0,0,1,0,0,0,0,1,0,0,0,0,0,220,4.5,16.35,0.29,0.14,0.05,307
"Oct 13, 2018  8:00 PM",0,0,0,0,0,6,15,0,5,2,20,3,20,0,0,0,0,0,1,0,0,0,0,1,0,1,0,0,0,0,1,0,0,0,0,0,220,4.5,16.35,0.29,0.14,0.05,308
"Oct 13, 2018  9:00 PM",0,0,0,0,0,6,15,0,5,2,20,3,21,0,0,0,0,0,1,0,0,0,0,1,0,1,0,0,0,0,1,0,0,0,0,0,220,4.5,16.35,0.29,0.14,0.05,309
"Oct 15, 2018  9:00 AM",0,0,0,0,0,1,11.3333333333333,0,7,0,18,4,9,1,0,0,0,0,0,0,1,0,0,0,1,0,0,0,0,0,0,1,0,0,0,0,220,4.5,16.35,0.29,0.14,0.05,177
"Oct 15, 2018 10:00 AM",0,0,0,0,0,1,11.3333333333333,0,7,0,18,4,10,1,0,0,0,0,0,0,1,0,0,0,1,0,0,0,0,0,0,1,0,0,0,0,220,4.5,16.35,0.29,0.14,0.05,178
"Oct 15, 2018 11:00 AM",0,0,0,0,0,1,11.3333333333333,0,7,0,18,4,11,1,0,0,0,0,0,0,1,0,0,0,1,0,0,0,0,0,0,1,0,0,0,0,220,4.5,16.35,0.29,0.14,0.05,179
"Oct 15, 2018 12:00 PM",3,0,1,4,3,1,11.3333333333333,34,7,0,18,4,12,1,0,0,0,0,0,0,0,1,0,0,1,0,0,0,0,0,0,1,0,0,0,0,220,4.5,16.35,0.29,0.14,0.05,180
"Oct 15, 2018  1:00 PM",10,6,2,35,20,1,11.3333333333333,113.333333333333,7,0,18,4,13,1,0,0,0,0,0,0,0,1,0,0,1,0,0,0,0,0,0,1,0,0,0,0,220,4.5,16.35,0.29,0.14,0.05,181
"Oct 15, 2018  2:00 PM",8,8,2,31,17,1,11.3333333333333,90.6666666666667,7,0,18,4,14,1,0,0,0,0,0,0,0,1,0,0,1,0,0,0,0,0,0,1,0,0,0,0,220,4.5,16.35,0.29,0.14,0.05,182
"Oct 15, 2018  3:00 PM",0,6,2,0,7,1,11.3333333333333,0,7,0,18,4,15,1,0,0,0,0,0,0,0,1,0,0,1,0,0,0,0,0,0,1,0,0,0,0,220,4.5,16.35,0.29,0.14,0.05,183
"Oct 15, 2018  4:00 PM",0,0,0,0,0,1,11.3333333333333,0,7,0,18,4,16,1,0,0,0,0,0,0,0,0,1,0,1,0,0,0,0,0,0,1,0,0,0,0,220,4.5,16.35,0.29,0.14,0.05,184
"Oct 15, 2018  5:00 PM",0,0,0,0,0,1,11.3333333333333,0,7,0,18,4,17,1,0,0,0,0,0,0,0,0,1,0,1,0,0,0,0,0,0,1,0,0,0,0,220,4.5,16.35,0.29,0.14,0.05,185
"Oct 15, 2018  6:00 PM",19,10,2,32,10,1,11.3333333333333,215.333333333333,7,0,18,4,18,1,0,0,0,0,0,0,0,0,1,0,1,0,0,0,0,0,0,1,0,0,0,0,220,4.5,16.35,0.29,0.14,0.05,186
"Oct 15, 2018  7:00 PM",4,11,2,31,11,1,11.3333333333333,45.3333333333333,7,0,18,4,19,1,0,0,0,0,0,0,0,0,1,0,1,0,0,0,0,0,0,1,0,0,0,0,220,4.5,16.35,0.29,0.14,0.05,187
"Oct 15, 2018  8:00 PM",0,2,0,0,0,1,11.3333333333333,0,7,0,18,4,20,1,0,0,0,0,0,0,0,0,0,1,1,0,0,0,0,0,0,1,0,0,0,0,220,4.5,16.35,0.29,0.14,0.05,188
"Oct 15, 2018  9:00 PM",0,0,0,0,0,1,11.3333333333333,0,7,0,18,4,21,1,0,0,0,0,0,0,0,0,0,1,1,0,0,0,0,0,0,1,0,0,0,0,220,4.5,16.35,0.29,0.14,0.05,189
"Oct 16, 2018  9:00 AM",0,0,0,0,0,2,8,0,1,6,17,4,9,0,1,0,0,0,0,0,1,0,0,0,0,0,0,1,1,0,0,0,0,0,0,0,220,4.5,16.35,0.29,0.14,0.05,201
"Oct 16, 2018 10:00 AM",0,0,0,0,0,2,8,0,1,6,17,4,10,0,1,0,0,0,0,0,1,0,0,0,0,0,0,1,1,0,0,0,0,0,0,0,220,4.5,16.35,0.29,0.14,0.05,202
"Oct 16, 2018 11:00 AM",0,0,0,0,0,2,8,0,1,6,17,4,11,0,1,0,0,0,0,0,1,0,0,0,0,0,0,1,1,0,0,0,0,0,0,0,220,4.5,16.35,0.29,0.14,0.05,203
"Oct 16, 2018 12:00 PM",0,0,0,0,0,2,8,0,1,6,17,4,12,0,1,0,0,0,0,0,0,1,0,0,0,0,0,1,1,0,0,0,0,0,0,0,220,4.5,16.35,0.29,0.14,0.05,204
"Oct 16, 2018  1:00 PM",14,6,2,15,9,2,8,112,1,6,17,4,13,0,1,0,0,0,0,0,0,1,0,0,0,0,0,1,1,0,0,0,0,0,0,0,220,4.5,16.35,0.29,0.14,0.05,205
"Oct 16, 2018  2:00 PM",13,14,2,20,11,2,8,104,1,6,17,4,14,0,1,0,0,0,0,0,0,1,0,0,0,0,0,1,1,0,0,0,0,0,0,0,220,4.5,16.35,0.29,0.14,0.05,206
"Oct 16, 2018  3:00 PM",8,12,3,1,7,2,8,64,1,6,17,4,15,0,1,0,0,0,0,0,0,1,0,0,0,0,0,1,1,0,0,0,0,0,0,0,220,4.5,16.35,0.29,0.14,0.05,207
"Oct 16, 2018  4:00 PM",10,9,1,14,5,2,8,80,1,6,17,4,16,0,1,0,0,0,0,0,0,0,1,0,0,0,0,1,1,0,0,0,0,0,0,0,220,4.5,16.35,0.29,0.14,0.05,208
"Oct 16, 2018  5:00 PM",0,2,1,0,0,2,8,0,1,6,17,4,17,0,1,0,0,0,0,0,0,0,1,0,0,0,0,1,1,0,0,0,0,0,0,0,220,4.5,16.35,0.29,0.14,0.05,209
"Oct 16, 2018  6:00 PM",0,0,0,0,0,2,8,0,1,6,17,4,18,0,1,0,0,0,0,0,0,0,1,0,0,0,0,1,1,0,0,0,0,0,0,0,220,4.5,16.35,0.29,0.14,0.05,210
"Oct 16, 2018  7:00 PM",0,0,0,0,0,2,8,0,1,6,17,4,19,0,1,0,0,0,0,0,0,0,1,0,0,0,0,1,1,0,0,0,0,0,0,0,220,4.5,16.35,0.29,0.14,0.05,211
"Oct 16, 2018  8:00 PM",0,0,0,0,0,2,8,0,1,6,17,4,20,0,1,0,0,0,0,0,0,0,0,1,0,0,0,1,1,0,0,0,0,0,0,0,220,4.5,16.35,0.29,0.14,0.05,212
"Oct 16, 2018  9:00 PM",0,0,0,0,0,2,8,0,1,6,17,4,21,0,1,0,0,0,0,0,0,0,0,1,0,0,0,1,1,0,0,0,0,0,0,0,220,4.5,16.35,0.29,0.14,0.05,213
"Oct 17, 2018  9:00 AM",0,0,0,0,0,3,13.1428571428571,0,2,5,16,4,9,0,0,1,0,0,0,0,1,0,0,0,0,0,1,0,0,1,0,0,0,0,0,0,220,4.5,16.35,0.29,0.14,0.05,225
"Oct 17, 2018 10:00 AM",12,3,1,27,9,3,13.1428571428571,157.714285714286,2,5,16,4,10,0,0,1,0,0,0,0,1,0,0,0,0,0,1,0,0,1,0,0,0,0,0,0,220,4.5,16.35,0.29,0.14,0.05,226
"Oct 17, 2018 11:00 AM",7,7,2,24,14,3,13.1428571428571,92,2,5,16,4,11,0,0,1,0,0,0,0,1,0,0,0,0,0,1,0,0,1,0,0,0,0,0,0,220,4.5,16.35,0.29,0.14,0.05,227
"Oct 17, 2018 12:00 PM",11,10,3,12,13,3,13.1428571428571,144.571428571429,2,5,16,4,12,0,0,1,0,0,0,0,0,1,0,0,0,0,1,0,0,1,0,0,0,0,0,0,220,4.5,16.35,0.29,0.14,0.05,228
"Oct 17, 2018  1:00 PM",17,9,2,27,14,3,13.1428571428571,223.428571428571,2,5,16,4,13,0,0,1,0,0,0,0,0,1,0,0,0,0,1,0,0,1,0,0,0,0,0,0,220,4.5,16.35,0.29,0.14,0.05,229
"Oct 17, 2018  2:00 PM",2,11,3,25,16,3,13.1428571428571,26.2857142857143,2,5,16,4,14,0,0,1,0,0,0,0,0,1,0,0,0,0,1,0,0,1,0,0,0,0,0,0,220,4.5,16.35,0.29,0.14,0.05,230
"Oct 17, 2018  3:00 PM",8,6,2,11,14,3,13.1428571428571,105.142857142857,2,5,16,4,15,0,0,1,0,0,0,0,0,1,0,0,0,0,1,0,0,1,0,0,0,0,0,0,220,4.5,16.35,0.29,0.14,0.05,231
"Oct 17, 2018  4:00 PM",0,4,2,0,12,3,13.1428571428571,0,2,5,16,4,16,0,0,1,0,0,0,0,0,0,1,0,0,0,1,0,0,1,0,0,0,0,0,0,220,4.5,16.35,0.29,0.14,0.05,232
"Oct 17, 2018  5:00 PM",0,0,0,0,0,3,13.1428571428571,0,2,5,16,4,17,0,0,1,0,0,0,0,0,0,1,0,0,0,1,0,0,1,0,0,0,0,0,0,220,4.5,16.35,0.29,0.14,0.05,233
"Oct 17, 2018  6:00 PM",0,0,0,0,0,3,13.1428571428571,0,2,5,16,4,18,0,0,1,0,0,0,0,0,0,1,0,0,0,1,0,0,1,0,0,0,0,0,0,220,4.5,16.35,0.29,0.14,0.05,234
"Oct 17, 2018  7:00 PM",0,0,0,0,0,3,13.1428571428571,0,2,5,16,4,19,0,0,1,0,0,0,0,0,0,1,0,0,0,1,0,0,1,0,0,0,0,0,0,220,4.5,16.35,0.29,0.14,0.05,235
"Oct 17, 2018  8:00 PM",0,0,0,0,0,3,13.1428571428571,0,2,5,16,4,20,0,0,1,0,0,0,0,0,0,0,1,0,0,1,0,0,1,0,0,0,0,0,0,220,4.5,16.35,0.29,0.14,0.05,236
"Oct 17, 2018  9:00 PM",0,0,0,0,0,3,13.1428571428571,0,2,5,16,4,21,0,0,1,0,0,0,0,0,0,0,1,0,0,1,0,0,1,0,0,0,0,0,0,220,4.5,16.35,0.29,0.14,0.05,237
"Oct 18, 2018  9:00 AM",5,4,2,8,19,4,12.25,61.25,3,4,15,4,9,0,0,0,1,0,0,0,1,0,0,0,0,0,1,0,0,1,0,0,0,0,0,0,220,4.5,16.35,0.29,0.14,0.05,249
"Oct 18, 2018 10:00 AM",5,5,2,1,9,4,12.25,61.25,3,4,15,4,10,0,0,0,1,0,0,0,1,0,0,0,0,0,1,0,0,1,0,0,0,0,0,0,220,4.5,16.35,0.29,0.14,0.05,250
"Oct 18, 2018 11:00 AM",0,1,0,0,0,4,12.25,0,3,4,15,4,11,0,0,0,1,0,0,0,1,0,0,0,0,0,1,0,0,1,0,0,0,0,0,0,220,4.5,16.35,0.29,0.14,0.05,251
"Oct 18, 2018 12:00 PM",0,0,0,0,0,4,12.25,0,3,4,15,4,12,0,0,0,1,0,0,0,0,1,0,0,0,0,1,0,0,1,0,0,0,0,0,0,220,4.5,16.35,0.29,0.14,0.05,252
"Oct 18, 2018  1:00 PM",0,0,0,0,0,4,12.25,0,3,4,15,4,13,0,0,0,1,0,0,0,0,1,0,0,0,0,1,0,0,1,0,0,0,0,0,0,220,4.5,16.35,0.29,0.14,0.05,253
"Oct 18, 2018  2:00 PM",0,0,0,0,0,4,12.25,0,3,4,15,4,14,0,0,0,1,0,0,0,0,1,0,0,0,0,1,0,0,1,0,0,0,0,0,0,220,4.5,16.35,0.29,0.14,0.05,254
"Oct 18, 2018  3:00 PM",10,4,1,38,12,4,12.25,122.5,3,4,15,4,15,0,0,0,1,0,0,0,0,1,0,0,0,0,1,0,0,1,0,0,0,0,0,0,220,4.5,16.35,0.29,0.14,0.05,255
"Oct 18, 2018  4:00 PM",2,6,1,25,9,4,12.25,24.5,3,4,15,4,16,0,0,0,1,0,0,0,0,0,1,0,0,0,1,0,0,1,0,0,0,0,0,0,220,4.5,16.35,0.29,0.14,0.05,256
"Oct 18, 2018  5:00 PM",0,1,0,0,0,4,12.25,0,3,4,15,4,17,0,0,0,1,0,0,0,0,0,1,0,0,0,1,0,0,1,0,0,0,0,0,0,220,4.5,16.35,0.29,0.14,0.05,257
"Oct 18, 2018  6:00 PM",0,0,0,0,0,4,12.25,0,3,4,15,4,18,0,0,0,1,0,0,0,0,0,1,0,0,0,1,0,0,1,0,0,0,0,0,0,220,4.5,16.35,0.29,0.14,0.05,258
"Oct 18, 2018  7:00 PM",0,0,0,0,0,4,12.25,0,3,4,15,4,19,0,0,0,1,0,0,0,0,0,1,0,0,0,1,0,0,1,0,0,0,0,0,0,220,4.5,16.35,0.29,0.14,0.05,259
"Oct 18, 2018  8:00 PM",0,0,0,0,0,4,12.25,0,3,4,15,4,20,0,0,0,1,0,0,0,0,0,0,1,0,0,1,0,0,1,0,0,0,0,0,0,220,4.5,16.35,0.29,0.14,0.05,260
"Oct 18, 2018  9:00 PM",0,0,0,0,0,4,12.25,0,3,4,15,4,21,0,0,0,1,0,0,0,0,0,0,1,0,0,1,0,0,1,0,0,0,0,0,0,220,4.5,16.35,0.29,0.14,0.05,261
"Oct 19, 2018  9:00 AM",0,0,0,0,0,5,14.75,0,4,3,14,4,9,0,0,0,0,1,0,0,1,0,0,0,0,1,0,0,0,0,1,0,0,0,0,0,220,4.5,16.35,0.29,0.14,0.05,273
"Oct 19, 2018 10:00 AM",0,0,0,0,0,5,14.75,0,4,3,14,4,10,0,0,0,0,1,0,0,1,0,0,0,0,1,0,0,0,0,1,0,0,0,0,0,220,4.5,16.35,0.29,0.14,0.05,274
"Oct 19, 2018 11:00 AM",0,0,0,0,0,5,14.75,0,4,3,14,4,11,0,0,0,0,1,0,0,1,0,0,0,0,1,0,0,0,0,1,0,0,0,0,0,220,4.5,16.35,0.29,0.14,0.05,275
"Oct 19, 2018 12:00 PM",0,0,0,0,0,5,14.75,0,4,3,14,4,12,0,0,0,0,1,0,0,0,1,0,0,0,1,0,0,0,0,1,0,0,0,0,0,220,4.5,16.35,0.29,0.14,0.05,276
"Oct 19, 2018  1:00 PM",11,3,2,29,16,5,14.75,162.25,4,3,14,4,13,0,0,0,0,1,0,0,0,1,0,0,0,1,0,0,0,0,1,0,0,0,0,0,220,4.5,16.35,0.29,0.14,0.05,277
"Oct 19, 2018  2:00 PM",5,6,2,47,17,5,14.75,73.75,4,3,14,4,14,0,0,0,0,1,0,0,0,1,0,0,0,1,0,0,0,0,1,0,0,0,0,0,220,4.5,16.35,0.29,0.14,0.05,278
"Oct 19, 2018  3:00 PM",0,1,0,0,0,5,14.75,0,4,3,14,4,15,0,0,0,0,1,0,0,0,1,0,0,0,1,0,0,0,0,1,0,0,0,0,0,220,4.5,16.35,0.29,0.14,0.05,279
"Oct 19, 2018  4:00 PM",14,6,2,21,16,5,14.75,206.5,4,3,14,4,16,0,0,0,0,1,0,0,0,0,1,0,0,1,0,0,0,0,1,0,0,0,0,0,220,4.5,16.35,0.29,0.14,0.05,280
"Oct 19, 2018  5:00 PM",5,8,2,17,10,5,14.75,73.75,4,3,14,4,17,0,0,0,0,1,0,0,0,0,1,0,0,1,0,0,0,0,1,0,0,0,0,0,220,4.5,16.35,0.29,0.14,0.05,281
"Oct 19, 2018  6:00 PM",0,1,0,0,0,5,14.75,0,4,3,14,4,18,0,0,0,0,1,0,0,0,0,1,0,0,1,0,0,0,0,1,0,0,0,0,0,220,4.5,16.35,0.29,0.14,0.05,282
"Oct 19, 2018  7:00 PM",0,0,0,0,0,5,14.75,0,4,3,14,4,19,0,0,0,0,1,0,0,0,0,1,0,0,1,0,0,0,0,1,0,0,0,0,0,220,4.5,16.35,0.29,0.14,0.05,283
"Oct 19, 2018  8:00 PM",0,0,0,0,0,5,14.75,0,4,3,14,4,20,0,0,0,0,1,0,0,0,0,0,1,0,1,0,0,0,0,1,0,0,0,0,0,220,4.5,16.35,0.29,0.14,0.05,284
"Oct 19, 2018  9:00 PM",0,0,0,0,0,5,14.75,0,4,3,14,4,21,0,0,0,0,1,0,0,0,0,0,1,0,1,0,0,0,0,1,0,0,0,0,0,220,4.5,16.35,0.29,0.14,0.05,285
"Oct 20, 2018  9:00 AM",0,0,0,0,0,6,15,0,5,2,13,4,9,0,0,0,0,0,1,0,1,0,0,0,0,1,0,0,0,0,1,0,0,0,0,0,220,4.5,16.35,0.29,0.14,0.05,297
"Oct 20, 2018 10:00 AM",0,0,0,0,0,6,15,0,5,2,13,4,10,0,0,0,0,0,1,0,1,0,0,0,0,1,0,0,0,0,1,0,0,0,0,0,220,4.5,16.35,0.29,0.14,0.05,298
"Oct 20, 2018 11:00 AM",0,0,0,0,0,6,15,0,5,2,13,4,11,0,0,0,0,0,1,0,1,0,0,0,0,1,0,0,0,0,1,0,0,0,0,0,220,4.5,16.35,0.29,0.14,0.05,299
"Oct 20, 2018 12:00 PM",0,0,0,0,0,6,15,0,5,2,13,4,12,0,0,0,0,0,1,0,0,1,0,0,0,1,0,0,0,0,1,0,0,0,0,0,220,4.5,16.35,0.29,0.14,0.05,300
"Oct 20, 2018  1:00 PM",0,0,0,0,0,6,15,0,5,2,13,4,13,0,0,0,0,0,1,0,0,1,0,0,0,1,0,0,0,0,1,0,0,0,0,0,220,4.5,16.35,0.29,0.14,0.05,301
"Oct 20, 2018  2:00 PM",0,0,0,0,0,6,15,0,5,2,13,4,14,0,0,0,0,0,1,0,0,1,0,0,0,1,0,0,0,0,1,0,0,0,0,0,220,4.5,16.35,0.29,0.14,0.05,302
"Oct 20, 2018  3:00 PM",0,0,0,0,0,6,15,0,5,2,13,4,15,0,0,0,0,0,1,0,0,1,0,0,0,1,0,0,0,0,1,0,0,0,0,0,220,4.5,16.35,0.29,0.14,0.05,303
"Oct 20, 2018  4:00 PM",0,0,0,0,0,6,15,0,5,2,13,4,16,0,0,0,0,0,1,0,0,0,1,0,0,1,0,0,0,0,1,0,0,0,0,0,220,4.5,16.35,0.29,0.14,0.05,304
"Oct 20, 2018  5:00 PM",0,0,0,0,0,6,15,0,5,2,13,4,17,0,0,0,0,0,1,0,0,0,1,0,0,1,0,0,0,0,1,0,0,0,0,0,220,4.5,16.35,0.29,0.14,0.05,305
"Oct 20, 2018  6:00 PM",0,0,0,0,0,6,15,0,5,2,13,4,18,0,0,0,0,0,1,0,0,0,1,0,0,1,0,0,0,0,1,0,0,0,0,0,220,4.5,16.35,0.29,0.14,0.05,306
"Oct 20, 2018  7:00 PM",0,0,0,0,0,6,15,0,5,2,13,4,19,0,0,0,0,0,1,0,0,0,1,0,0,1,0,0,0,0,1,0,0,0,0,0,220,4.5,16.35,0.29,0.14,0.05,307
"Oct 20, 2018  8:00 PM",0,0,0,0,0,6,15,0,5,2,13,4,20,0,0,0,0,0,1,0,0,0,0,1,0,1,0,0,0,0,1,0,0,0,0,0,220,4.5,16.35,0.29,0.14,0.05,308
"Oct 20, 2018  9:00 PM",0,0,0,0,0,6,15,0,5,2,13,4,21,0,0,0,0,0,1,0,0,0,0,1,0,1,0,0,0,0,1,0,0,0,0,0,220,4.5,16.35,0.29,0.14,0.05,309
"Oct 22, 2018  9:00 AM",0,0,0,0,0,1,12.3333333333333,0,7,0,11,5,9,1,0,0,0,0,0,0,1,0,0,0,1,0,0,0,0,0,0,1,0,0,0,0,220,4.5,16.35,0.29,0.14,0.05,177
"Oct 22, 2018 10:00 AM",0,0,0,0,0,1,12.3333333333333,0,7,0,11,5,10,1,0,0,0,0,0,0,1,0,0,0,1,0,0,0,0,0,0,1,0,0,0,0,220,4.5,16.35,0.29,0.14,0.05,178
"Oct 22, 2018 11:00 AM",0,0,0,0,0,1,12.3333333333333,0,7,0,11,5,11,1,0,0,0,0,0,0,1,0,0,0,1,0,0,0,0,0,0,1,0,0,0,0,220,4.5,16.35,0.29,0.14,0.05,179
"Oct 22, 2018 12:00 PM",0,0,0,0,0,1,12.3333333333333,0,7,0,11,5,12,1,0,0,0,0,0,0,0,1,0,0,1,0,0,0,0,0,0,1,0,0,0,0,220,4.5,16.35,0.29,0.14,0.05,180
"Oct 22, 2018  1:00 PM",21,8,2,45,14,1,12.3333333333333,259,7,0,11,5,13,1,0,0,0,0,0,0,0,1,0,0,1,0,0,0,0,0,0,1,0,0,0,0,220,4.5,16.35,0.29,0.14,0.05,181
"Oct 22, 2018  2:00 PM",1,8,2,0,17,1,12.3333333333333,12.3333333333333,7,0,11,5,14,1,0,0,0,0,0,0,0,1,0,0,1,0,0,0,0,0,0,1,0,0,0,0,220,4.5,16.35,0.29,0.14,0.05,182
"Oct 22, 2018  3:00 PM",0,3,1,0,6,1,12.3333333333333,0,7,0,11,5,15,1,0,0,0,0,0,0,0,1,0,0,1,0,0,0,0,0,0,1,0,0,0,0,220,4.5,16.35,0.29,0.14,0.05,183
"Oct 22, 2018  4:00 PM",0,0,0,0,0,1,12.3333333333333,0,7,0,11,5,16,1,0,0,0,0,0,0,0,0,1,0,1,0,0,0,0,0,0,1,0,0,0,0,220,4.5,16.35,0.29,0.14,0.05,184
"Oct 22, 2018  5:00 PM",0,0,0,0,0,1,12.3333333333333,0,7,0,11,5,17,1,0,0,0,0,0,0,0,0,1,0,1,0,0,0,0,0,0,1,0,0,0,0,220,4.5,16.35,0.29,0.14,0.05,185
"Oct 22, 2018  6:00 PM",22,8,2,46,12,1,12.3333333333333,271.333333333333,7,0,11,5,18,1,0,0,0,0,0,0,0,0,1,0,1,0,0,0,0,0,0,1,0,0,0,0,220,4.5,16.35,0.29,0.14,0.05,186
"Oct 22, 2018  7:00 PM",3,11,2,60,10,1,12.3333333333333,37,7,0,11,5,19,1,0,0,0,0,0,0,0,0,1,0,1,0,0,0,0,0,0,1,0,0,0,0,220,4.5,16.35,0.29,0.14,0.05,187
"Oct 22, 2018  8:00 PM",0,3,2,0,15,1,12.3333333333333,0,7,0,11,5,20,1,0,0,0,0,0,0,0,0,0,1,1,0,0,0,0,0,0,1,0,0,0,0,220,4.5,16.35,0.29,0.14,0.05,188
"Oct 22, 2018  9:00 PM",0,0,0,0,0,1,12.3333333333333,0,7,0,11,5,21,1,0,0,0,0,0,0,0,0,0,1,1,0,0,0,0,0,0,1,0,0,0,0,220,4.5,16.35,0.29,0.14,0.05,189
"Oct 23, 2018  9:00 AM",0,0,0,0,0,2,10.6,0,1,6,10,5,9,0,1,0,0,0,0,0,1,0,0,0,0,0,0,1,1,0,0,0,1,0,0,0,220,4.5,16.35,0.29,0.14,0.05,201
"Oct 23, 2018 10:00 AM",0,0,0,0,0,2,10.6,0,1,6,10,5,10,0,1,0,0,0,0,0,1,0,0,0,0,0,0,1,1,0,0,0,1,0,0,0,220,4.5,16.35,0.29,0.14,0.05,202
"Oct 23, 2018 11:00 AM",0,0,0,0,0,2,10.6,0,1,6,10,5,11,0,1,0,0,0,0,0,1,0,0,0,0,0,0,1,1,0,0,0,1,0,0,0,220,4.5,16.35,0.29,0.14,0.05,203
"Oct 23, 2018 12:00 PM",0,0,0,0,0,2,10.6,0,1,6,10,5,12,0,1,0,0,0,0,0,0,1,0,0,0,0,0,1,1,0,0,0,1,0,0,0,220,4.5,16.35,0.29,0.14,0.05,204
"Oct 23, 2018  1:00 PM",11,3,2,28,17,2,10.6,116.6,1,6,10,5,13,0,1,0,0,0,0,0,0,1,0,0,0,0,0,1,1,0,0,0,1,0,0,0,220,4.5,16.35,0.29,0.14,0.05,205
"Oct 23, 2018  2:00 PM",10,11,2,35,14,2,10.6,106,1,6,10,5,14,0,1,0,0,0,0,0,0,1,0,0,0,0,0,1,1,0,0,0,1,0,0,0,220,4.5,16.35,0.29,0.14,0.05,206
"Oct 23, 2018  3:00 PM",15,9,3,34,12,2,10.6,159,1,6,10,5,15,0,1,0,0,0,0,0,0,1,0,0,0,0,0,1,1,0,0,0,1,0,0,0,220,4.5,16.35,0.29,0.14,0.05,207
"Oct 23, 2018  4:00 PM",1,7,1,0,8,2,10.6,10.6,1,6,10,5,16,0,1,0,0,0,0,0,0,0,1,0,0,0,0,1,1,0,0,0,1,0,0,0,220,4.5,16.35,0.29,0.14,0.05,208
"Oct 23, 2018  5:00 PM",1,1,1,0,2,2,10.6,10.6,1,6,10,5,17,0,1,0,0,0,0,0,0,0,1,0,0,0,0,1,1,0,0,0,1,0,0,0,220,4.5,16.35,0.29,0.14,0.05,209
"Oct 23, 2018  6:00 PM",0,0,0,0,0,2,10.6,0,1,6,10,5,18,0,1,0,0,0,0,0,0,0,1,0,0,0,0,1,1,0,0,0,1,0,0,0,220,4.5,16.35,0.29,0.14,0.05,210
"Oct 23, 2018  7:00 PM",0,0,0,0,0,2,10.6,0,1,6,10,5,19,0,1,0,0,0,0,0,0,0,1,0,0,0,0,1,1,0,0,0,1,0,0,0,220,4.5,16.35,0.29,0.14,0.05,211
"Oct 23, 2018  8:00 PM",0,0,0,0,0,2,10.6,0,1,6,10,5,20,0,1,0,0,0,0,0,0,0,0,1,0,0,0,1,1,0,0,0,1,0,0,0,220,4.5,16.35,0.29,0.14,0.05,212
"Oct 23, 2018  9:00 PM",0,0,0,0,0,2,10.6,0,1,6,10,5,21,0,1,0,0,0,0,0,0,0,0,1,0,0,0,1,1,0,0,0,1,0,0,0,220,4.5,16.35,0.29,0.14,0.05,213
"Oct 24, 2018  9:00 AM",0,0,0,0,0,3,11.1428571428571,0,2,5,9,5,9,0,0,1,0,0,0,0,1,0,0,0,0,0,1,0,0,1,0,0,1,0,0,0,220,4.5,16.35,0.29,0.14,0.05,225
"Oct 24, 2018 10:00 AM",15,1,1,67,14,3,11.1428571428571,167.142857142857,2,5,9,5,10,0,0,1,0,0,0,0,1,0,0,0,0,0,1,0,0,1,0,0,1,0,0,0,220,4.5,16.35,0.29,0.14,0.05,226
"Oct 24, 2018 11:00 AM",8,6,2,98,15,3,11.1428571428571,89.1428571428571,2,5,9,5,11,0,0,1,0,0,0,0,1,0,0,0,0,0,1,0,0,1,0,0,1,0,0,0,220,4.5,16.35,0.29,0.14,0.05,227
"Oct 24, 2018 12:00 PM",11,9,3,73,15,3,11.1428571428571,122.571428571429,2,5,9,5,12,0,0,1,0,0,0,0,0,1,0,0,0,0,1,0,0,1,0,0,1,0,0,0,220,4.5,16.35,0.29,0.14,0.05,228
"Oct 24, 2018  1:00 PM",10,9,1,68,6,3,11.1428571428571,111.428571428571,2,5,9,5,13,0,0,1,0,0,0,0,0,1,0,0,0,0,1,0,0,1,0,0,1,0,0,0,220,4.5,16.35,0.29,0.14,0.05,229
"Oct 24, 2018  2:00 PM",8,10,3,83,12,3,11.1428571428571,89.1428571428571,2,5,9,5,14,0,0,1,0,0,0,0,0,1,0,0,0,0,1,0,0,1,0,0,1,0,0,0,220,4.5,16.35,0.29,0.14,0.05,230
"Oct 24, 2018  3:00 PM",3,7,2,58,13,3,11.1428571428571,33.4285714285714,2,5,9,5,15,0,0,1,0,0,0,0,0,1,0,0,0,0,1,0,0,1,0,0,1,0,0,0,220,4.5,16.35,0.29,0.14,0.05,231
"Oct 24, 2018  4:00 PM",0,5,2,0,3,3,11.1428571428571,0,2,5,9,5,16,0,0,1,0,0,0,0,0,0,1,0,0,0,1,0,0,1,0,0,1,0,0,0,220,4.5,16.35,0.29,0.14,0.05,232
"Oct 24, 2018  5:00 PM",0,0,0,0,0,3,11.1428571428571,0,2,5,9,5,17,0,0,1,0,0,0,0,0,0,1,0,0,0,1,0,0,1,0,0,1,0,0,0,220,4.5,16.35,0.29,0.14,0.05,233
"Oct 24, 2018  6:00 PM",0,0,0,0,0,3,11.1428571428571,0,2,5,9,5,18,0,0,1,0,0,0,0,0,0,1,0,0,0,1,0,0,1,0,0,1,0,0,0,220,4.5,16.35,0.29,0.14,0.05,234
"Oct 24, 2018  7:00 PM",0,0,0,0,0,3,11.1428571428571,0,2,5,9,5,19,0,0,1,0,0,0,0,0,0,1,0,0,0,1,0,0,1,0,0,1,0,0,0,220,4.5,16.35,0.29,0.14,0.05,235
"Oct 24, 2018  8:00 PM",0,0,0,0,0,3,11.1428571428571,0,2,5,9,5,20,0,0,1,0,0,0,0,0,0,0,1,0,0,1,0,0,1,0,0,1,0,0,0,220,4.5,16.35,0.29,0.14,0.05,236
"Oct 24, 2018  9:00 PM",0,0,0,0,0,3,11.1428571428571,0,2,5,9,5,21,0,0,1,0,0,0,0,0,0,0,1,0,0,1,0,0,1,0,0,1,0,0,0,220,4.5,16.35,0.29,0.14,0.05,237
"Oct 25, 2018  9:00 AM",13,5,2,21,9,4,11,143,3,4,8,5,9,0,0,0,1,0,0,0,1,0,0,0,0,0,1,0,0,1,0,0,1,0,0,0,220,4.5,16.35,0.29,0.14,0.05,249
"Oct 25, 2018 10:00 AM",7,10,2,9,9,4,11,77,3,4,8,5,10,0,0,0,1,0,0,0,1,0,0,0,0,0,1,0,0,1,0,0,1,0,0,0,220,4.5,16.35,0.29,0.14,0.05,250
"Oct 25, 2018 11:00 AM",0,0,0,0,0,4,11,0,3,4,8,5,11,0,0,0,1,0,0,0,1,0,0,0,0,0,1,0,0,1,0,0,1,0,0,0,220,4.5,16.35,0.29,0.14,0.05,251
"Oct 25, 2018 12:00 PM",0,0,0,0,0,4,11,0,3,4,8,5,12,0,0,0,1,0,0,0,0,1,0,0,0,0,1,0,0,1,0,0,1,0,0,0,220,4.5,16.35,0.29,0.14,0.05,252
"Oct 25, 2018  1:00 PM",4,3,2,1,15,4,11,44,3,4,8,5,13,0,0,0,1,0,0,0,0,1,0,0,0,0,1,0,0,1,0,0,1,0,0,0,220,4.5,16.35,0.29,0.14,0.05,253
"Oct 25, 2018  2:00 PM",2,2,1,4,7,4,11,22,3,4,8,5,14,0,0,0,1,0,0,0,0,1,0,0,0,0,1,0,0,1,0,0,1,0,0,0,220,4.5,16.35,0.29,0.14,0.05,254
"Oct 25, 2018  3:00 PM",4,5,1,4,15,4,11,44,3,4,8,5,15,0,0,0,1,0,0,0,0,1,0,0,0,0,1,0,0,1,0,0,1,0,0,0,220,4.5,16.35,0.29,0.14,0.05,255
"Oct 25, 2018  4:00 PM",0,0,0,0,0,4,11,0,3,4,8,5,16,0,0,0,1,0,0,0,0,0,1,0,0,0,1,0,0,1,0,0,1,0,0,0,220,4.5,16.35,0.29,0.14,0.05,256
"Oct 25, 2018  5:00 PM",0,0,0,0,0,4,11,0,3,4,8,5,17,0,0,0,1,0,0,0,0,0,1,0,0,0,1,0,0,1,0,0,1,0,0,0,220,4.5,16.35,0.29,0.14,0.05,257
"Oct 25, 2018  6:00 PM",0,0,0,0,0,4,11,0,3,4,8,5,18,0,0,0,1,0,0,0,0,0,1,0,0,0,1,0,0,1,0,0,1,0,0,0,220,4.5,16.35,0.29,0.14,0.05,258
"Oct 25, 2018  7:00 PM",0,0,0,0,0,4,11,0,3,4,8,5,19,0,0,0,1,0,0,0,0,0,1,0,0,0,1,0,0,1,0,0,1,0,0,0,220,4.5,16.35,0.29,0.14,0.05,259
"Oct 25, 2018  8:00 PM",0,0,0,0,0,4,11,0,3,4,8,5,20,0,0,0,1,0,0,0,0,0,0,1,0,0,1,0,0,1,0,0,1,0,0,0,220,4.5,16.35,0.29,0.14,0.05,260
"Oct 25, 2018  9:00 PM",0,0,0,0,0,4,11,0,3,4,8,5,21,0,0,0,1,0,0,0,0,0,0,1,0,0,1,0,0,1,0,0,1,0,0,0,220,4.5,16.35,0.29,0.14,0.05,261
"Oct 26, 2018  9:00 AM",0,0,0,0,0,5,13.1666666666667,0,4,3,7,5,9,0,0,0,0,1,0,0,1,0,0,0,0,1,0,0,0,0,1,0,1,0,0,0,220,4.5,16.35,0.29,0.14,0.05,273
"Oct 26, 2018 10:00 AM",7,2,1,27,14,5,13.1666666666667,92.1666666666667,4,3,7,5,10,0,0,0,0,1,0,0,1,0,0,0,0,1,0,0,0,0,1,0,1,0,0,0,220,4.5,16.35,0.29,0.14,0.05,274
"Oct 26, 2018 11:00 AM",1,4,1,0,3,5,13.1666666666667,13.1666666666667,4,3,7,5,11,0,0,0,0,1,0,0,1,0,0,0,0,1,0,0,0,0,1,0,1,0,0,0,220,4.5,16.35,0.29,0.14,0.05,275
"Oct 26, 2018 12:00 PM",0,0,0,0,0,5,13.1666666666667,0,4,3,7,5,12,0,0,0,0,1,0,0,0,1,0,0,0,1,0,0,0,0,1,0,1,0,0,0,220,4.5,16.35,0.29,0.14,0.05,276
"Oct 26, 2018  1:00 PM",10,4,2,13,19,5,13.1666666666667,131.666666666667,4,3,7,5,13,0,0,0,0,1,0,0,0,1,0,0,0,1,0,0,0,0,1,0,1,0,0,0,220,4.5,16.35,0.29,0.14,0.05,277
"Oct 26, 2018  2:00 PM",2,4,2,1,19,5,13.1666666666667,26.3333333333333,4,3,7,5,14,0,0,0,0,1,0,0,0,1,0,0,0,1,0,0,0,0,1,0,1,0,0,0,220,4.5,16.35,0.29,0.14,0.05,278
"Oct 26, 2018  3:00 PM",0,1,0,0,0,5,13.1666666666667,0,4,3,7,5,15,0,0,0,0,1,0,0,0,1,0,0,0,1,0,0,0,0,1,0,1,0,0,0,220,4.5,16.35,0.29,0.14,0.05,279
"Oct 26, 2018  4:00 PM",14,6,2,27,15,5,13.1666666666667,184.333333333333,4,3,7,5,16,0,0,0,0,1,0,0,0,0,1,0,0,1,0,0,0,0,1,0,1,0,0,0,220,4.5,16.35,0.29,0.14,0.05,280
"Oct 26, 2018  5:00 PM",6,11,2,23,9,5,13.1666666666667,79,4,3,7,5,17,0,0,0,0,1,0,0,0,0,1,0,0,1,0,0,0,0,1,0,1,0,0,0,220,4.5,16.35,0.29,0.14,0.05,281
"Oct 26, 2018  6:00 PM",0,2,0,0,0,5,13.1666666666667,0,4,3,7,5,18,0,0,0,0,1,0,0,0,0,1,0,0,1,0,0,0,0,1,0,1,0,0,0,220,4.5,16.35,0.29,0.14,0.05,282
"Oct 26, 2018  7:00 PM",0,0,0,0,0,5,13.1666666666667,0,4,3,7,5,19,0,0,0,0,1,0,0,0,0,1,0,0,1,0,0,0,0,1,0,1,0,0,0,220,4.5,16.35,0.29,0.14,0.05,283
"Oct 26, 2018  8:00 PM",0,0,0,0,0,5,13.1666666666667,0,4,3,7,5,20,0,0,0,0,1,0,0,0,0,0,1,0,1,0,0,0,0,1,0,1,0,0,0,220,4.5,16.35,0.29,0.14,0.05,284
"Oct 26, 2018  9:00 PM",0,0,0,0,0,5,13.1666666666667,0,4,3,7,5,21,0,0,0,0,1,0,0,0,0,0,1,0,1,0,0,0,0,1,0,1,0,0,0,220,4.5,16.35,0.29,0.14,0.05,285
"Oct 27, 2018  9:00 AM",0,0,0,0,0,6,15,0,5,2,6,5,9,0,0,0,0,0,1,0,1,0,0,0,0,1,0,0,0,0,1,0,1,0,0,0,220,4.5,16.35,0.29,0.14,0.05,297
"Oct 27, 2018 10:00 AM",0,0,0,0,0,6,15,0,5,2,6,5,10,0,0,0,0,0,1,0,1,0,0,0,0,1,0,0,0,0,1,0,1,0,0,0,220,4.5,16.35,0.29,0.14,0.05,298
"Oct 27, 2018 11:00 AM",0,0,0,0,0,6,15,0,5,2,6,5,11,0,0,0,0,0,1,0,1,0,0,0,0,1,0,0,0,0,1,0,1,0,0,0,220,4.5,16.35,0.29,0.14,0.05,299
"Oct 27, 2018 12:00 PM",0,0,0,0,0,6,15,0,5,2,6,5,12,0,0,0,0,0,1,0,0,1,0,0,0,1,0,0,0,0,1,0,1,0,0,0,220,4.5,16.35,0.29,0.14,0.05,300
"Oct 27, 2018  1:00 PM",0,0,0,0,0,6,15,0,5,2,6,5,13,0,0,0,0,0,1,0,0,1,0,0,0,1,0,0,0,0,1,0,1,0,0,0,220,4.5,16.35,0.29,0.14,0.05,301
"Oct 27, 2018  2:00 PM",0,0,0,0,0,6,15,0,5,2,6,5,14,0,0,0,0,0,1,0,0,1,0,0,0,1,0,0,0,0,1,0,1,0,0,0,220,4.5,16.35,0.29,0.14,0.05,302
"Oct 27, 2018  3:00 PM",0,0,0,0,0,6,15,0,5,2,6,5,15,0,0,0,0,0,1,0,0,1,0,0,0,1,0,0,0,0,1,0,1,0,0,0,220,4.5,16.35,0.29,0.14,0.05,303
"Oct 27, 2018  4:00 PM",0,0,0,0,0,6,15,0,5,2,6,5,16,0,0,0,0,0,1,0,0,0,1,0,0,1,0,0,0,0,1,0,1,0,0,0,220,4.5,16.35,0.29,0.14,0.05,304
"Oct 27, 2018  5:00 PM",0,0,0,0,0,6,15,0,5,2,6,5,17,0,0,0,0,0,1,0,0,0,1,0,0,1,0,0,0,0,1,0,1,0,0,0,220,4.5,16.35,0.29,0.14,0.05,305
"Oct 27, 2018  6:00 PM",0,0,0,0,0,6,15,0,5,2,6,5,18,0,0,0,0,0,1,0,0,0,1,0,0,1,0,0,0,0,1,0,1,0,0,0,220,4.5,16.35,0.29,0.14,0.05,306
"Oct 27, 2018  7:00 PM",0,0,0,0,0,6,15,0,5,2,6,5,19,0,0,0,0,0,1,0,0,0,1,0,0,1,0,0,0,0,1,0,1,0,0,0,220,4.5,16.35,0.29,0.14,0.05,307
"Oct 27, 2018  8:00 PM",0,0,0,0,0,6,15,0,5,2,6,5,20,0,0,0,0,0,1,0,0,0,0,1,0,1,0,0,0,0,1,0,1,0,0,0,220,4.5,16.35,0.29,0.14,0.05,308
"Oct 27, 2018  9:00 PM",0,0,0,0,0,6,15,0,5,2,6,5,21,0,0,0,0,0,1,0,0,0,0,1,0,1,0,0,0,0,1,0,1,0,0,0,220,4.5,16.35,0.29,0.14,0.05,309
"Oct 29, 2018  9:00 AM",0,0,0,0,0,1,13.7142857142857,0,7,0,4,6,9,1,0,0,0,0,0,0,1,0,0,0,1,0,0,0,0,0,0,1,0,1,0,0,220,4.5,16.35,0.29,0.14,0.05,177
"Oct 29, 2018 10:00 AM",0,0,0,0,0,1,13.7142857142857,0,7,0,4,6,10,1,0,0,0,0,0,0,1,0,0,0,1,0,0,0,0,0,0,1,0,1,0,0,220,4.5,16.35,0.29,0.14,0.05,178
"Oct 29, 2018 11:00 AM",0,0,0,0,0,1,13.7142857142857,0,7,0,4,6,11,1,0,0,0,0,0,0,1,0,0,0,1,0,0,0,0,0,0,1,0,1,0,0,220,4.5,16.35,0.29,0.14,0.05,179
"Oct 29, 2018 12:00 PM",13,0,2,40,20,1,13.7142857142857,178.285714285714,7,0,4,6,12,1,0,0,0,0,0,0,0,1,0,0,1,0,0,0,0,0,0,1,0,1,0,0,220,4.5,16.35,0.29,0.14,0.05,180
"Oct 29, 2018  1:00 PM",16,8,2,106,22,1,13.7142857142857,219.428571428571,7,0,4,6,13,1,0,0,0,0,0,0,0,1,0,0,1,0,0,0,0,0,0,1,0,1,0,0,220,4.5,16.35,0.29,0.14,0.05,181
"Oct 29, 2018  2:00 PM",2,8,2,0,17,1,13.7142857142857,27.4285714285714,7,0,4,6,14,1,0,0,0,0,0,0,0,1,0,0,1,0,0,0,0,0,0,1,0,1,0,0,220,4.5,16.35,0.29,0.14,0.05,182
"Oct 29, 2018  3:00 PM",0,9,1,0,6,1,13.7142857142857,0,7,0,4,6,15,1,0,0,0,0,0,0,0,1,0,0,1,0,0,0,0,0,0,1,0,1,0,0,220,4.5,16.35,0.29,0.14,0.05,183
"Oct 29, 2018  4:00 PM",0,0,0,0,0,1,13.7142857142857,0,7,0,4,6,16,1,0,0,0,0,0,0,0,0,1,0,1,0,0,0,0,0,0,1,0,1,0,0,220,4.5,16.35,0.29,0.14,0.05,184
"Oct 29, 2018  5:00 PM",0,0,0,0,0,1,13.7142857142857,0,7,0,4,6,17,1,0,0,0,0,0,0,0,0,1,0,1,0,0,0,0,0,0,1,0,1,0,0,220,4.5,16.35,0.29,0.14,0.05,185
"Oct 29, 2018  6:00 PM",28,9,2,63,10,1,13.7142857142857,384,7,0,4,6,18,1,0,0,0,0,0,0,0,0,1,0,1,0,0,0,0,0,0,1,0,1,0,0,220,4.5,16.35,0.29,0.14,0.05,186
"Oct 29, 2018  7:00 PM",0,8,2,0,14,1,13.7142857142857,0,7,0,4,6,19,1,0,0,0,0,0,0,0,0,1,0,1,0,0,0,0,0,0,1,0,1,0,0,220,4.5,16.35,0.29,0.14,0.05,187
"Oct 29, 2018  8:00 PM",0,6,2,0,7,1,13.7142857142857,0,7,0,4,6,20,1,0,0,0,0,0,0,0,0,0,1,1,0,0,0,0,0,0,1,0,1,0,0,220,4.5,16.35,0.29,0.14,0.05,188
"Oct 29, 2018  9:00 PM",0,0,0,0,0,1,13.7142857142857,0,7,0,4,6,21,1,0,0,0,0,0,0,0,0,0,1,1,0,0,0,0,0,0,1,0,1,0,0,220,4.5,16.35,0.29,0.14,0.05,189
"Oct 30, 2018  9:00 AM",0,0,0,0,0,2,13,0,1,10,3,6,9,0,1,0,0,0,0,0,1,0,0,0,0,0,0,1,1,0,0,0,0,0,1,0,220,4.5,16.35,0.29,0.14,0.05,201
"Oct 30, 2018 10:00 AM",0,0,0,0,0,2,13,0,1,10,3,6,10,0,1,0,0,0,0,0,1,0,0,0,0,0,0,1,1,0,0,0,0,0,1,0,220,4.5,16.35,0.29,0.14,0.05,202
"Oct 30, 2018 11:00 AM",0,0,0,0,0,2,13,0,1,10,3,6,11,0,1,0,0,0,0,0,1,0,0,0,0,0,0,1,1,0,0,0,0,0,1,0,220,4.5,16.35,0.29,0.14,0.05,203
"Oct 30, 2018 12:00 PM",0,0,0,0,0,2,13,0,1,10,3,6,12,0,1,0,0,0,0,0,0,1,0,0,0,0,0,1,1,0,0,0,0,0,1,0,220,4.5,16.35,0.29,0.14,0.05,204
"Oct 30, 2018  1:00 PM",18,3,2,30,15,2,13,234,1,10,3,6,13,0,1,0,0,0,0,0,0,1,0,0,0,0,0,1,1,0,0,0,0,0,1,0,220,4.5,16.35,0.29,0.14,0.05,205
"Oct 30, 2018  2:00 PM",12,10,2,54,15,2,13,156,1,10,3,6,14,0,1,0,0,0,0,0,0,1,0,0,0,0,0,1,1,0,0,0,0,0,1,0,220,4.5,16.35,0.29,0.14,0.05,206
"Oct 30, 2018  3:00 PM",10,12,3,72,12,2,13,130,1,10,3,6,15,0,1,0,0,0,0,0,0,1,0,0,0,0,0,1,1,0,0,0,0,0,1,0,220,4.5,16.35,0.29,0.14,0.05,207
"Oct 30, 2018  4:00 PM",3,3,1,0,10,2,13,39,1,10,3,6,16,0,1,0,0,0,0,0,0,0,1,0,0,0,0,1,1,0,0,0,0,0,1,0,220,4.5,16.35,0.29,0.14,0.05,208
"Oct 30, 2018  5:00 PM",0,0,0,0,0,2,13,0,1,10,3,6,17,0,1,0,0,0,0,0,0,0,1,0,0,0,0,1,1,0,0,0,0,0,1,0,220,4.5,16.35,0.29,0.14,0.05,209
"Oct 30, 2018  6:00 PM",0,0,0,0,0,2,13,0,1,10,3,6,18,0,1,0,0,0,0,0,0,0,1,0,0,0,0,1,1,0,0,0,0,0,1,0,220,4.5,16.35,0.29,0.14,0.05,210
"Oct 30, 2018  7:00 PM",0,0,0,0,0,2,13,0,1,10,3,6,19,0,1,0,0,0,0,0,0,0,1,0,0,0,0,1,1,0,0,0,0,0,1,0,220,4.5,16.35,0.29,0.14,0.05,211
"Oct 30, 2018  8:00 PM",0,0,0,0,0,2,13,0,1,10,3,6,20,0,1,0,0,0,0,0,0,0,0,1,0,0,0,1,1,0,0,0,0,0,1,0,220,4.5,16.35,0.29,0.14,0.05,212
"Oct 30, 2018  9:00 PM",0,0,0,0,0,2,13,0,1,10,3,6,21,0,1,0,0,0,0,0,0,0,0,1,0,0,0,1,1,0,0,0,0,0,1,0,220,4.5,16.35,0.29,0.14,0.05,213
"Oct 31, 2018  9:00 AM",0,0,0,0,0,3,12.1428571428571,0,2,9,2,6,9,0,0,1,0,0,0,0,1,0,0,0,0,0,1,0,1,0,0,0,0,0,1,0,220,4.5,16.35,0.29,0.14,0.05,225
"Oct 31, 2018 10:00 AM",22,2,1,79,10,3,12.1428571428571,267.142857142857,2,9,2,6,10,0,0,1,0,0,0,0,1,0,0,0,0,0,1,0,1,0,0,0,0,0,1,0,220,4.5,16.35,0.29,0.14,0.05,226
"Oct 31, 2018 11:00 AM",15,5,2,141,17,3,12.1428571428571,182.142857142857,2,9,2,6,11,0,0,1,0,0,0,0,1,0,0,0,0,0,1,0,1,0,0,0,0,0,1,0,220,4.5,16.35,0.29,0.14,0.05,227
"Oct 31, 2018 12:00 PM",9,8,3,128,16,3,12.1428571428571,109.285714285714,2,9,2,6,12,0,0,1,0,0,0,0,0,1,0,0,0,0,1,0,1,0,0,0,0,0,1,0,220,4.5,16.35,0.29,0.14,0.05,228
"Oct 31, 2018  1:00 PM",12,10,2,135,11,3,12.1428571428571,145.714285714286,2,9,2,6,13,0,0,1,0,0,0,0,0,1,0,0,0,0,1,0,1,0,0,0,0,0,1,0,220,4.5,16.35,0.29,0.14,0.05,229
"Oct 31, 2018  2:00 PM",0,7,3,0,12,3,12.1428571428571,0,2,9,2,6,14,0,0,1,0,0,0,0,0,1,0,0,0,0,1,0,1,0,0,0,0,0,1,0,220,4.5,16.35,0.29,0.14,0.05,230
"Oct 31, 2018  3:00 PM",2,8,2,40,10,3,12.1428571428571,24.2857142857143,2,9,2,6,15,0,0,1,0,0,0,0,0,1,0,0,0,0,1,0,1,0,0,0,0,0,1,0,220,4.5,16.35,0.29,0.14,0.05,231
"Oct 31, 2018  4:00 PM",0,4,2,0,9,3,12.1428571428571,0,2,9,2,6,16,0,0,1,0,0,0,0,0,0,1,0,0,0,1,0,1,0,0,0,0,0,1,0,220,4.5,16.35,0.29,0.14,0.05,232
"Oct 31, 2018  5:00 PM",0,0,0,0,0,3,12.1428571428571,0,2,9,2,6,17,0,0,1,0,0,0,0,0,0,1,0,0,0,1,0,1,0,0,0,0,0,1,0,220,4.5,16.35,0.29,0.14,0.05,233
"Oct 31, 2018  6:00 PM",0,0,0,0,0,3,12.1428571428571,0,2,9,2,6,18,0,0,1,0,0,0,0,0,0,1,0,0,0,1,0,1,0,0,0,0,0,1,0,220,4.5,16.35,0.29,0.14,0.05,234
"Oct 31, 2018  7:00 PM",0,0,0,0,0,3,12.1428571428571,0,2,9,2,6,19,0,0,1,0,0,0,0,0,0,1,0,0,0,1,0,1,0,0,0,0,0,1,0,220,4.5,16.35,0.29,0.14,0.05,235
"Oct 31, 2018  8:00 PM",0,0,0,0,0,3,12.1428571428571,0,2,9,2,6,20,0,0,1,0,0,0,0,0,0,0,1,0,0,1,0,1,0,0,0,0,0,1,0,220,4.5,16.35,0.29,0.14,0.05,236
"Oct 31, 2018  9:00 PM",0,0,0,0,0,3,12.1428571428571,0,2,9,2,6,21,0,0,1,0,0,0,0,0,0,0,1,0,0,1,0,1,0,0,0,0,0,1,0,220,4.5,16.35,0.29,0.14,0.05,237
"Nov 1, 2018  9:00 AM",2,2,2,0,21,4,20.1428571428571,40.2857142857143,3,8,1,6,9,0,0,0,1,0,0,0,1,0,0,0,0,0,1,0,1,0,0,0,0,0,0,1,220,4.5,16.35,0.29,0.14,0.05,249
"Nov 1, 2018 10:00 AM",1,1,1,3,26,4,20.1428571428571,20.1428571428571,3,8,1,6,10,0,0,0,1,0,0,0,1,0,0,0,0,0,1,0,1,0,0,0,0,0,0,1,220,4.5,16.35,0.29,0.14,0.05,250
"Nov 1, 2018 11:00 AM",0,0,0,0,0,4,20.1428571428571,0,3,8,1,6,11,0,0,0,1,0,0,0,1,0,0,0,0,0,1,0,1,0,0,0,0,0,0,1,220,4.5,16.35,0.29,0.14,0.05,251
"Nov 1, 2018 12:00 PM",0,0,0,0,0,4,20.1428571428571,0,3,8,1,6,12,0,0,0,1,0,0,0,0,1,0,0,0,0,1,0,1,0,0,0,0,0,0,1,220,4.5,16.35,0.29,0.14,0.05,252
"Nov 1, 2018  1:00 PM",0,0,0,0,0,4,20.1428571428571,0,3,8,1,6,13,0,0,0,1,0,0,0,0,1,0,0,0,0,1,0,1,0,0,0,0,0,0,1,220,4.5,16.35,0.29,0.14,0.05,253
"Nov 1, 2018  2:00 PM",5,1,1,4,17,4,20.1428571428571,100.714285714286,3,8,1,6,14,0,0,0,1,0,0,0,0,1,0,0,0,0,1,0,1,0,0,0,0,0,0,1,220,4.5,16.35,0.29,0.14,0.05,254
"Nov 1, 2018  3:00 PM",12,10,2,6,13,4,20.1428571428571,241.714285714286,3,8,1,6,15,0,0,0,1,0,0,0,0,1,0,0,0,0,1,0,1,0,0,0,0,0,0,1,220,4.5,16.35,0.29,0.14,0.05,255
"Nov 1, 2018  4:00 PM",7,5,1,10,14,4,20.1428571428571,141,3,8,1,6,16,0,0,0,1,0,0,0,0,0,1,0,0,0,1,0,1,0,0,0,0,0,0,1,220,4.5,16.35,0.29,0.14,0.05,256
"Nov 1, 2018  5:00 PM",0,2,1,0,0,4,20.1428571428571,0,3,8,1,6,17,0,0,0,1,0,0,0,0,0,1,0,0,0,1,0,1,0,0,0,0,0,0,1,220,4.5,16.35,0.29,0.14,0.05,257
"Nov 1, 2018  6:00 PM",4,2,1,21,38,4,20.1428571428571,80.5714285714286,3,8,1,6,18,0,0,0,1,0,0,0,0,0,1,0,0,0,1,0,1,0,0,0,0,0,0,1,220,4.5,16.35,0.29,0.14,0.05,258
"Nov 1, 2018  7:00 PM",1,3,1,32,12,4,20.1428571428571,20.1428571428571,3,8,1,6,19,0,0,0,1,0,0,0,0,0,1,0,0,0,1,0,1,0,0,0,0,0,0,1,220,4.5,16.35,0.29,0.14,0.05,259
"Nov 1, 2018  8:00 PM",0,0,0,0,0,4,20.1428571428571,0,3,8,1,6,20,0,0,0,1,0,0,0,0,0,0,1,0,0,1,0,1,0,0,0,0,0,0,1,220,4.5,16.35,0.29,0.14,0.05,260
"Nov 1, 2018  9:00 PM",0,0,0,0,0,4,20.1428571428571,0,3,8,1,6,21,0,0,0,1,0,0,0,0,0,0,1,0,0,1,0,1,0,0,0,0,0,0,1,220,4.5,16.35,0.29,0.14,0.05,261
"Nov 2, 2018  9:00 AM",0,0,0,0,0,5,20,0,4,7,0,6,9,0,0,0,0,1,0,0,1,0,0,0,0,1,0,0,1,0,0,0,0,0,0,1,220,4.5,16.35,0.29,0.14,0.05,273
"Nov 2, 2018 10:00 AM",0,0,0,0,0,5,20,0,4,7,0,6,10,0,0,0,0,1,0,0,1,0,0,0,0,1,0,0,1,0,0,0,0,0,0,1,220,4.5,16.35,0.29,0.14,0.05,274
"Nov 2, 2018 11:00 AM",0,0,0,0,0,5,20,0,4,7,0,6,11,0,0,0,0,1,0,0,1,0,0,0,0,1,0,0,1,0,0,0,0,0,0,1,220,4.5,16.35,0.29,0.14,0.05,275
"Nov 2, 2018 12:00 PM",0,0,0,0,0,5,20,0,4,7,0,6,12,0,0,0,0,1,0,0,0,1,0,0,0,1,0,0,1,0,0,0,0,0,0,1,220,4.5,16.35,0.29,0.14,0.05,276
"Nov 2, 2018  1:00 PM",0,0,0,0,0,5,20,0,4,7,0,6,13,0,0,0,0,1,0,0,0,1,0,0,0,1,0,0,1,0,0,0,0,0,0,1,220,4.5,16.35,0.29,0.14,0.05,277
"Nov 2, 2018  2:00 PM",0,0,0,0,0,5,20,0,4,7,0,6,14,0,0,0,0,1,0,0,0,1,0,0,0,1,0,0,1,0,0,0,0,0,0,1,220,4.5,16.35,0.29,0.14,0.05,278
"Nov 2, 2018  3:00 PM",0,0,0,0,0,5,20,0,4,7,0,6,15,0,0,0,0,1,0,0,0,1,0,0,0,1,0,0,1,0,0,0,0,0,0,1,220,4.5,16.35,0.29,0.14,0.05,279
"Nov 2, 2018  4:00 PM",0,0,0,0,0,5,20,0,4,7,0,6,16,0,0,0,0,1,0,0,0,0,1,0,0,1,0,0,1,0,0,0,0,0,0,1,220,4.5,16.35,0.29,0.14,0.05,280
"Nov 2, 2018  5:00 PM",1,0,1,0,20,5,20,20,4,7,0,6,17,0,0,0,0,1,0,0,0,0,1,0,0,1,0,0,1,0,0,0,0,0,0,1,220,4.5,16.35,0.29,0.14,0.05,281
"Nov 2, 2018  6:00 PM",0,1,0,0,0,5,20,0,4,7,0,6,18,0,0,0,0,1,0,0,0,0,1,0,0,1,0,0,1,0,0,0,0,0,0,1,220,4.5,16.35,0.29,0.14,0.05,282
"Nov 2, 2018  7:00 PM",0,0,0,0,0,5,20,0,4,7,0,6,19,0,0,0,0,1,0,0,0,0,1,0,0,1,0,0,1,0,0,0,0,0,0,1,220,4.5,16.35,0.29,0.14,0.05,283
"Nov 2, 2018  8:00 PM",0,0,0,0,0,5,20,0,4,7,0,6,20,0,0,0,0,1,0,0,0,0,0,1,0,1,0,0,1,0,0,0,0,0,0,1,220,4.5,16.35,0.29,0.14,0.05,284
"Nov 2, 2018  9:00 PM",0,0,0,0,0,5,20,0,4,7,0,6,21,0,0,0,0,1,0,0,0,0,0,1,0,1,0,0,1,0,0,0,0,0,0,1,220,4.5,16.35,0.29,0.14,0.05,285
"Nov 3, 2018  9:00 AM",0,0,0,0,0,6,15,0,5,6,41,6,9,0,0,0,0,0,1,0,1,0,0,0,0,1,0,0,1,0,0,0,0,0,0,0,220,4.5,16.35,0.29,0.14,0.05,297
"Nov 3, 2018 10:00 AM",0,0,0,0,0,6,15,0,5,6,41,6,10,0,0,0,0,0,1,0,1,0,0,0,0,1,0,0,1,0,0,0,0,0,0,0,220,4.5,16.35,0.29,0.14,0.05,298
"Nov 3, 2018 11:00 AM",0,0,0,0,0,6,15,0,5,6,41,6,11,0,0,0,0,0,1,0,1,0,0,0,0,1,0,0,1,0,0,0,0,0,0,0,220,4.5,16.35,0.29,0.14,0.05,299
"Nov 3, 2018 12:00 PM",0,0,0,0,0,6,15,0,5,6,41,6,12,0,0,0,0,0,1,0,0,1,0,0,0,1,0,0,1,0,0,0,0,0,0,0,220,4.5,16.35,0.29,0.14,0.05,300
"Nov 3, 2018  1:00 PM",0,0,0,0,0,6,15,0,5,6,41,6,13,0,0,0,0,0,1,0,0,1,0,0,0,1,0,0,1,0,0,0,0,0,0,0,220,4.5,16.35,0.29,0.14,0.05,301
"Nov 3, 2018  2:00 PM",0,0,0,0,0,6,15,0,5,6,41,6,14,0,0,0,0,0,1,0,0,1,0,0,0,1,0,0,1,0,0,0,0,0,0,0,220,4.5,16.35,0.29,0.14,0.05,302
"Nov 3, 2018  3:00 PM",0,0,0,0,0,6,15,0,5,6,41,6,15,0,0,0,0,0,1,0,0,1,0,0,0,1,0,0,1,0,0,0,0,0,0,0,220,4.5,16.35,0.29,0.14,0.05,303
"Nov 3, 2018  4:00 PM",0,0,0,0,0,6,15,0,5,6,41,6,16,0,0,0,0,0,1,0,0,0,1,0,0,1,0,0,1,0,0,0,0,0,0,0,220,4.5,16.35,0.29,0.14,0.05,304
"Nov 3, 2018  5:00 PM",0,0,0,0,0,6,15,0,5,6,41,6,17,0,0,0,0,0,1,0,0,0,1,0,0,1,0,0,1,0,0,0,0,0,0,0,220,4.5,16.35,0.29,0.14,0.05,305
"Nov 3, 2018  6:00 PM",0,0,0,0,0,6,15,0,5,6,41,6,18,0,0,0,0,0,1,0,0,0,1,0,0,1,0,0,1,0,0,0,0,0,0,0,220,4.5,16.35,0.29,0.14,0.05,306
"Nov 3, 2018  7:00 PM",0,0,0,0,0,6,15,0,5,6,41,6,19,0,0,0,0,0,1,0,0,0,1,0,0,1,0,0,1,0,0,0,0,0,0,0,220,4.5,16.35,0.29,0.14,0.05,307
"Nov 3, 2018  8:00 PM",0,0,0,0,0,6,15,0,5,6,41,6,20,0,0,0,0,0,1,0,0,0,0,1,0,1,0,0,1,0,0,0,0,0,0,0,220,4.5,16.35,0.29,0.14,0.05,308
"Nov 3, 2018  9:00 PM",0,0,0,0,0,6,15,0,5,6,41,6,21,0,0,0,0,0,1,0,0,0,0,1,0,1,0,0,1,0,0,0,0,0,0,0,220,4.5,16.35,0.29,0.14,0.05,309
"Nov 5, 2018  9:00 AM",0,0,0,0,0,1,6,0,7,4,39,7,9,1,0,0,0,0,0,0,1,0,0,0,1,0,0,0,0,1,0,0,0,0,0,0,220,4.5,16.35,0.29,0.14,0.05,177
"Nov 5, 2018 10:00 AM",0,0,0,0,0,1,6,0,7,4,39,7,10,1,0,0,0,0,0,0,1,0,0,0,1,0,0,0,0,1,0,0,0,0,0,0,220,4.5,16.35,0.29,0.14,0.05,178
"Nov 5, 2018 11:00 AM",0,0,0,0,0,1,6,0,7,4,39,7,11,1,0,0,0,0,0,0,1,0,0,0,1,0,0,0,0,1,0,0,0,0,0,0,220,4.5,16.35,0.29,0.14,0.05,179
"Nov 5, 2018 12:00 PM",0,0,0,0,0,1,6,0,7,4,39,7,12,1,0,0,0,0,0,0,0,1,0,0,1,0,0,0,0,1,0,0,0,0,0,0,220,4.5,16.35,0.29,0.14,0.05,180
"Nov 5, 2018  1:00 PM",7,6,1,6,6,1,6,42,7,4,39,7,13,1,0,0,0,0,0,0,0,1,0,0,1,0,0,0,0,1,0,0,0,0,0,0,220,4.5,16.35,0.29,0.14,0.05,181
"Nov 5, 2018  2:00 PM",0,0,0,0,0,1,6,0,7,4,39,7,14,1,0,0,0,0,0,0,0,1,0,0,1,0,0,0,0,1,0,0,0,0,0,0,220,4.5,16.35,0.29,0.14,0.05,182
"Nov 5, 2018  3:00 PM",0,0,0,0,0,1,6,0,7,4,39,7,15,1,0,0,0,0,0,0,0,1,0,0,1,0,0,0,0,1,0,0,0,0,0,0,220,4.5,16.35,0.29,0.14,0.05,183
"Nov 5, 2018  4:00 PM",0,0,0,0,0,1,6,0,7,4,39,7,16,1,0,0,0,0,0,0,0,0,1,0,1,0,0,0,0,1,0,0,0,0,0,0,220,4.5,16.35,0.29,0.14,0.05,184
"Nov 5, 2018  5:00 PM",0,0,0,0,0,1,6,0,7,4,39,7,17,1,0,0,0,0,0,0,0,0,1,0,1,0,0,0,0,1,0,0,0,0,0,0,220,4.5,16.35,0.29,0.14,0.05,185
"Nov 5, 2018  6:00 PM",0,0,0,0,0,1,6,0,7,4,39,7,18,1,0,0,0,0,0,0,0,0,1,0,1,0,0,0,0,1,0,0,0,0,0,0,220,4.5,16.35,0.29,0.14,0.05,186
"Nov 5, 2018  7:00 PM",0,0,0,0,0,1,6,0,7,4,39,7,19,1,0,0,0,0,0,0,0,0,1,0,1,0,0,0,0,1,0,0,0,0,0,0,220,4.5,16.35,0.29,0.14,0.05,187
"Nov 5, 2018  8:00 PM",0,0,0,0,0,1,6,0,7,4,39,7,20,1,0,0,0,0,0,0,0,0,0,1,1,0,0,0,0,1,0,0,0,0,0,0,220,4.5,16.35,0.29,0.14,0.05,188
"Nov 5, 2018  9:00 PM",0,0,0,0,0,1,6,0,7,4,39,7,21,1,0,0,0,0,0,0,0,0,0,1,1,0,0,0,0,1,0,0,0,0,0,0,220,4.5,16.35,0.29,0.14,0.05,189
"Nov 6, 2018  9:00 AM",0,0,0,0,0,2,7,0,8,3,38,7,9,0,1,0,0,0,0,0,1,0,0,0,1,0,0,0,0,0,1,0,0,0,0,0,220,4.5,16.35,0.29,0.14,0.05,201
"Nov 6, 2018 10:00 AM",0,0,0,0,0,2,7,0,8,3,38,7,10,0,1,0,0,0,0,0,1,0,0,0,1,0,0,0,0,0,1,0,0,0,0,0,220,4.5,16.35,0.29,0.14,0.05,202
"Nov 6, 2018 11:00 AM",0,0,0,0,0,2,7,0,8,3,38,7,11,0,1,0,0,0,0,0,1,0,0,0,1,0,0,0,0,0,1,0,0,0,0,0,220,4.5,16.35,0.29,0.14,0.05,203
"Nov 6, 2018 12:00 PM",0,0,0,0,0,2,7,0,8,3,38,7,12,0,1,0,0,0,0,0,0,1,0,0,1,0,0,0,0,0,1,0,0,0,0,0,220,4.5,16.35,0.29,0.14,0.05,204
"Nov 6, 2018  1:00 PM",0,0,0,0,0,2,7,0,8,3,38,7,13,0,1,0,0,0,0,0,0,1,0,0,1,0,0,0,0,0,1,0,0,0,0,0,220,4.5,16.35,0.29,0.14,0.05,205
"Nov 6, 2018  2:00 PM",4,4,2,1,10,2,7,28,8,3,38,7,14,0,1,0,0,0,0,0,0,1,0,0,1,0,0,0,0,0,1,0,0,0,0,0,220,4.5,16.35,0.29,0.14,0.05,206
"Nov 6, 2018  3:00 PM",1,1,1,0,4,2,7,7,8,3,38,7,15,0,1,0,0,0,0,0,0,1,0,0,1,0,0,0,0,0,1,0,0,0,0,0,220,4.5,16.35,0.29,0.14,0.05,207
"Nov 6, 2018  4:00 PM",3,3,1,5,0,2,7,21,8,3,38,7,16,0,1,0,0,0,0,0,0,0,1,0,1,0,0,0,0,0,1,0,0,0,0,0,220,4.5,16.35,0.29,0.14,0.05,208
"Nov 6, 2018  5:00 PM",0,0,0,0,0,2,7,0,8,3,38,7,17,0,1,0,0,0,0,0,0,0,1,0,1,0,0,0,0,0,1,0,0,0,0,0,220,4.5,16.35,0.29,0.14,0.05,209
"Nov 6, 2018  6:00 PM",0,0,0,0,0,2,7,0,8,3,38,7,18,0,1,0,0,0,0,0,0,0,1,0,1,0,0,0,0,0,1,0,0,0,0,0,220,4.5,16.35,0.29,0.14,0.05,210
"Nov 6, 2018  7:00 PM",0,0,0,0,0,2,7,0,8,3,38,7,19,0,1,0,0,0,0,0,0,0,1,0,1,0,0,0,0,0,1,0,0,0,0,0,220,4.5,16.35,0.29,0.14,0.05,211
"Nov 6, 2018  8:00 PM",0,0,0,0,0,2,7,0,8,3,38,7,20,0,1,0,0,0,0,0,0,0,0,1,1,0,0,0,0,0,1,0,0,0,0,0,220,4.5,16.35,0.29,0.14,0.05,212
"Nov 6, 2018  9:00 PM",0,0,0,0,0,2,7,0,8,3,38,7,21,0,1,0,0,0,0,0,0,0,0,1,1,0,0,0,0,0,1,0,0,0,0,0,220,4.5,16.35,0.29,0.14,0.05,213
"Nov 7, 2018  9:00 AM",0,0,0,0,0,3,14.6666666666667,0,9,2,37,7,9,0,0,1,0,0,0,0,1,0,0,0,1,0,0,0,0,0,1,0,0,0,0,0,220,4.5,16.35,0.29,0.14,0.05,225
"Nov 7, 2018 10:00 AM",2,0,1,19,47,3,14.6666666666667,29.3333333333333,9,2,37,7,10,0,0,1,0,0,0,0,1,0,0,0,1,0,0,0,0,0,1,0,0,0,0,0,220,4.5,16.35,0.29,0.14,0.05,226
"Nov 7, 2018 11:00 AM",12,5,2,26,11,3,14.6666666666667,176,9,2,37,7,11,0,0,1,0,0,0,0,1,0,0,0,1,0,0,0,0,0,1,0,0,0,0,0,220,4.5,16.35,0.29,0.14,0.05,227
"Nov 7, 2018 12:00 PM",11,12,3,17,8,3,14.6666666666667,161.333333333333,9,2,37,7,12,0,0,1,0,0,0,0,0,1,0,0,1,0,0,0,0,0,1,0,0,0,0,0,220,4.5,16.35,0.29,0.14,0.05,228
"Nov 7, 2018  1:00 PM",11,14,2,3,4,3,14.6666666666667,161.333333333333,9,2,37,7,13,0,0,1,0,0,0,0,0,1,0,0,1,0,0,0,0,0,1,0,0,0,0,0,220,4.5,16.35,0.29,0.14,0.05,229
"Nov 7, 2018  2:00 PM",8,8,3,1,5,3,14.6666666666667,117.333333333333,9,2,37,7,14,0,0,1,0,0,0,0,0,1,0,0,1,0,0,0,0,0,1,0,0,0,0,0,220,4.5,16.35,0.29,0.14,0.05,230
"Nov 7, 2018  3:00 PM",3,3,2,0,13,3,14.6666666666667,44,9,2,37,7,15,0,0,1,0,0,0,0,0,1,0,0,1,0,0,0,0,0,1,0,0,0,0,0,220,4.5,16.35,0.29,0.14,0.05,231
"Nov 7, 2018  4:00 PM",0,1,0,0,0,3,14.6666666666667,0,9,2,37,7,16,0,0,1,0,0,0,0,0,0,1,0,1,0,0,0,0,0,1,0,0,0,0,0,220,4.5,16.35,0.29,0.14,0.05,232
"Nov 7, 2018  5:00 PM",0,0,0,0,0,3,14.6666666666667,0,9,2,37,7,17,0,0,1,0,0,0,0,0,0,1,0,1,0,0,0,0,0,1,0,0,0,0,0,220,4.5,16.35,0.29,0.14,0.05,233
"Nov 7, 2018  6:00 PM",0,0,0,0,0,3,14.6666666666667,0,9,2,37,7,18,0,0,1,0,0,0,0,0,0,1,0,1,0,0,0,0,0,1,0,0,0,0,0,220,4.5,16.35,0.29,0.14,0.05,234
"Nov 7, 2018  7:00 PM",0,0,0,0,0,3,14.6666666666667,0,9,2,37,7,19,0,0,1,0,0,0,0,0,0,1,0,1,0,0,0,0,0,1,0,0,0,0,0,220,4.5,16.35,0.29,0.14,0.05,235
"Nov 7, 2018  8:00 PM",0,0,0,0,0,3,14.6666666666667,0,9,2,37,7,20,0,0,1,0,0,0,0,0,0,0,1,1,0,0,0,0,0,1,0,0,0,0,0,220,4.5,16.35,0.29,0.14,0.05,236
"Nov 7, 2018  9:00 PM",0,0,0,0,0,3,14.6666666666667,0,9,2,37,7,21,0,0,1,0,0,0,0,0,0,0,1,1,0,0,0,0,0,1,0,0,0,0,0,220,4.5,16.35,0.29,0.14,0.05,237
"Nov 8, 2018  9:00 AM",10,8,2,2,9,4,7.5,75,10,1,36,7,9,0,0,0,1,0,0,0,1,0,0,0,1,0,0,0,0,0,0,1,0,0,0,0,220,4.5,16.35,0.29,0.14,0.05,249
"Nov 8, 2018 10:00 AM",5,5,1,2,9,4,7.5,37.5,10,1,36,7,10,0,0,0,1,0,0,0,1,0,0,0,1,0,0,0,0,0,0,1,0,0,0,0,220,4.5,16.35,0.29,0.14,0.05,250
"Nov 8, 2018 11:00 AM",0,0,0,0,0,4,7.5,0,10,1,36,7,11,0,0,0,1,0,0,0,1,0,0,0,1,0,0,0,0,0,0,1,0,0,0,0,220,4.5,16.35,0.29,0.14,0.05,251
"Nov 8, 2018 12:00 PM",0,0,0,0,0,4,7.5,0,10,1,36,7,12,0,0,0,1,0,0,0,0,1,0,0,1,0,0,0,0,0,0,1,0,0,0,0,220,4.5,16.35,0.29,0.14,0.05,252
"Nov 8, 2018  1:00 PM",0,0,0,0,0,4,7.5,0,10,1,36,7,13,0,0,0,1,0,0,0,0,1,0,0,1,0,0,0,0,0,0,1,0,0,0,0,220,4.5,16.35,0.29,0.14,0.05,253
"Nov 8, 2018  2:00 PM",0,0,0,0,0,4,7.5,0,10,1,36,7,14,0,0,0,1,0,0,0,0,1,0,0,1,0,0,0,0,0,0,1,0,0,0,0,220,4.5,16.35,0.29,0.14,0.05,254
"Nov 8, 2018  3:00 PM",16,12,2,9,7,4,7.5,120,10,1,36,7,15,0,0,0,1,0,0,0,0,1,0,0,1,0,0,0,0,0,0,1,0,0,0,0,220,4.5,16.35,0.29,0.14,0.05,255
"Nov 8, 2018  4:00 PM",7,9,2,0,5,4,7.5,52.5,10,1,36,7,16,0,0,0,1,0,0,0,0,0,1,0,1,0,0,0,0,0,0,1,0,0,0,0,220,4.5,16.35,0.29,0.14,0.05,256
"Nov 8, 2018  5:00 PM",0,0,0,0,0,4,7.5,0,10,1,36,7,17,0,0,0,1,0,0,0,0,0,1,0,1,0,0,0,0,0,0,1,0,0,0,0,220,4.5,16.35,0.29,0.14,0.05,257
"Nov 8, 2018  6:00 PM",0,0,0,0,0,4,7.5,0,10,1,36,7,18,0,0,0,1,0,0,0,0,0,1,0,1,0,0,0,0,0,0,1,0,0,0,0,220,4.5,16.35,0.29,0.14,0.05,258
"Nov 8, 2018  7:00 PM",0,0,0,0,0,4,7.5,0,10,1,36,7,19,0,0,0,1,0,0,0,0,0,1,0,1,0,0,0,0,0,0,1,0,0,0,0,220,4.5,16.35,0.29,0.14,0.05,259
"Nov 8, 2018  8:00 PM",0,0,0,0,0,4,7.5,0,10,1,36,7,20,0,0,0,1,0,0,0,0,0,0,1,1,0,0,0,0,0,0,1,0,0,0,0,220,4.5,16.35,0.29,0.14,0.05,260
"Nov 8, 2018  9:00 PM",0,0,0,0,0,4,7.5,0,10,1,36,7,21,0,0,0,1,0,0,0,0,0,0,1,1,0,0,0,0,0,0,1,0,0,0,0,220,4.5,16.35,0.29,0.14,0.05,261
"Nov 9, 2018  9:00 AM",0,0,0,0,0,5,10.2,0,11,0,35,7,9,0,0,0,0,1,0,0,1,0,0,0,0,0,0,0,0,0,0,1,0,0,0,0,220,4.5,16.35,0.29,0.14,0.05,273
"Nov 9, 2018 10:00 AM",0,0,0,0,0,5,10.2,0,11,0,35,7,10,0,0,0,0,1,0,0,1,0,0,0,0,0,0,0,0,0,0,1,0,0,0,0,220,4.5,16.35,0.29,0.14,0.05,274
"Nov 9, 2018 11:00 AM",0,0,0,0,0,5,10.2,0,11,0,35,7,11,0,0,0,0,1,0,0,1,0,0,0,0,0,0,0,0,0,0,1,0,0,0,0,220,4.5,16.35,0.29,0.14,0.05,275
"Nov 9, 2018 12:00 PM",1,0,1,0,12,5,10.2,10.2,11,0,35,7,12,0,0,0,0,1,0,0,0,1,0,0,0,0,0,0,0,0,0,1,0,0,0,0,220,4.5,16.35,0.29,0.14,0.05,276
"Nov 9, 2018  1:00 PM",11,6,2,19,9,5,10.2,112.2,11,0,35,7,13,0,0,0,0,1,0,0,0,1,0,0,0,0,0,0,0,0,0,1,0,0,0,0,220,4.5,16.35,0.29,0.14,0.05,277
"Nov 9, 2018  2:00 PM",5,7,1,15,15,5,10.2,51,11,0,35,7,14,0,0,0,0,1,0,0,0,1,0,0,0,0,0,0,0,0,0,1,0,0,0,0,220,4.5,16.35,0.29,0.14,0.05,278
"Nov 9, 2018  3:00 PM",0,3,1,0,0,5,10.2,0,11,0,35,7,15,0,0,0,0,1,0,0,0,1,0,0,0,0,0,0,0,0,0,1,0,0,0,0,220,4.5,16.35,0.29,0.14,0.05,279
"Nov 9, 2018  4:00 PM",13,9,2,12,8,5,10.2,132.6,11,0,35,7,16,0,0,0,0,1,0,0,0,0,1,0,0,0,0,0,0,0,0,1,0,0,0,0,220,4.5,16.35,0.29,0.14,0.05,280
"Nov 9, 2018  5:00 PM",9,11,2,1,7,5,10.2,91.8,11,0,35,7,17,0,0,0,0,1,0,0,0,0,1,0,0,0,0,0,0,0,0,1,0,0,0,0,220,4.5,16.35,0.29,0.14,0.05,281
"Nov 9, 2018  6:00 PM",0,0,0,0,0,5,10.2,0,11,0,35,7,18,0,0,0,0,1,0,0,0,0,1,0,0,0,0,0,0,0,0,1,0,0,0,0,220,4.5,16.35,0.29,0.14,0.05,282
"Nov 9, 2018  7:00 PM",0,0,0,0,0,5,10.2,0,11,0,35,7,19,0,0,0,0,1,0,0,0,0,1,0,0,0,0,0,0,0,0,1,0,0,0,0,220,4.5,16.35,0.29,0.14,0.05,283
"Nov 9, 2018  8:00 PM",0,0,0,0,0,5,10.2,0,11,0,35,7,20,0,0,0,0,1,0,0,0,0,0,1,0,0,0,0,0,0,0,1,0,0,0,0,220,4.5,16.35,0.29,0.14,0.05,284
"Nov 9, 2018  9:00 PM",0,0,0,0,0,5,10.2,0,11,0,35,7,21,0,0,0,0,1,0,0,0,0,0,1,0,0,0,0,0,0,0,1,0,0,0,0,220,4.5,16.35,0.29,0.14,0.05,285
"Nov 10, 2018  9:00 AM",0,0,0,0,0,6,15,0,1,17,34,7,9,0,0,0,0,0,1,0,1,0,0,0,0,0,0,1,0,0,0,0,0,0,0,0,220,4.5,16.35,0.29,0.14,0.05,297
"Nov 10, 2018 10:00 AM",0,0,0,0,0,6,15,0,1,17,34,7,10,0,0,0,0,0,1,0,1,0,0,0,0,0,0,1,0,0,0,0,0,0,0,0,220,4.5,16.35,0.29,0.14,0.05,298
"Nov 10, 2018 11:00 AM",0,0,0,0,0,6,15,0,1,17,34,7,11,0,0,0,0,0,1,0,1,0,0,0,0,0,0,1,0,0,0,0,0,0,0,0,220,4.5,16.35,0.29,0.14,0.05,299
"Nov 10, 2018 12:00 PM",0,0,0,0,0,6,15,0,1,17,34,7,12,0,0,0,0,0,1,0,0,1,0,0,0,0,0,1,0,0,0,0,0,0,0,0,220,4.5,16.35,0.29,0.14,0.05,300
"Nov 10, 2018  1:00 PM",0,0,0,0,0,6,15,0,1,17,34,7,13,0,0,0,0,0,1,0,0,1,0,0,0,0,0,1,0,0,0,0,0,0,0,0,220,4.5,16.35,0.29,0.14,0.05,301
"Nov 10, 2018  2:00 PM",0,0,0,0,0,6,15,0,1,17,34,7,14,0,0,0,0,0,1,0,0,1,0,0,0,0,0,1,0,0,0,0,0,0,0,0,220,4.5,16.35,0.29,0.14,0.05,302
"Nov 10, 2018  3:00 PM",0,0,0,0,0,6,15,0,1,17,34,7,15,0,0,0,0,0,1,0,0,1,0,0,0,0,0,1,0,0,0,0,0,0,0,0,220,4.5,16.35,0.29,0.14,0.05,303
"Nov 10, 2018  4:00 PM",0,0,0,0,0,6,15,0,1,17,34,7,16,0,0,0,0,0,1,0,0,0,1,0,0,0,0,1,0,0,0,0,0,0,0,0,220,4.5,16.35,0.29,0.14,0.05,304
"Nov 10, 2018  5:00 PM",0,0,0,0,0,6,15,0,1,17,34,7,17,0,0,0,0,0,1,0,0,0,1,0,0,0,0,1,0,0,0,0,0,0,0,0,220,4.5,16.35,0.29,0.14,0.05,305
"Nov 10, 2018  6:00 PM",0,0,0,0,0,6,15,0,1,17,34,7,18,0,0,0,0,0,1,0,0,0,1,0,0,0,0,1,0,0,0,0,0,0,0,0,220,4.5,16.35,0.29,0.14,0.05,306
"Nov 10, 2018  7:00 PM",0,0,0,0,0,6,15,0,1,17,34,7,19,0,0,0,0,0,1,0,0,0,1,0,0,0,0,1,0,0,0,0,0,0,0,0,220,4.5,16.35,0.29,0.14,0.05,307
"Nov 10, 2018  8:00 PM",0,0,0,0,0,6,15,0,1,17,34,7,20,0,0,0,0,0,1,0,0,0,0,1,0,0,0,1,0,0,0,0,0,0,0,0,220,4.5,16.35,0.29,0.14,0.05,308
"Nov 10, 2018  9:00 PM",0,0,0,0,0,6,15,0,1,17,34,7,21,0,0,0,0,0,1,0,0,0,0,1,0,0,0,1,0,0,0,0,0,0,0,0,220,4.5,16.35,0.29,0.14,0.05,309
"Nov 12, 2018  9:00 AM",0,0,0,0,0,1,13,0,3,15,32,8,9,1,0,0,0,0,0,0,1,0,0,0,0,0,1,0,0,0,0,0,0,0,0,0,220,4.5,16.35,0.29,0.14,0.05,177
"Nov 12, 2018 10:00 AM",0,0,0,0,0,1,13,0,3,15,32,8,10,1,0,0,0,0,0,0,1,0,0,0,0,0,1,0,0,0,0,0,0,0,0,0,220,4.5,16.35,0.29,0.14,0.05,178
"Nov 12, 2018 11:00 AM",0,0,0,0,0,1,13,0,3,15,32,8,11,1,0,0,0,0,0,0,1,0,0,0,0,0,1,0,0,0,0,0,0,0,0,0,220,4.5,16.35,0.29,0.14,0.05,179
"Nov 12, 2018 12:00 PM",0,0,0,0,0,1,13,0,3,15,32,8,12,1,0,0,0,0,0,0,0,1,0,0,0,0,1,0,0,0,0,0,0,0,0,0,220,4.5,16.35,0.29,0.14,0.05,180
"Nov 12, 2018  1:00 PM",6,5,1,15,8,1,13,78,3,15,32,8,13,1,0,0,0,0,0,0,0,1,0,0,0,0,1,0,0,0,0,0,0,0,0,0,220,4.5,16.35,0.29,0.14,0.05,181
"Nov 12, 2018  2:00 PM",4,2,1,12,18,1,13,52,3,15,32,8,14,1,0,0,0,0,0,0,0,1,0,0,0,0,1,0,0,0,0,0,0,0,0,0,220,4.5,16.35,0.29,0.14,0.05,182
"Nov 12, 2018  3:00 PM",0,3,1,0,0,1,13,0,3,15,32,8,15,1,0,0,0,0,0,0,0,1,0,0,0,0,1,0,0,0,0,0,0,0,0,0,220,4.5,16.35,0.29,0.14,0.05,183
"Nov 12, 2018  4:00 PM",0,0,0,0,0,1,13,0,3,15,32,8,16,1,0,0,0,0,0,0,0,0,1,0,0,0,1,0,0,0,0,0,0,0,0,0,220,4.5,16.35,0.29,0.14,0.05,184
"Nov 12, 2018  5:00 PM",0,0,0,0,0,1,13,0,3,15,32,8,17,1,0,0,0,0,0,0,0,0,1,0,0,0,1,0,0,0,0,0,0,0,0,0,220,4.5,16.35,0.29,0.14,0.05,185
"Nov 12, 2018  6:00 PM",0,0,0,0,0,1,13,0,3,15,32,8,18,1,0,0,0,0,0,0,0,0,1,0,0,0,1,0,0,0,0,0,0,0,0,0,220,4.5,16.35,0.29,0.14,0.05,186
"Nov 12, 2018  7:00 PM",0,0,0,0,0,1,13,0,3,15,32,8,19,1,0,0,0,0,0,0,0,0,1,0,0,0,1,0,0,0,0,0,0,0,0,0,220,4.5,16.35,0.29,0.14,0.05,187
"Nov 12, 2018  8:00 PM",0,0,0,0,0,1,13,0,3,15,32,8,20,1,0,0,0,0,0,0,0,0,0,1,0,0,1,0,0,0,0,0,0,0,0,0,220,4.5,16.35,0.29,0.14,0.05,188
"Nov 12, 2018  9:00 PM",0,0,0,0,0,1,13,0,3,15,32,8,21,1,0,0,0,0,0,0,0,0,0,1,0,0,1,0,0,0,0,0,0,0,0,0,220,4.5,16.35,0.29,0.14,0.05,189
"Nov 13, 2018  9:00 AM",0,0,0,0,0,2,9.4,0,4,14,31,8,9,0,1,0,0,0,0,0,1,0,0,0,0,1,0,0,0,0,0,0,0,0,0,0,220,4.5,16.35,0.29,0.14,0.05,201
"Nov 13, 2018 10:00 AM",0,0,0,0,0,2,9.4,0,4,14,31,8,10,0,1,0,0,0,0,0,1,0,0,0,0,1,0,0,0,0,0,0,0,0,0,0,220,4.5,16.35,0.29,0.14,0.05,202
"Nov 13, 2018 11:00 AM",0,0,0,0,0,2,9.4,0,4,14,31,8,11,0,1,0,0,0,0,0,1,0,0,0,0,1,0,0,0,0,0,0,0,0,0,0,220,4.5,16.35,0.29,0.14,0.05,203
"Nov 13, 2018 12:00 PM",0,0,0,0,0,2,9.4,0,4,14,31,8,12,0,1,0,0,0,0,0,0,1,0,0,0,1,0,0,0,0,0,0,0,0,0,0,220,4.5,16.35,0.29,0.14,0.05,204
"Nov 13, 2018  1:00 PM",2,1,2,0,11,2,9.4,18.8,4,14,31,8,13,0,1,0,0,0,0,0,0,1,0,0,0,1,0,0,0,0,0,0,0,0,0,0,220,4.5,16.35,0.29,0.14,0.05,205
"Nov 13, 2018  2:00 PM",3,3,2,0,9,2,9.4,28.2,4,14,31,8,14,0,1,0,0,0,0,0,0,1,0,0,0,1,0,0,0,0,0,0,0,0,0,0,220,4.5,16.35,0.29,0.14,0.05,206
"Nov 13, 2018  3:00 PM",2,3,2,2,6,2,9.4,18.8,4,14,31,8,15,0,1,0,0,0,0,0,0,1,0,0,0,1,0,0,0,0,0,0,0,0,0,0,220,4.5,16.35,0.29,0.14,0.05,207
"Nov 13, 2018  4:00 PM",2,1,2,1,13,2,9.4,18.8,4,14,31,8,16,0,1,0,0,0,0,0,0,0,1,0,0,1,0,0,0,0,0,0,0,0,0,0,220,4.5,16.35,0.29,0.14,0.05,208
"Nov 13, 2018  5:00 PM",6,6,2,2,8,2,9.4,56.4,4,14,31,8,17,0,1,0,0,0,0,0,0,0,1,0,0,1,0,0,0,0,0,0,0,0,0,0,220,4.5,16.35,0.29,0.14,0.05,209
"Nov 13, 2018  6:00 PM",0,1,0,0,0,2,9.4,0,4,14,31,8,18,0,1,0,0,0,0,0,0,0,1,0,0,1,0,0,0,0,0,0,0,0,0,0,220,4.5,16.35,0.29,0.14,0.05,210
"Nov 13, 2018  7:00 PM",0,0,0,0,0,2,9.4,0,4,14,31,8,19,0,1,0,0,0,0,0,0,0,1,0,0,1,0,0,0,0,0,0,0,0,0,0,220,4.5,16.35,0.29,0.14,0.05,211
"Nov 13, 2018  8:00 PM",0,0,0,0,0,2,9.4,0,4,14,31,8,20,0,1,0,0,0,0,0,0,0,0,1,0,1,0,0,0,0,0,0,0,0,0,0,220,4.5,16.35,0.29,0.14,0.05,212
"Nov 13, 2018  9:00 PM",0,0,0,0,0,2,9.4,0,4,14,31,8,21,0,1,0,0,0,0,0,0,0,0,1,0,1,0,0,0,0,0,0,0,0,0,0,220,4.5,16.35,0.29,0.14,0.05,213
"Nov 14, 2018  9:00 AM",0,0,0,0,0,3,8,0,5,13,30,8,9,0,0,1,0,0,0,0,1,0,0,0,0,1,0,0,0,0,0,0,0,0,0,0,220,4.5,16.35,0.29,0.14,0.05,225
"Nov 14, 2018 10:00 AM",1,1,1,0,5,3,8,8,5,13,30,8,10,0,0,1,0,0,0,0,1,0,0,0,0,1,0,0,0,0,0,0,0,0,0,0,220,4.5,16.35,0.29,0.14,0.05,226
"Nov 14, 2018 11:00 AM",6,4,2,6,14,3,8,48,5,13,30,8,11,0,0,1,0,0,0,0,1,0,0,0,0,1,0,0,0,0,0,0,0,0,0,0,220,4.5,16.35,0.29,0.14,0.05,227
"Nov 14, 2018 12:00 PM",4,5,1,2,8,3,8,32,5,13,30,8,12,0,0,1,0,0,0,0,0,1,0,0,0,1,0,0,0,0,0,0,0,0,0,0,220,4.5,16.35,0.29,0.14,0.05,228
"Nov 14, 2018  1:00 PM",2,2,2,2,4,3,8,16,5,13,30,8,13,0,0,1,0,0,0,0,0,1,0,0,0,1,0,0,0,0,0,0,0,0,0,0,220,4.5,16.35,0.29,0.14,0.05,229
"Nov 14, 2018  2:00 PM",6,5,3,0,9,3,8,48,5,13,30,8,14,0,0,1,0,0,0,0,0,1,0,0,0,1,0,0,0,0,0,0,0,0,0,0,220,4.5,16.35,0.29,0.14,0.05,230
"Nov 14, 2018  3:00 PM",7,8,2,2,8,3,8,56,5,13,30,8,15,0,0,1,0,0,0,0,0,1,0,0,0,1,0,0,0,0,0,0,0,0,0,0,220,4.5,16.35,0.29,0.14,0.05,231
"Nov 14, 2018  4:00 PM",0,0,0,0,0,3,8,0,5,13,30,8,16,0,0,1,0,0,0,0,0,0,1,0,0,1,0,0,0,0,0,0,0,0,0,0,220,4.5,16.35,0.29,0.14,0.05,232
"Nov 14, 2018  5:00 PM",0,0,0,0,0,3,8,0,5,13,30,8,17,0,0,1,0,0,0,0,0,0,1,0,0,1,0,0,0,0,0,0,0,0,0,0,220,4.5,16.35,0.29,0.14,0.05,233
"Nov 14, 2018  6:00 PM",0,0,0,0,0,3,8,0,5,13,30,8,18,0,0,1,0,0,0,0,0,0,1,0,0,1,0,0,0,0,0,0,0,0,0,0,220,4.5,16.35,0.29,0.14,0.05,234
"Nov 14, 2018  7:00 PM",0,0,0,0,0,3,8,0,5,13,30,8,19,0,0,1,0,0,0,0,0,0,1,0,0,1,0,0,0,0,0,0,0,0,0,0,220,4.5,16.35,0.29,0.14,0.05,235
"Nov 14, 2018  8:00 PM",0,0,0,0,0,3,8,0,5,13,30,8,20,0,0,1,0,0,0,0,0,0,0,1,0,1,0,0,0,0,0,0,0,0,0,0,220,4.5,16.35,0.29,0.14,0.05,236
"Nov 14, 2018  9:00 PM",0,0,0,0,0,3,8,0,5,13,30,8,21,0,0,1,0,0,0,0,0,0,0,1,0,1,0,0,0,0,0,0,0,0,0,0,220,4.5,16.35,0.29,0.14,0.05,237
"Nov 15, 2018  9:00 AM",3,1,1,22,38,4,16.6,49.8,6,12,29,8,9,0,0,0,1,0,0,0,1,0,0,0,1,0,0,0,0,0,0,0,0,0,0,0,220,4.5,16.35,0.29,0.14,0.05,249
"Nov 15, 2018 10:00 AM",4,4,2,11,15,4,16.6,66.4,6,12,29,8,10,0,0,0,1,0,0,0,1,0,0,0,1,0,0,0,0,0,0,0,0,0,0,0,220,4.5,16.35,0.29,0.14,0.05,250
"Nov 15, 2018 11:00 AM",0,2,0,0,0,4,16.6,0,6,12,29,8,11,0,0,0,1,0,0,0,1,0,0,0,1,0,0,0,0,0,0,0,0,0,0,0,220,4.5,16.35,0.29,0.14,0.05,251
"Nov 15, 2018 12:00 PM",0,0,0,0,0,4,16.6,0,6,12,29,8,12,0,0,0,1,0,0,0,0,1,0,0,1,0,0,0,0,0,0,0,0,0,0,0,220,4.5,16.35,0.29,0.14,0.05,252
"Nov 15, 2018  1:00 PM",0,0,0,0,0,4,16.6,0,6,12,29,8,13,0,0,0,1,0,0,0,0,1,0,0,1,0,0,0,0,0,0,0,0,0,0,0,220,4.5,16.35,0.29,0.14,0.05,253
"Nov 15, 2018  2:00 PM",7,4,2,11,13,4,16.6,116.2,6,12,29,8,14,0,0,0,1,0,0,0,0,1,0,0,1,0,0,0,0,0,0,0,0,0,0,0,220,4.5,16.35,0.29,0.14,0.05,254
"Nov 15, 2018  3:00 PM",10,10,3,0,9,4,16.6,166,6,12,29,8,15,0,0,0,1,0,0,0,0,1,0,0,1,0,0,0,0,0,0,0,0,0,0,0,220,4.5,16.35,0.29,0.14,0.05,255
"Nov 15, 2018  4:00 PM",9,8,2,154,8,4,16.6,149.4,6,12,29,8,16,0,0,0,1,0,0,0,0,0,1,0,1,0,0,0,0,0,0,0,0,0,0,0,220,4.5,16.35,0.29,0.14,0.05,256
"Nov 15, 2018  5:00 PM",0,0,0,0,0,4,16.6,0,6,12,29,8,17,0,0,0,1,0,0,0,0,0,1,0,1,0,0,0,0,0,0,0,0,0,0,0,220,4.5,16.35,0.29,0.14,0.05,257
"Nov 15, 2018  6:00 PM",0,0,0,0,0,4,16.6,0,6,12,29,8,18,0,0,0,1,0,0,0,0,0,1,0,1,0,0,0,0,0,0,0,0,0,0,0,220,4.5,16.35,0.29,0.14,0.05,258
"Nov 15, 2018  7:00 PM",0,0,0,0,0,4,16.6,0,6,12,29,8,19,0,0,0,1,0,0,0,0,0,1,0,1,0,0,0,0,0,0,0,0,0,0,0,220,4.5,16.35,0.29,0.14,0.05,259
"Nov 15, 2018  8:00 PM",0,0,0,0,0,4,16.6,0,6,12,29,8,20,0,0,0,1,0,0,0,0,0,0,1,1,0,0,0,0,0,0,0,0,0,0,0,220,4.5,16.35,0.29,0.14,0.05,260
"Nov 15, 2018  9:00 PM",0,0,0,0,0,4,16.6,0,6,12,29,8,21,0,0,0,1,0,0,0,0,0,0,1,1,0,0,0,0,0,0,0,0,0,0,0,220,4.5,16.35,0.29,0.14,0.05,261
"Nov 16, 2018  9:00 AM",0,0,0,0,0,5,8,0,7,11,28,8,9,0,0,0,0,1,0,0,1,0,0,0,1,0,0,0,0,0,0,0,0,0,0,0,220,4.5,16.35,0.29,0.14,0.05,273
"Nov 16, 2018 10:00 AM",0,0,0,0,0,5,8,0,7,11,28,8,10,0,0,0,0,1,0,0,1,0,0,0,1,0,0,0,0,0,0,0,0,0,0,0,220,4.5,16.35,0.29,0.14,0.05,274
"Nov 16, 2018 11:00 AM",0,0,0,0,0,5,8,0,7,11,28,8,11,0,0,0,0,1,0,0,1,0,0,0,1,0,0,0,0,0,0,0,0,0,0,0,220,4.5,16.35,0.29,0.14,0.05,275
"Nov 16, 2018 12:00 PM",0,0,0,0,0,5,8,0,7,11,28,8,12,0,0,0,0,1,0,0,0,1,0,0,1,0,0,0,0,0,0,0,0,0,0,0,220,4.5,16.35,0.29,0.14,0.05,276
"Nov 16, 2018  1:00 PM",15,7,2,23,10,5,8,120,7,11,28,8,13,0,0,0,0,1,0,0,0,1,0,0,1,0,0,0,0,0,0,0,0,0,0,0,220,4.5,16.35,0.29,0.14,0.05,277
"Nov 16, 2018  2:00 PM",6,7,2,27,10,5,8,48,7,11,28,8,14,0,0,0,0,1,0,0,0,1,0,0,1,0,0,0,0,0,0,0,0,0,0,0,220,4.5,16.35,0.29,0.14,0.05,278
"Nov 16, 2018  3:00 PM",0,3,1,0,1,5,8,0,7,11,28,8,15,0,0,0,0,1,0,0,0,1,0,0,1,0,0,0,0,0,0,0,0,0,0,0,220,4.5,16.35,0.29,0.14,0.05,279
"Nov 16, 2018  4:00 PM",21,12,2,27,8,5,8,168,7,11,28,8,16,0,0,0,0,1,0,0,0,0,1,0,1,0,0,0,0,0,0,0,0,0,0,0,220,4.5,16.35,0.29,0.14,0.05,280
"Nov 16, 2018  5:00 PM",5,11,2,31,11,5,8,40,7,11,28,8,17,0,0,0,0,1,0,0,0,0,1,0,1,0,0,0,0,0,0,0,0,0,0,0,220,4.5,16.35,0.29,0.14,0.05,281
"Nov 16, 2018  6:00 PM",0,2,0,0,0,5,8,0,7,11,28,8,18,0,0,0,0,1,0,0,0,0,1,0,1,0,0,0,0,0,0,0,0,0,0,0,220,4.5,16.35,0.29,0.14,0.05,282
"Nov 16, 2018  7:00 PM",0,0,0,0,0,5,8,0,7,11,28,8,19,0,0,0,0,1,0,0,0,0,1,0,1,0,0,0,0,0,0,0,0,0,0,0,220,4.5,16.35,0.29,0.14,0.05,283
"Nov 16, 2018  8:00 PM",0,0,0,0,0,5,8,0,7,11,28,8,20,0,0,0,0,1,0,0,0,0,0,1,1,0,0,0,0,0,0,0,0,0,0,0,220,4.5,16.35,0.29,0.14,0.05,284
"Nov 16, 2018  9:00 PM",0,0,0,0,0,5,8,0,7,11,28,8,21,0,0,0,0,1,0,0,0,0,0,1,1,0,0,0,0,0,0,0,0,0,0,0,220,4.5,16.35,0.29,0.14,0.05,285
"Nov 17, 2018  9:00 AM",0,0,0,0,0,6,15,0,8,10,27,8,9,0,0,0,0,0,1,0,1,0,0,0,1,0,0,0,1,0,0,0,0,0,0,0,220,4.5,16.35,0.29,0.14,0.05,297
"Nov 17, 2018 10:00 AM",0,0,0,0,0,6,15,0,8,10,27,8,10,0,0,0,0,0,1,0,1,0,0,0,1,0,0,0,1,0,0,0,0,0,0,0,220,4.5,16.35,0.29,0.14,0.05,298
"Nov 17, 2018 11:00 AM",0,0,0,0,0,6,15,0,8,10,27,8,11,0,0,0,0,0,1,0,1,0,0,0,1,0,0,0,1,0,0,0,0,0,0,0,220,4.5,16.35,0.29,0.14,0.05,299
"Nov 17, 2018 12:00 PM",0,0,0,0,0,6,15,0,8,10,27,8,12,0,0,0,0,0,1,0,0,1,0,0,1,0,0,0,1,0,0,0,0,0,0,0,220,4.5,16.35,0.29,0.14,0.05,300
"Nov 17, 2018  1:00 PM",0,0,0,0,0,6,15,0,8,10,27,8,13,0,0,0,0,0,1,0,0,1,0,0,1,0,0,0,1,0,0,0,0,0,0,0,220,4.5,16.35,0.29,0.14,0.05,301
"Nov 17, 2018  2:00 PM",0,0,0,0,0,6,15,0,8,10,27,8,14,0,0,0,0,0,1,0,0,1,0,0,1,0,0,0,1,0,0,0,0,0,0,0,220,4.5,16.35,0.29,0.14,0.05,302
"Nov 17, 2018  3:00 PM",0,0,0,0,0,6,15,0,8,10,27,8,15,0,0,0,0,0,1,0,0,1,0,0,1,0,0,0,1,0,0,0,0,0,0,0,220,4.5,16.35,0.29,0.14,0.05,303
"Nov 17, 2018  4:00 PM",0,0,0,0,0,6,15,0,8,10,27,8,16,0,0,0,0,0,1,0,0,0,1,0,1,0,0,0,1,0,0,0,0,0,0,0,220,4.5,16.35,0.29,0.14,0.05,304
"Nov 17, 2018  5:00 PM",0,0,0,0,0,6,15,0,8,10,27,8,17,0,0,0,0,0,1,0,0,0,1,0,1,0,0,0,1,0,0,0,0,0,0,0,220,4.5,16.35,0.29,0.14,0.05,305
"Nov 17, 2018  6:00 PM",0,0,0,0,0,6,15,0,8,10,27,8,18,0,0,0,0,0,1,0,0,0,1,0,1,0,0,0,1,0,0,0,0,0,0,0,220,4.5,16.35,0.29,0.14,0.05,306
"Nov 17, 2018  7:00 PM",0,0,0,0,0,6,15,0,8,10,27,8,19,0,0,0,0,0,1,0,0,0,1,0,1,0,0,0,1,0,0,0,0,0,0,0,220,4.5,16.35,0.29,0.14,0.05,307
"Nov 17, 2018  8:00 PM",0,0,0,0,0,6,15,0,8,10,27,8,20,0,0,0,0,0,1,0,0,0,0,1,1,0,0,0,1,0,0,0,0,0,0,0,220,4.5,16.35,0.29,0.14,0.05,308
"Nov 17, 2018  9:00 PM",0,0,0,0,0,6,15,0,8,10,27,8,21,0,0,0,0,0,1,0,0,0,0,1,1,0,0,0,1,0,0,0,0,0,0,0,220,4.5,16.35,0.29,0.14,0.05,309
"Nov 19, 2018  9:00 AM",0,0,0,0,0,1,15,0,10,8,25,8,9,1,0,0,0,0,0,0,1,0,0,0,1,0,0,0,1,0,0,0,0,0,0,0,220,4.5,16.35,0.29,0.14,0.05,177
"Nov 19, 2018 10:00 AM",0,0,0,0,0,1,15,0,10,8,25,8,10,1,0,0,0,0,0,0,1,0,0,0,1,0,0,0,1,0,0,0,0,0,0,0,220,4.5,16.35,0.29,0.14,0.05,178
"Nov 19, 2018 11:00 AM",0,0,0,0,0,1,15,0,10,8,25,8,11,1,0,0,0,0,0,0,1,0,0,0,1,0,0,0,1,0,0,0,0,0,0,0,220,4.5,16.35,0.29,0.14,0.05,179
"Nov 19, 2018 12:00 PM",0,0,0,0,0,1,15,0,10,8,25,8,12,1,0,0,0,0,0,0,0,1,0,0,1,0,0,0,1,0,0,0,0,0,0,0,220,4.5,16.35,0.29,0.14,0.05,180
"Nov 19, 2018  1:00 PM",0,0,0,0,0,1,15,0,10,8,25,8,13,1,0,0,0,0,0,0,0,1,0,0,1,0,0,0,1,0,0,0,0,0,0,0,220,4.5,16.35,0.29,0.14,0.05,181
"Nov 19, 2018  2:00 PM",0,0,0,0,0,1,15,0,10,8,25,8,14,1,0,0,0,0,0,0,0,1,0,0,1,0,0,0,1,0,0,0,0,0,0,0,220,4.5,16.35,0.29,0.14,0.05,182
"Nov 19, 2018  3:00 PM",0,0,0,0,0,1,15,0,10,8,25,8,15,1,0,0,0,0,0,0,0,1,0,0,1,0,0,0,1,0,0,0,0,0,0,0,220,4.5,16.35,0.29,0.14,0.05,183
"Nov 19, 2018  4:00 PM",0,0,0,0,0,1,15,0,10,8,25,8,16,1,0,0,0,0,0,0,0,0,1,0,1,0,0,0,1,0,0,0,0,0,0,0,220,4.5,16.35,0.29,0.14,0.05,184
"Nov 19, 2018  5:00 PM",0,0,0,0,0,1,15,0,10,8,25,8,17,1,0,0,0,0,0,0,0,0,1,0,1,0,0,0,1,0,0,0,0,0,0,0,220,4.5,16.35,0.29,0.14,0.05,185
"Nov 19, 2018  6:00 PM",0,0,0,0,0,1,15,0,10,8,25,8,18,1,0,0,0,0,0,0,0,0,1,0,1,0,0,0,1,0,0,0,0,0,0,0,220,4.5,16.35,0.29,0.14,0.05,186
"Nov 19, 2018  7:00 PM",0,0,0,0,0,1,15,0,10,8,25,8,19,1,0,0,0,0,0,0,0,0,1,0,1,0,0,0,1,0,0,0,0,0,0,0,220,4.5,16.35,0.29,0.14,0.05,187
"Nov 19, 2018  8:00 PM",0,0,0,0,0,1,15,0,10,8,25,8,20,1,0,0,0,0,0,0,0,0,0,1,1,0,0,0,1,0,0,0,0,0,0,0,220,4.5,16.35,0.29,0.14,0.05,188
"Nov 19, 2018  9:00 PM",0,0,0,0,0,1,15,0,10,8,25,8,21,1,0,0,0,0,0,0,0,0,0,1,1,0,0,0,1,0,0,0,0,0,0,0,220,4.5,16.35,0.29,0.14,0.05,189
"Nov 20, 2018  9:00 AM",0,0,0,0,0,2,15,0,11,7,24,8,9,0,1,0,0,0,0,0,1,0,0,0,0,0,0,0,1,0,0,0,0,0,0,0,220,4.5,16.35,0.29,0.14,0.05,201
"Nov 20, 2018 10:00 AM",0,0,0,0,0,2,15,0,11,7,24,8,10,0,1,0,0,0,0,0,1,0,0,0,0,0,0,0,1,0,0,0,0,0,0,0,220,4.5,16.35,0.29,0.14,0.05,202
"Nov 20, 2018 11:00 AM",0,0,0,0,0,2,15,0,11,7,24,8,11,0,1,0,0,0,0,0,1,0,0,0,0,0,0,0,1,0,0,0,0,0,0,0,220,4.5,16.35,0.29,0.14,0.05,203
"Nov 20, 2018 12:00 PM",0,0,0,0,0,2,15,0,11,7,24,8,12,0,1,0,0,0,0,0,0,1,0,0,0,0,0,0,1,0,0,0,0,0,0,0,220,4.5,16.35,0.29,0.14,0.05,204
"Nov 20, 2018  1:00 PM",0,0,0,0,0,2,15,0,11,7,24,8,13,0,1,0,0,0,0,0,0,1,0,0,0,0,0,0,1,0,0,0,0,0,0,0,220,4.5,16.35,0.29,0.14,0.05,205
"Nov 20, 2018  2:00 PM",0,0,0,0,0,2,15,0,11,7,24,8,14,0,1,0,0,0,0,0,0,1,0,0,0,0,0,0,1,0,0,0,0,0,0,0,220,4.5,16.35,0.29,0.14,0.05,206
"Nov 20, 2018  3:00 PM",0,0,0,0,0,2,15,0,11,7,24,8,15,0,1,0,0,0,0,0,0,1,0,0,0,0,0,0,1,0,0,0,0,0,0,0,220,4.5,16.35,0.29,0.14,0.05,207
"Nov 20, 2018  4:00 PM",0,0,0,0,0,2,15,0,11,7,24,8,16,0,1,0,0,0,0,0,0,0,1,0,0,0,0,0,1,0,0,0,0,0,0,0,220,4.5,16.35,0.29,0.14,0.05,208
"Nov 20, 2018  5:00 PM",0,0,0,0,0,2,15,0,11,7,24,8,17,0,1,0,0,0,0,0,0,0,1,0,0,0,0,0,1,0,0,0,0,0,0,0,220,4.5,16.35,0.29,0.14,0.05,209
"Nov 20, 2018  6:00 PM",0,0,0,0,0,2,15,0,11,7,24,8,18,0,1,0,0,0,0,0,0,0,1,0,0,0,0,0,1,0,0,0,0,0,0,0,220,4.5,16.35,0.29,0.14,0.05,210
"Nov 20, 2018  7:00 PM",0,0,0,0,0,2,15,0,11,7,24,8,19,0,1,0,0,0,0,0,0,0,1,0,0,0,0,0,1,0,0,0,0,0,0,0,220,4.5,16.35,0.29,0.14,0.05,211
"Nov 20, 2018  8:00 PM",0,0,0,0,0,2,15,0,11,7,24,8,20,0,1,0,0,0,0,0,0,0,0,1,0,0,0,0,1,0,0,0,0,0,0,0,220,4.5,16.35,0.29,0.14,0.05,212
"Nov 20, 2018  9:00 PM",0,0,0,0,0,2,15,0,11,7,24,8,21,0,1,0,0,0,0,0,0,0,0,1,0,0,0,0,1,0,0,0,0,0,0,0,220,4.5,16.35,0.29,0.14,0.05,213
"Nov 21, 2018  9:00 AM",0,0,0,0,0,3,15,0,12,6,23,8,9,0,0,1,0,0,0,0,1,0,0,0,0,0,0,0,1,0,0,0,0,0,0,0,220,4.5,16.35,0.29,0.14,0.05,225
"Nov 21, 2018 10:00 AM",0,0,0,0,0,3,15,0,12,6,23,8,10,0,0,1,0,0,0,0,1,0,0,0,0,0,0,0,1,0,0,0,0,0,0,0,220,4.5,16.35,0.29,0.14,0.05,226
"Nov 21, 2018 11:00 AM",0,0,0,0,0,3,15,0,12,6,23,8,11,0,0,1,0,0,0,0,1,0,0,0,0,0,0,0,1,0,0,0,0,0,0,0,220,4.5,16.35,0.29,0.14,0.05,227
"Nov 21, 2018 12:00 PM",0,0,0,0,0,3,15,0,12,6,23,8,12,0,0,1,0,0,0,0,0,1,0,0,0,0,0,0,1,0,0,0,0,0,0,0,220,4.5,16.35,0.29,0.14,0.05,228
"Nov 21, 2018  1:00 PM",0,0,0,0,0,3,15,0,12,6,23,8,13,0,0,1,0,0,0,0,0,1,0,0,0,0,0,0,1,0,0,0,0,0,0,0,220,4.5,16.35,0.29,0.14,0.05,229
"Nov 21, 2018  2:00 PM",0,0,0,0,0,3,15,0,12,6,23,8,14,0,0,1,0,0,0,0,0,1,0,0,0,0,0,0,1,0,0,0,0,0,0,0,220,4.5,16.35,0.29,0.14,0.05,230
"Nov 21, 2018  3:00 PM",0,0,0,0,0,3,15,0,12,6,23,8,15,0,0,1,0,0,0,0,0,1,0,0,0,0,0,0,1,0,0,0,0,0,0,0,220,4.5,16.35,0.29,0.14,0.05,231
"Nov 21, 2018  4:00 PM",0,0,0,0,0,3,15,0,12,6,23,8,16,0,0,1,0,0,0,0,0,0,1,0,0,0,0,0,1,0,0,0,0,0,0,0,220,4.5,16.35,0.29,0.14,0.05,232
"Nov 21, 2018  5:00 PM",0,0,0,0,0,3,15,0,12,6,23,8,17,0,0,1,0,0,0,0,0,0,1,0,0,0,0,0,1,0,0,0,0,0,0,0,220,4.5,16.35,0.29,0.14,0.05,233
"Nov 21, 2018  6:00 PM",0,0,0,0,0,3,15,0,12,6,23,8,18,0,0,1,0,0,0,0,0,0,1,0,0,0,0,0,1,0,0,0,0,0,0,0,220,4.5,16.35,0.29,0.14,0.05,234
"Nov 21, 2018  7:00 PM",0,0,0,0,0,3,15,0,12,6,23,8,19,0,0,1,0,0,0,0,0,0,1,0,0,0,0,0,1,0,0,0,0,0,0,0,220,4.5,16.35,0.29,0.14,0.05,235
"Nov 21, 2018  8:00 PM",0,0,0,0,0,3,15,0,12,6,23,8,20,0,0,1,0,0,0,0,0,0,0,1,0,0,0,0,1,0,0,0,0,0,0,0,220,4.5,16.35,0.29,0.14,0.05,236
"Nov 21, 2018  9:00 PM",0,0,0,0,0,3,15,0,12,6,23,8,21,0,0,1,0,0,0,0,0,0,0,1,0,0,0,0,1,0,0,0,0,0,0,0,220,4.5,16.35,0.29,0.14,0.05,237
"Nov 22, 2018  9:00 AM",0,0,0,0,0,4,15,0,13,5,22,8,9,0,0,0,1,0,0,0,1,0,0,0,0,0,0,0,0,1,0,0,0,0,0,0,220,4.5,16.35,0.29,0.14,0.05,249
"Nov 22, 2018 10:00 AM",0,0,0,0,0,4,15,0,13,5,22,8,10,0,0,0,1,0,0,0,1,0,0,0,0,0,0,0,0,1,0,0,0,0,0,0,220,4.5,16.35,0.29,0.14,0.05,250
"Nov 22, 2018 11:00 AM",0,0,0,0,0,4,15,0,13,5,22,8,11,0,0,0,1,0,0,0,1,0,0,0,0,0,0,0,0,1,0,0,0,0,0,0,220,4.5,16.35,0.29,0.14,0.05,251
"Nov 22, 2018 12:00 PM",0,0,0,0,0,4,15,0,13,5,22,8,12,0,0,0,1,0,0,0,0,1,0,0,0,0,0,0,0,1,0,0,0,0,0,0,220,4.5,16.35,0.29,0.14,0.05,252
"Nov 22, 2018  1:00 PM",0,0,0,0,0,4,15,0,13,5,22,8,13,0,0,0,1,0,0,0,0,1,0,0,0,0,0,0,0,1,0,0,0,0,0,0,220,4.5,16.35,0.29,0.14,0.05,253
"Nov 22, 2018  2:00 PM",0,0,0,0,0,4,15,0,13,5,22,8,14,0,0,0,1,0,0,0,0,1,0,0,0,0,0,0,0,1,0,0,0,0,0,0,220,4.5,16.35,0.29,0.14,0.05,254
"Nov 22, 2018  3:00 PM",0,0,0,0,0,4,15,0,13,5,22,8,15,0,0,0,1,0,0,0,0,1,0,0,0,0,0,0,0,1,0,0,0,0,0,0,220,4.5,16.35,0.29,0.14,0.05,255
"Nov 22, 2018  4:00 PM",0,0,0,0,0,4,15,0,13,5,22,8,16,0,0,0,1,0,0,0,0,0,1,0,0,0,0,0,0,1,0,0,0,0,0,0,220,4.5,16.35,0.29,0.14,0.05,256
"Nov 22, 2018  5:00 PM",0,0,0,0,0,4,15,0,13,5,22,8,17,0,0,0,1,0,0,0,0,0,1,0,0,0,0,0,0,1,0,0,0,0,0,0,220,4.5,16.35,0.29,0.14,0.05,257
"Nov 22, 2018  6:00 PM",0,0,0,0,0,4,15,0,13,5,22,8,18,0,0,0,1,0,0,0,0,0,1,0,0,0,0,0,0,1,0,0,0,0,0,0,220,4.5,16.35,0.29,0.14,0.05,258
"Nov 22, 2018  7:00 PM",0,0,0,0,0,4,15,0,13,5,22,8,19,0,0,0,1,0,0,0,0,0,1,0,0,0,0,0,0,1,0,0,0,0,0,0,220,4.5,16.35,0.29,0.14,0.05,259
"Nov 22, 2018  8:00 PM",0,0,0,0,0,4,15,0,13,5,22,8,20,0,0,0,1,0,0,0,0,0,0,1,0,0,0,0,0,1,0,0,0,0,0,0,220,4.5,16.35,0.29,0.14,0.05,260
"Nov 22, 2018  9:00 PM",0,0,0,0,0,4,15,0,13,5,22,8,21,0,0,0,1,0,0,0,0,0,0,1,0,0,0,0,0,1,0,0,0,0,0,0,220,4.5,16.35,0.29,0.14,0.05,261
"Nov 23, 2018  9:00 AM",0,0,0,0,0,5,15,0,14,4,21,8,9,0,0,0,0,1,0,0,1,0,0,0,0,0,0,0,0,1,0,0,0,0,0,0,220,4.5,16.35,0.29,0.14,0.05,273
"Nov 23, 2018 10:00 AM",0,0,0,0,0,5,15,0,14,4,21,8,10,0,0,0,0,1,0,0,1,0,0,0,0,0,0,0,0,1,0,0,0,0,0,0,220,4.5,16.35,0.29,0.14,0.05,274
"Nov 23, 2018 11:00 AM",0,0,0,0,0,5,15,0,14,4,21,8,11,0,0,0,0,1,0,0,1,0,0,0,0,0,0,0,0,1,0,0,0,0,0,0,220,4.5,16.35,0.29,0.14,0.05,275
"Nov 23, 2018 12:00 PM",0,0,0,0,0,5,15,0,14,4,21,8,12,0,0,0,0,1,0,0,0,1,0,0,0,0,0,0,0,1,0,0,0,0,0,0,220,4.5,16.35,0.29,0.14,0.05,276
"Nov 23, 2018  1:00 PM",0,0,0,0,0,5,15,0,14,4,21,8,13,0,0,0,0,1,0,0,0,1,0,0,0,0,0,0,0,1,0,0,0,0,0,0,220,4.5,16.35,0.29,0.14,0.05,277
"Nov 23, 2018  2:00 PM",0,0,0,0,0,5,15,0,14,4,21,8,14,0,0,0,0,1,0,0,0,1,0,0,0,0,0,0,0,1,0,0,0,0,0,0,220,4.5,16.35,0.29,0.14,0.05,278
"Nov 23, 2018  3:00 PM",0,0,0,0,0,5,15,0,14,4,21,8,15,0,0,0,0,1,0,0,0,1,0,0,0,0,0,0,0,1,0,0,0,0,0,0,220,4.5,16.35,0.29,0.14,0.05,279
"Nov 23, 2018  4:00 PM",0,0,0,0,0,5,15,0,14,4,21,8,16,0,0,0,0,1,0,0,0,0,1,0,0,0,0,0,0,1,0,0,0,0,0,0,220,4.5,16.35,0.29,0.14,0.05,280
"Nov 23, 2018  5:00 PM",0,0,0,0,0,5,15,0,14,4,21,8,17,0,0,0,0,1,0,0,0,0,1,0,0,0,0,0,0,1,0,0,0,0,0,0,220,4.5,16.35,0.29,0.14,0.05,281
"Nov 23, 2018  6:00 PM",0,0,0,0,0,5,15,0,14,4,21,8,18,0,0,0,0,1,0,0,0,0,1,0,0,0,0,0,0,1,0,0,0,0,0,0,220,4.5,16.35,0.29,0.14,0.05,282
"Nov 23, 2018  7:00 PM",0,0,0,0,0,5,15,0,14,4,21,8,19,0,0,0,0,1,0,0,0,0,1,0,0,0,0,0,0,1,0,0,0,0,0,0,220,4.5,16.35,0.29,0.14,0.05,283
"Nov 23, 2018  8:00 PM",0,0,0,0,0,5,15,0,14,4,21,8,20,0,0,0,0,1,0,0,0,0,0,1,0,0,0,0,0,1,0,0,0,0,0,0,220,4.5,16.35,0.29,0.14,0.05,284
"Nov 23, 2018  9:00 PM",0,0,0,0,0,5,15,0,14,4,21,8,21,0,0,0,0,1,0,0,0,0,0,1,0,0,0,0,0,1,0,0,0,0,0,0,220,4.5,16.35,0.29,0.14,0.05,285
"Nov 24, 2018  9:00 AM",0,0,0,0,0,6,15,0,15,3,20,8,9,0,0,0,0,0,1,0,1,0,0,0,0,0,0,0,0,0,1,0,0,0,0,0,220,4.5,16.35,0.29,0.14,0.05,297
"Nov 24, 2018 10:00 AM",0,0,0,0,0,6,15,0,15,3,20,8,10,0,0,0,0,0,1,0,1,0,0,0,0,0,0,0,0,0,1,0,0,0,0,0,220,4.5,16.35,0.29,0.14,0.05,298
"Nov 24, 2018 11:00 AM",0,0,0,0,0,6,15,0,15,3,20,8,11,0,0,0,0,0,1,0,1,0,0,0,0,0,0,0,0,0,1,0,0,0,0,0,220,4.5,16.35,0.29,0.14,0.05,299
"Nov 24, 2018 12:00 PM",0,0,0,0,0,6,15,0,15,3,20,8,12,0,0,0,0,0,1,0,0,1,0,0,0,0,0,0,0,0,1,0,0,0,0,0,220,4.5,16.35,0.29,0.14,0.05,300
"Nov 24, 2018  1:00 PM",0,0,0,0,0,6,15,0,15,3,20,8,13,0,0,0,0,0,1,0,0,1,0,0,0,0,0,0,0,0,1,0,0,0,0,0,220,4.5,16.35,0.29,0.14,0.05,301
"Nov 24, 2018  2:00 PM",0,0,0,0,0,6,15,0,15,3,20,8,14,0,0,0,0,0,1,0,0,1,0,0,0,0,0,0,0,0,1,0,0,0,0,0,220,4.5,16.35,0.29,0.14,0.05,302
"Nov 24, 2018  3:00 PM",0,0,0,0,0,6,15,0,15,3,20,8,15,0,0,0,0,0,1,0,0,1,0,0,0,0,0,0,0,0,1,0,0,0,0,0,220,4.5,16.35,0.29,0.14,0.05,303
"Nov 24, 2018  4:00 PM",0,0,0,0,0,6,15,0,15,3,20,8,16,0,0,0,0,0,1,0,0,0,1,0,0,0,0,0,0,0,1,0,0,0,0,0,220,4.5,16.35,0.29,0.14,0.05,304
"Nov 24, 2018  5:00 PM",0,0,0,0,0,6,15,0,15,3,20,8,17,0,0,0,0,0,1,0,0,0,1,0,0,0,0,0,0,0,1,0,0,0,0,0,220,4.5,16.35,0.29,0.14,0.05,305
"Nov 24, 2018  6:00 PM",0,0,0,0,0,6,15,0,15,3,20,8,18,0,0,0,0,0,1,0,0,0,1,0,0,0,0,0,0,0,1,0,0,0,0,0,220,4.5,16.35,0.29,0.14,0.05,306
"Nov 24, 2018  7:00 PM",0,0,0,0,0,6,15,0,15,3,20,8,19,0,0,0,0,0,1,0,0,0,1,0,0,0,0,0,0,0,1,0,0,0,0,0,220,4.5,16.35,0.29,0.14,0.05,307
"Nov 24, 2018  8:00 PM",0,0,0,0,0,6,15,0,15,3,20,8,20,0,0,0,0,0,1,0,0,0,0,1,0,0,0,0,0,0,1,0,0,0,0,0,220,4.5,16.35,0.29,0.14,0.05,308
"Nov 24, 2018  9:00 PM",0,0,0,0,0,6,15,0,15,3,20,8,21,0,0,0,0,0,1,0,0,0,0,1,0,0,0,0,0,0,1,0,0,0,0,0,220,4.5,16.35,0.29,0.14,0.05,309
"Nov 26, 2018  9:00 AM",0,0,0,0,0,1,13,0,17,1,18,9,9,1,0,0,0,0,0,0,1,0,0,0,0,0,0,0,0,0,0,1,0,0,0,0,220,4.5,16.35,0.29,0.14,0.05,177
"Nov 26, 2018 10:00 AM",0,0,0,0,0,1,13,0,17,1,18,9,10,1,0,0,0,0,0,0,1,0,0,0,0,0,0,0,0,0,0,1,0,0,0,0,220,4.5,16.35,0.29,0.14,0.05,178
"Nov 26, 2018 11:00 AM",0,0,0,0,0,1,13,0,17,1,18,9,11,1,0,0,0,0,0,0,1,0,0,0,0,0,0,0,0,0,0,1,0,0,0,0,220,4.5,16.35,0.29,0.14,0.05,179
"Nov 26, 2018 12:00 PM",0,0,0,0,0,1,13,0,17,1,18,9,12,1,0,0,0,0,0,0,0,1,0,0,0,0,0,0,0,0,0,1,0,0,0,0,220,4.5,16.35,0.29,0.14,0.05,180
"Nov 26, 2018  1:00 PM",15,3,1,64,11,1,13,195,17,1,18,9,13,1,0,0,0,0,0,0,0,1,0,0,0,0,0,0,0,0,0,1,0,0,0,0,220,4.5,16.35,0.29,0.14,0.05,181
"Nov 26, 2018  2:00 PM",3,4,1,71,25,1,13,39,17,1,18,9,14,1,0,0,0,0,0,0,0,1,0,0,0,0,0,0,0,0,0,1,0,0,0,0,220,4.5,16.35,0.29,0.14,0.05,182
"Nov 26, 2018  3:00 PM",0,7,1,0,12,1,13,0,17,1,18,9,15,1,0,0,0,0,0,0,0,1,0,0,0,0,0,0,0,0,0,1,0,0,0,0,220,4.5,16.35,0.29,0.14,0.05,183
"Nov 26, 2018  4:00 PM",0,0,0,0,0,1,13,0,17,1,18,9,16,1,0,0,0,0,0,0,0,0,1,0,0,0,0,0,0,0,0,1,0,0,0,0,220,4.5,16.35,0.29,0.14,0.05,184
"Nov 26, 2018  5:00 PM",0,0,0,0,0,1,13,0,17,1,18,9,17,1,0,0,0,0,0,0,0,0,1,0,0,0,0,0,0,0,0,1,0,0,0,0,220,4.5,16.35,0.29,0.14,0.05,185
"Nov 26, 2018  6:00 PM",16,9,2,19,10,1,13,208,17,1,18,9,18,1,0,0,0,0,0,0,0,0,1,0,0,0,0,0,0,0,0,1,0,0,0,0,220,4.5,16.35,0.29,0.14,0.05,186
"Nov 26, 2018  7:00 PM",13,16,2,10,7,1,13,169,17,1,18,9,19,1,0,0,0,0,0,0,0,0,1,0,0,0,0,0,0,0,0,1,0,0,0,0,220,4.5,16.35,0.29,0.14,0.05,187
"Nov 26, 2018  8:00 PM",0,2,0,0,0,1,13,0,17,1,18,9,20,1,0,0,0,0,0,0,0,0,0,1,0,0,0,0,0,0,0,1,0,0,0,0,220,4.5,16.35,0.29,0.14,0.05,188
"Nov 26, 2018  9:00 PM",0,0,0,0,0,1,13,0,17,1,18,9,21,1,0,0,0,0,0,0,0,0,0,1,0,0,0,0,0,0,0,1,0,0,0,0,220,4.5,16.35,0.29,0.14,0.05,189
"Nov 27, 2018  9:00 AM",0,0,0,0,0,2,11,0,18,0,17,9,9,0,1,0,0,0,0,0,1,0,0,0,0,0,0,0,0,0,0,1,0,0,0,0,220,4.5,16.35,0.29,0.14,0.05,201
"Nov 27, 2018 10:00 AM",0,0,0,0,0,2,11,0,18,0,17,9,10,0,1,0,0,0,0,0,1,0,0,0,0,0,0,0,0,0,0,1,0,0,0,0,220,4.5,16.35,0.29,0.14,0.05,202
"Nov 27, 2018 11:00 AM",0,0,0,0,0,2,11,0,18,0,17,9,11,0,1,0,0,0,0,0,1,0,0,0,0,0,0,0,0,0,0,1,0,0,0,0,220,4.5,16.35,0.29,0.14,0.05,203
"Nov 27, 2018 12:00 PM",0,0,0,0,0,2,11,0,18,0,17,9,12,0,1,0,0,0,0,0,0,1,0,0,0,0,0,0,0,0,0,1,0,0,0,0,220,4.5,16.35,0.29,0.14,0.05,204
"Nov 27, 2018  1:00 PM",13,2,1,38,10,2,11,143,18,0,17,9,13,0,1,0,0,0,0,0,0,1,0,0,0,0,0,0,0,0,0,1,0,0,0,0,220,4.5,16.35,0.29,0.14,0.05,205
"Nov 27, 2018  2:00 PM",8,9,2,57,10,2,11,88,18,0,17,9,14,0,1,0,0,0,0,0,0,1,0,0,0,0,0,0,0,0,0,1,0,0,0,0,220,4.5,16.35,0.29,0.14,0.05,206
"Nov 27, 2018  3:00 PM",4,6,2,0,13,2,11,44,18,0,17,9,15,0,1,0,0,0,0,0,0,1,0,0,0,0,0,0,0,0,0,1,0,0,0,0,220,4.5,16.35,0.29,0.14,0.05,207
"Nov 27, 2018  4:00 PM",0,0,0,0,0,2,11,0,18,0,17,9,16,0,1,0,0,0,0,0,0,0,1,0,0,0,0,0,0,0,0,1,0,0,0,0,220,4.5,16.35,0.29,0.14,0.05,208
"Nov 27, 2018  5:00 PM",0,0,0,0,0,2,11,0,18,0,17,9,17,0,1,0,0,0,0,0,0,0,1,0,0,0,0,0,0,0,0,1,0,0,0,0,220,4.5,16.35,0.29,0.14,0.05,209
"Nov 27, 2018  6:00 PM",0,0,0,0,0,2,11,0,18,0,17,9,18,0,1,0,0,0,0,0,0,0,1,0,0,0,0,0,0,0,0,1,0,0,0,0,220,4.5,16.35,0.29,0.14,0.05,210
"Nov 27, 2018  7:00 PM",0,0,0,0,0,2,11,0,18,0,17,9,19,0,1,0,0,0,0,0,0,0,1,0,0,0,0,0,0,0,0,1,0,0,0,0,220,4.5,16.35,0.29,0.14,0.05,211
"Nov 27, 2018  8:00 PM",0,0,0,0,0,2,11,0,18,0,17,9,20,0,1,0,0,0,0,0,0,0,0,1,0,0,0,0,0,0,0,1,0,0,0,0,220,4.5,16.35,0.29,0.14,0.05,212
"Nov 27, 2018  9:00 PM",0,0,0,0,0,2,11,0,18,0,17,9,21,0,1,0,0,0,0,0,0,0,0,1,0,0,0,0,0,0,0,1,0,0,0,0,220,4.5,16.35,0.29,0.14,0.05,213
"Nov 28, 2018  9:00 AM",0,0,0,0,0,3,12.8333333333333,0,1,-1,16,9,9,0,0,1,0,0,0,0,1,0,0,0,0,0,0,1,0,0,0,1,0,0,0,0,220,4.5,16.35,0.29,0.14,0.05,225
"Nov 28, 2018 10:00 AM",7,0,1,30,10,3,12.8333333333333,89.8333333333333,1,-1,16,9,10,0,0,1,0,0,0,0,1,0,0,0,0,0,0,1,0,0,0,1,0,0,0,0,220,4.5,16.35,0.29,0.14,0.05,226
"Nov 28, 2018 11:00 AM",6,6,2,36,18,3,12.8333333333333,77,1,-1,16,9,11,0,0,1,0,0,0,0,1,0,0,0,0,0,0,1,0,0,0,1,0,0,0,0,220,4.5,16.35,0.29,0.14,0.05,227
"Nov 28, 2018 12:00 PM",8,8,2,24,12,3,12.8333333333333,102.666666666667,1,-1,16,9,12,0,0,1,0,0,0,0,0,1,0,0,0,0,0,1,0,0,0,1,0,0,0,0,220,4.5,16.35,0.29,0.14,0.05,228
"Nov 28, 2018  1:00 PM",9,5,2,38,10,3,12.8333333333333,115.5,1,-1,16,9,13,0,0,1,0,0,0,0,0,1,0,0,0,0,0,1,0,0,0,1,0,0,0,0,220,4.5,16.35,0.29,0.14,0.05,229
"Nov 28, 2018  2:00 PM",8,7,2,24,13,3,12.8333333333333,102.666666666667,1,-1,16,9,14,0,0,1,0,0,0,0,0,1,0,0,0,0,0,1,0,0,0,1,0,0,0,0,220,4.5,16.35,0.29,0.14,0.05,230
"Nov 28, 2018  3:00 PM",7,8,2,5,14,3,12.8333333333333,89.8333333333333,1,-1,16,9,15,0,0,1,0,0,0,0,0,1,0,0,0,0,0,1,0,0,0,1,0,0,0,0,220,4.5,16.35,0.29,0.14,0.05,231
"Nov 28, 2018  4:00 PM",0,0,0,0,0,3,12.8333333333333,0,1,-1,16,9,16,0,0,1,0,0,0,0,0,0,1,0,0,0,0,1,0,0,0,1,0,0,0,0,220,4.5,16.35,0.29,0.14,0.05,232
"Nov 28, 2018  5:00 PM",0,0,0,0,0,3,12.8333333333333,0,1,-1,16,9,17,0,0,1,0,0,0,0,0,0,1,0,0,0,0,1,0,0,0,1,0,0,0,0,220,4.5,16.35,0.29,0.14,0.05,233
"Nov 28, 2018  6:00 PM",0,0,0,0,0,3,12.8333333333333,0,1,-1,16,9,18,0,0,1,0,0,0,0,0,0,1,0,0,0,0,1,0,0,0,1,0,0,0,0,220,4.5,16.35,0.29,0.14,0.05,234
"Nov 28, 2018  7:00 PM",0,0,0,0,0,3,12.8333333333333,0,1,-1,16,9,19,0,0,1,0,0,0,0,0,0,1,0,0,0,0,1,0,0,0,1,0,0,0,0,220,4.5,16.35,0.29,0.14,0.05,235
"Nov 28, 2018  8:00 PM",0,0,0,0,0,3,12.8333333333333,0,1,-1,16,9,20,0,0,1,0,0,0,0,0,0,0,1,0,0,0,1,0,0,0,1,0,0,0,0,220,4.5,16.35,0.29,0.14,0.05,236
"Nov 28, 2018  9:00 PM",0,0,0,0,0,3,12.8333333333333,0,1,-1,16,9,21,0,0,1,0,0,0,0,0,0,0,1,0,0,0,1,0,0,0,1,0,0,0,0,220,4.5,16.35,0.29,0.14,0.05,237
"Nov 29, 2018  9:00 AM",15,5,2,15,14,4,10.8571428571429,162.857142857143,2,-1,15,9,9,0,0,0,1,0,0,0,1,0,0,0,0,0,1,0,0,0,0,1,0,0,0,0,220,4.5,16.35,0.29,0.14,0.05,249
"Nov 29, 2018 10:00 AM",7,10,2,40,14,4,10.8571428571429,76,2,-1,15,9,10,0,0,0,1,0,0,0,1,0,0,0,0,0,1,0,0,0,0,1,0,0,0,0,220,4.5,16.35,0.29,0.14,0.05,250
"Nov 29, 2018 11:00 AM",0,2,0,0,0,4,10.8571428571429,0,2,-1,15,9,11,0,0,0,1,0,0,0,1,0,0,0,0,0,1,0,0,0,0,1,0,0,0,0,220,4.5,16.35,0.29,0.14,0.05,251
"Nov 29, 2018 12:00 PM",2,1,1,3,3,4,10.8571428571429,21.7142857142857,2,-1,15,9,12,0,0,0,1,0,0,0,0,1,0,0,0,0,1,0,0,0,0,1,0,0,0,0,220,4.5,16.35,0.29,0.14,0.05,252
"Nov 29, 2018  1:00 PM",15,4,1,65,15,4,10.8571428571429,162.857142857143,2,-1,15,9,13,0,0,0,1,0,0,0,0,1,0,0,0,0,1,0,0,0,0,1,0,0,0,0,220,4.5,16.35,0.29,0.14,0.05,253
"Nov 29, 2018  2:00 PM",7,5,2,58,15,4,10.8571428571429,76,2,-1,15,9,14,0,0,0,1,0,0,0,0,1,0,0,0,0,1,0,0,0,0,1,0,0,0,0,220,4.5,16.35,0.29,0.14,0.05,254
"Nov 29, 2018  3:00 PM",8,14,3,28,9,4,10.8571428571429,86.8571428571429,2,-1,15,9,15,0,0,0,1,0,0,0,0,1,0,0,0,0,1,0,0,0,0,1,0,0,0,0,220,4.5,16.35,0.29,0.14,0.05,255
"Nov 29, 2018  4:00 PM",9,11,2,9,6,4,10.8571428571429,97.7142857142857,2,-1,15,9,16,0,0,0,1,0,0,0,0,0,1,0,0,0,1,0,0,0,0,1,0,0,0,0,220,4.5,16.35,0.29,0.14,0.05,256
"Nov 29, 2018  5:00 PM",0,0,0,0,0,4,10.8571428571429,0,2,-1,15,9,17,0,0,0,1,0,0,0,0,0,1,0,0,0,1,0,0,0,0,1,0,0,0,0,220,4.5,16.35,0.29,0.14,0.05,257
"Nov 29, 2018  6:00 PM",0,0,0,0,0,4,10.8571428571429,0,2,-1,15,9,18,0,0,0,1,0,0,0,0,0,1,0,0,0,1,0,0,0,0,1,0,0,0,0,220,4.5,16.35,0.29,0.14,0.05,258
"Nov 29, 2018  7:00 PM",0,0,0,0,0,4,10.8571428571429,0,2,-1,15,9,19,0,0,0,1,0,0,0,0,0,1,0,0,0,1,0,0,0,0,1,0,0,0,0,220,4.5,16.35,0.29,0.14,0.05,259
"Nov 29, 2018  8:00 PM",0,0,0,0,0,4,10.8571428571429,0,2,-1,15,9,20,0,0,0,1,0,0,0,0,0,0,1,0,0,1,0,0,0,0,1,0,0,0,0,220,4.5,16.35,0.29,0.14,0.05,260
"Nov 29, 2018  9:00 PM",0,0,0,0,0,4,10.8571428571429,0,2,-1,15,9,21,0,0,0,1,0,0,0,0,0,0,1,0,0,1,0,0,0,0,1,0,0,0,0,220,4.5,16.35,0.29,0.14,0.05,261
"Nov 30, 2018  9:00 AM",0,0,0,0,0,5,5.5,0,3,-1,14,9,9,0,0,0,0,1,0,0,1,0,0,0,0,0,1,0,0,0,0,1,0,0,0,0,220,4.5,16.35,0.29,0.14,0.05,273
"Nov 30, 2018 10:00 AM",0,0,0,0,0,5,5.5,0,3,-1,14,9,10,0,0,0,0,1,0,0,1,0,0,0,0,0,1,0,0,0,0,1,0,0,0,0,220,4.5,16.35,0.29,0.14,0.05,274
"Nov 30, 2018 11:00 AM",0,0,0,0,0,5,5.5,0,3,-1,14,9,11,0,0,0,0,1,0,0,1,0,0,0,0,0,1,0,0,0,0,1,0,0,0,0,220,4.5,16.35,0.29,0.14,0.05,275
"Nov 30, 2018 12:00 PM",0,0,0,0,0,5,5.5,0,3,-1,14,9,12,0,0,0,0,1,0,0,0,1,0,0,0,0,1,0,0,0,0,1,0,0,0,0,220,4.5,16.35,0.29,0.14,0.05,276
"Nov 30, 2018  1:00 PM",2,0,0,0,0,5,5.5,11,3,-1,14,9,13,0,0,0,0,1,0,0,0,1,0,0,0,0,1,0,0,0,0,1,0,0,0,0,220,4.5,16.35,0.29,0.14,0.05,277
"Nov 30, 2018  2:00 PM",2,0,0,0,0,5,5.5,11,3,-1,14,9,14,0,0,0,0,1,0,0,0,1,0,0,0,0,1,0,0,0,0,1,0,0,0,0,220,4.5,16.35,0.29,0.14,0.05,278
"Nov 30, 2018  3:00 PM",0,0,0,0,0,5,5.5,0,3,-1,14,9,15,0,0,0,0,1,0,0,0,1,0,0,0,0,1,0,0,0,0,1,0,0,0,0,220,4.5,16.35,0.29,0.14,0.05,279
"Nov 30, 2018  4:00 PM",8,7,2,5,10,5,5.5,44,3,-1,14,9,16,0,0,0,0,1,0,0,0,0,1,0,0,0,1,0,0,0,0,1,0,0,0,0,220,4.5,16.35,0.29,0.14,0.05,280
"Nov 30, 2018  5:00 PM",7,7,2,0,1,5,5.5,38.5,3,-1,14,9,17,0,0,0,0,1,0,0,0,0,1,0,0,0,1,0,0,0,0,1,0,0,0,0,220,4.5,16.35,0.29,0.14,0.05,281
"Nov 30, 2018  6:00 PM",0,0,0,0,0,5,5.5,0,3,-1,14,9,18,0,0,0,0,1,0,0,0,0,1,0,0,0,1,0,0,0,0,1,0,0,0,0,220,4.5,16.35,0.29,0.14,0.05,282
"Nov 30, 2018  7:00 PM",0,0,0,0,0,5,5.5,0,3,-1,14,9,19,0,0,0,0,1,0,0,0,0,1,0,0,0,1,0,0,0,0,1,0,0,0,0,220,4.5,16.35,0.29,0.14,0.05,283
"Nov 30, 2018  8:00 PM",0,0,0,0,0,5,5.5,0,3,-1,14,9,20,0,0,0,0,1,0,0,0,0,0,1,0,0,1,0,0,0,0,1,0,0,0,0,220,4.5,16.35,0.29,0.14,0.05,284
"Nov 30, 2018  9:00 PM",0,0,0,0,0,5,5.5,0,3,-1,14,9,21,0,0,0,0,1,0,0,0,0,0,1,0,0,1,0,0,0,0,1,0,0,0,0,220,4.5,16.35,0.29,0.14,0.05,285
"Dec 1, 2018  9:00 AM",0,0,0,0,0,6,15,0,4,-1,13,9,9,0,0,0,0,0,1,0,1,0,0,0,0,1,0,0,0,0,0,1,0,0,0,0,220,4.5,16.35,0.29,0.14,0.05,297
"Dec 1, 2018 10:00 AM",0,0,0,0,0,6,15,0,4,-1,13,9,10,0,0,0,0,0,1,0,1,0,0,0,0,1,0,0,0,0,0,1,0,0,0,0,220,4.5,16.35,0.29,0.14,0.05,298
"Dec 1, 2018 11:00 AM",0,0,0,0,0,6,15,0,4,-1,13,9,11,0,0,0,0,0,1,0,1,0,0,0,0,1,0,0,0,0,0,1,0,0,0,0,220,4.5,16.35,0.29,0.14,0.05,299
"Dec 1, 2018 12:00 PM",0,0,0,0,0,6,15,0,4,-1,13,9,12,0,0,0,0,0,1,0,0,1,0,0,0,1,0,0,0,0,0,1,0,0,0,0,220,4.5,16.35,0.29,0.14,0.05,300
"Dec 1, 2018  1:00 PM",0,0,0,0,0,6,15,0,4,-1,13,9,13,0,0,0,0,0,1,0,0,1,0,0,0,1,0,0,0,0,0,1,0,0,0,0,220,4.5,16.35,0.29,0.14,0.05,301
"Dec 1, 2018  2:00 PM",0,0,0,0,0,6,15,0,4,-1,13,9,14,0,0,0,0,0,1,0,0,1,0,0,0,1,0,0,0,0,0,1,0,0,0,0,220,4.5,16.35,0.29,0.14,0.05,302
"Dec 1, 2018  3:00 PM",0,0,0,0,0,6,15,0,4,-1,13,9,15,0,0,0,0,0,1,0,0,1,0,0,0,1,0,0,0,0,0,1,0,0,0,0,220,4.5,16.35,0.29,0.14,0.05,303
"Dec 1, 2018  4:00 PM",0,0,0,0,0,6,15,0,4,-1,13,9,16,0,0,0,0,0,1,0,0,0,1,0,0,1,0,0,0,0,0,1,0,0,0,0,220,4.5,16.35,0.29,0.14,0.05,304
"Dec 1, 2018  5:00 PM",0,0,0,0,0,6,15,0,4,-1,13,9,17,0,0,0,0,0,1,0,0,0,1,0,0,1,0,0,0,0,0,1,0,0,0,0,220,4.5,16.35,0.29,0.14,0.05,305
"Dec 1, 2018  6:00 PM",0,0,0,0,0,6,15,0,4,-1,13,9,18,0,0,0,0,0,1,0,0,0,1,0,0,1,0,0,0,0,0,1,0,0,0,0,220,4.5,16.35,0.29,0.14,0.05,306
"Dec 1, 2018  7:00 PM",0,0,0,0,0,6,15,0,4,-1,13,9,19,0,0,0,0,0,1,0,0,0,1,0,0,1,0,0,0,0,0,1,0,0,0,0,220,4.5,16.35,0.29,0.14,0.05,307
"Dec 1, 2018  8:00 PM",0,0,0,0,0,6,15,0,4,-1,13,9,20,0,0,0,0,0,1,0,0,0,0,1,0,1,0,0,0,0,0,1,0,0,0,0,220,4.5,16.35,0.29,0.14,0.05,308
"Dec 1, 2018  9:00 PM",0,0,0,0,0,6,15,0,4,-1,13,9,21,0,0,0,0,0,1,0,0,0,0,1,0,1,0,0,0,0,0,1,0,0,0,0,220,4.5,16.35,0.29,0.14,0.05,309
