,sign_ups,serves,servers,average_wait_time,average_serve_time,day,avgDayServeTime,loadInflux,daysAfterPrevAssnDue,daysUntilNextAssnDue,daysTilExam,weekNum,hourOfDay,monday,tuesday,wednesday,thursday,friday,saturday,sunday,morning,noon,afternoon,evening,L10daysAfterPrevAssnDue,L5daysAfterPrevAssnDue,L3daysAfterPrevAssnDue,L1daysAfterPrevAssnDue,L10daysUntilNextAssnDue,L5daysUntilNextAssnDue,L3daysUntilNextAssnDue,L1daysUntilNextAssnDue,L10daysTilExam,L5daysTilExam,L3daysTilExam,L1daysTilExam,NumStudents,InstructorRating,AvgHrsSpent,ProportionFrosh,ProportionGrads,ProportionPhDs,index
4/9/18 9:00,0,0,0,0,0,1,7.714285714,0,-1,2,19,2,9,1,0,0,0,0,0,0,1,0,0,0,0,0,0,1,0,0,1,0,0,0,0,0,202,4.4,16.35,0.29,0.14,0.05,177
4/9/18 10:00,0,0,0,0,0,1,7.714285714,0,-1,2,19,2,10,1,0,0,0,0,0,0,1,0,0,0,0,0,0,1,0,0,1,0,0,0,0,0,202,4.4,16.35,0.29,0.14,0.05,178
4/9/18 11:00,0,0,0,0,0,1,7.714285714,0,-1,2,19,2,11,1,0,0,0,0,0,0,1,0,0,0,0,0,0,1,0,0,1,0,0,0,0,0,202,4.4,16.35,0.29,0.14,0.05,179
4/9/18 12:00,0,0,0,0,0,1,7.714285714,0,-1,2,19,2,12,1,0,0,0,0,0,0,0,1,0,0,0,0,0,1,0,0,1,0,0,0,0,0,202,4.4,16.35,0.29,0.14,0.05,180
4/9/18 13:00,0,0,0,0,0,1,7.714285714,0,-1,2,19,2,13,1,0,0,0,0,0,0,0,1,0,0,0,0,0,1,0,0,1,0,0,0,0,0,202,4.4,16.35,0.29,0.14,0.05,181
4/9/18 14:00,6,6,3,2,7,1,7.714285714,46.28571429,-1,2,19,2,14,1,0,0,0,0,0,0,0,1,0,0,0,0,0,1,0,0,1,0,0,0,0,0,202,4.4,16.35,0.29,0.14,0.05,182
4/9/18 15:00,2,2,2,5,16,1,7.714285714,15.42857143,-1,2,19,2,15,1,0,0,0,0,0,0,0,1,0,0,0,0,0,1,0,0,1,0,0,0,0,0,202,4.4,16.35,0.29,0.14,0.05,183
4/9/18 16:00,1,1,1,6,10,1,7.714285714,7.714285714,-1,2,19,2,16,1,0,0,0,0,0,0,0,0,1,0,0,0,0,1,0,0,1,0,0,0,0,0,202,4.4,16.35,0.29,0.14,0.05,184
4/9/18 17:00,1,1,1,2,7,1,7.714285714,7.714285714,-1,2,19,2,17,1,0,0,0,0,0,0,0,0,1,0,0,0,0,1,0,0,1,0,0,0,0,0,202,4.4,16.35,0.29,0.14,0.05,185
4/9/18 18:00,1,1,1,0,4,1,7.714285714,7.714285714,-1,2,19,2,18,1,0,0,0,0,0,0,0,0,1,0,0,0,0,1,0,0,1,0,0,0,0,0,202,4.4,16.35,0.29,0.14,0.05,186
4/9/18 19:00,2,1,2,2,5,1,7.714285714,15.42857143,-1,2,19,2,19,1,0,0,0,0,0,0,0,0,1,0,0,0,0,1,0,0,1,0,0,0,0,0,202,4.4,16.35,0.29,0.14,0.05,187
4/9/18 20:00,6,6,2,1,5,1,7.714285714,46.28571429,-1,2,19,2,20,1,0,0,0,0,0,0,0,0,0,1,0,0,0,1,0,0,1,0,0,0,0,0,202,4.4,16.35,0.29,0.14,0.05,188
4/9/18 21:00,0,1,0,0,0,1,7.714285714,0,-1,2,19,2,21,1,0,0,0,0,0,0,0,0,0,1,0,0,0,1,0,0,1,0,0,0,0,0,202,4.4,16.35,0.29,0.14,0.05,189
4/10/18 9:00,0,0,0,0,0,2,8,0,-1,1,18,2,9,0,1,0,0,0,0,0,1,0,0,0,0,0,0,1,0,0,0,1,0,0,0,0,202,4.4,16.35,0.29,0.14,0.05,201
4/10/18 10:00,0,0,0,0,0,2,8,0,-1,1,18,2,10,0,1,0,0,0,0,0,1,0,0,0,0,0,0,1,0,0,0,1,0,0,0,0,202,4.4,16.35,0.29,0.14,0.05,202
4/10/18 11:00,0,0,0,0,0,2,8,0,-1,1,18,2,11,0,1,0,0,0,0,0,1,0,0,0,0,0,0,1,0,0,0,1,0,0,0,0,202,4.4,16.35,0.29,0.14,0.05,203
4/10/18 12:00,0,0,0,0,0,2,8,0,-1,1,18,2,12,0,1,0,0,0,0,0,0,1,0,0,0,0,0,1,0,0,0,1,0,0,0,0,202,4.4,16.35,0.29,0.14,0.05,204
4/10/18 13:00,0,0,0,0,0,2,8,0,-1,1,18,2,13,0,1,0,0,0,0,0,0,1,0,0,0,0,0,1,0,0,0,1,0,0,0,0,202,4.4,16.35,0.29,0.14,0.05,205
4/10/18 14:00,0,0,0,0,0,2,8,0,-1,1,18,2,14,0,1,0,0,0,0,0,0,1,0,0,0,0,0,1,0,0,0,1,0,0,0,0,202,4.4,16.35,0.29,0.14,0.05,206
4/10/18 15:00,1,0,1,2,9,2,8,8,-1,1,18,2,15,0,1,0,0,0,0,0,0,1,0,0,0,0,0,1,0,0,0,1,0,0,0,0,202,4.4,16.35,0.29,0.14,0.05,207
4/10/18 16:00,3,4,3,0,6,2,8,24,-1,1,18,2,16,0,1,0,0,0,0,0,0,0,1,0,0,0,0,1,0,0,0,1,0,0,0,0,202,4.4,16.35,0.29,0.14,0.05,208
4/10/18 17:00,2,2,2,1,9,2,8,16,-1,1,18,2,17,0,1,0,0,0,0,0,0,0,1,0,0,0,0,1,0,0,0,1,0,0,0,0,202,4.4,16.35,0.29,0.14,0.05,209
4/10/18 18:00,0,0,0,0,0,2,8,0,-1,1,18,2,18,0,1,0,0,0,0,0,0,0,1,0,0,0,0,1,0,0,0,1,0,0,0,0,202,4.4,16.35,0.29,0.14,0.05,210
4/10/18 19:00,0,0,0,0,0,2,8,0,-1,1,18,2,19,0,1,0,0,0,0,0,0,0,1,0,0,0,0,1,0,0,0,1,0,0,0,0,202,4.4,16.35,0.29,0.14,0.05,211
4/10/18 20:00,0,0,0,0,0,2,8,0,-1,1,18,2,20,0,1,0,0,0,0,0,0,0,0,1,0,0,0,1,0,0,0,1,0,0,0,0,202,4.4,16.35,0.29,0.14,0.05,212
4/10/18 21:00,0,0,0,0,0,2,8,0,-1,1,18,2,21,0,1,0,0,0,0,0,0,0,0,1,0,0,0,1,0,0,0,1,0,0,0,0,202,4.4,16.35,0.29,0.14,0.05,213
4/11/18 9:00,0,0,0,0,0,3,11.6,0,-1,0,17,2,9,0,0,1,0,0,0,0,1,0,0,0,0,0,0,1,0,0,0,1,0,0,0,0,202,4.4,16.35,0.29,0.14,0.05,225
4/11/18 10:00,0,0,0,0,0,3,11.6,0,-1,0,17,2,10,0,0,1,0,0,0,0,1,0,0,0,0,0,0,1,0,0,0,1,0,0,0,0,202,4.4,16.35,0.29,0.14,0.05,226
4/11/18 11:00,0,0,0,0,0,3,11.6,0,-1,0,17,2,11,0,0,1,0,0,0,0,1,0,0,0,0,0,0,1,0,0,0,1,0,0,0,0,202,4.4,16.35,0.29,0.14,0.05,227
4/11/18 12:00,1,0,1,0,5,3,11.6,11.6,-1,0,17,2,12,0,0,1,0,0,0,0,0,1,0,0,0,0,0,1,0,0,0,1,0,0,0,0,202,4.4,16.35,0.29,0.14,0.05,228
4/11/18 13:00,10,8,2,2,11,3,11.6,116,-1,0,17,2,13,0,0,1,0,0,0,0,0,1,0,0,0,0,0,1,0,0,0,1,0,0,0,0,202,4.4,16.35,0.29,0.14,0.05,229
4/11/18 14:00,6,6,2,3,9,3,11.6,69.6,-1,0,17,2,14,0,0,1,0,0,0,0,0,1,0,0,0,0,0,1,0,0,0,1,0,0,0,0,202,4.4,16.35,0.29,0.14,0.05,230
4/11/18 15:00,5,3,1,11,10,3,11.6,58,-1,0,17,2,15,0,0,1,0,0,0,0,0,1,0,0,0,0,0,1,0,0,0,1,0,0,0,0,202,4.4,16.35,0.29,0.14,0.05,231
4/11/18 16:00,3,3,2,3,23,3,11.6,34.8,-1,0,17,2,16,0,0,1,0,0,0,0,0,0,1,0,0,0,0,1,0,0,0,1,0,0,0,0,202,4.4,16.35,0.29,0.14,0.05,232
4/11/18 17:00,0,1,0,0,0,3,11.6,0,-1,0,17,2,17,0,0,1,0,0,0,0,0,0,1,0,0,0,0,1,0,0,0,1,0,0,0,0,202,4.4,16.35,0.29,0.14,0.05,233
4/11/18 18:00,0,0,0,0,0,3,11.6,0,-1,0,17,2,18,0,0,1,0,0,0,0,0,0,1,0,0,0,0,1,0,0,0,1,0,0,0,0,202,4.4,16.35,0.29,0.14,0.05,234
4/11/18 19:00,0,0,0,0,0,3,11.6,0,-1,0,17,2,19,0,0,1,0,0,0,0,0,0,1,0,0,0,0,1,0,0,0,1,0,0,0,0,202,4.4,16.35,0.29,0.14,0.05,235
4/11/18 20:00,0,0,0,0,0,3,11.6,0,-1,0,17,2,20,0,0,1,0,0,0,0,0,0,0,1,0,0,0,1,0,0,0,1,0,0,0,0,202,4.4,16.35,0.29,0.14,0.05,236
4/11/18 21:00,0,0,0,0,0,3,11.6,0,-1,0,17,2,21,0,0,1,0,0,0,0,0,0,0,1,0,0,0,1,0,0,0,1,0,0,0,0,202,4.4,16.35,0.29,0.14,0.05,237
4/12/18 9:00,0,0,0,0,0,4,8.2,0,1,6,16,2,9,0,0,0,1,0,0,0,1,0,0,0,0,0,0,1,1,0,0,0,0,0,0,0,202,4.4,16.35,0.29,0.14,0.05,249
4/12/18 10:00,0,0,0,0,0,4,8.2,0,1,6,16,2,10,0,0,0,1,0,0,0,1,0,0,0,0,0,0,1,1,0,0,0,0,0,0,0,202,4.4,16.35,0.29,0.14,0.05,250
4/12/18 11:00,0,0,0,0,0,4,8.2,0,1,6,16,2,11,0,0,0,1,0,0,0,1,0,0,0,0,0,0,1,1,0,0,0,0,0,0,0,202,4.4,16.35,0.29,0.14,0.05,251
4/12/18 12:00,0,0,0,0,0,4,8.2,0,1,6,16,2,12,0,0,0,1,0,0,0,0,1,0,0,0,0,0,1,1,0,0,0,0,0,0,0,202,4.4,16.35,0.29,0.14,0.05,252
4/12/18 13:00,6,3,1,14,6,4,8.2,49.2,1,6,16,2,13,0,0,0,1,0,0,0,0,1,0,0,0,0,0,1,1,0,0,0,0,0,0,0,202,4.4,16.35,0.29,0.14,0.05,253
4/12/18 14:00,4,7,1,14,8,4,8.2,32.8,1,6,16,2,14,0,0,0,1,0,0,0,0,1,0,0,0,0,0,1,1,0,0,0,0,0,0,0,202,4.4,16.35,0.29,0.14,0.05,254
4/12/18 15:00,1,0,0,5,0,4,8.2,8.2,1,6,16,2,15,0,0,0,1,0,0,0,0,1,0,0,0,0,0,1,1,0,0,0,0,0,0,0,202,4.4,16.35,0.29,0.14,0.05,255
4/12/18 16:00,9,6,2,10,8,4,8.2,73.8,1,6,16,2,16,0,0,0,1,0,0,0,0,0,1,0,0,0,0,1,1,0,0,0,0,0,0,0,202,4.4,16.35,0.29,0.14,0.05,256
4/12/18 17:00,9,10,2,12,9,4,8.2,73.8,1,6,16,2,17,0,0,0,1,0,0,0,0,0,1,0,0,0,0,1,1,0,0,0,0,0,0,0,202,4.4,16.35,0.29,0.14,0.05,257
4/12/18 18:00,0,3,1,0,10,4,8.2,0,1,6,16,2,18,0,0,0,1,0,0,0,0,0,1,0,0,0,0,1,1,0,0,0,0,0,0,0,202,4.4,16.35,0.29,0.14,0.05,258
4/12/18 19:00,0,0,0,0,0,4,8.2,0,1,6,16,2,19,0,0,0,1,0,0,0,0,0,1,0,0,0,0,1,1,0,0,0,0,0,0,0,202,4.4,16.35,0.29,0.14,0.05,259
4/12/18 20:00,0,0,0,0,0,4,8.2,0,1,6,16,2,20,0,0,0,1,0,0,0,0,0,0,1,0,0,0,1,1,0,0,0,0,0,0,0,202,4.4,16.35,0.29,0.14,0.05,260
4/12/18 21:00,0,0,0,0,0,4,8.2,0,1,6,16,2,21,0,0,0,1,0,0,0,0,0,0,1,0,0,0,1,1,0,0,0,0,0,0,0,202,4.4,16.35,0.29,0.14,0.05,261
4/13/18 9:00,0,0,0,0,0,5,8.666666667,0,2,5,15,2,9,0,0,0,0,1,0,0,1,0,0,0,0,0,1,0,0,1,0,0,0,0,0,0,202,4.4,16.35,0.29,0.14,0.05,273
4/13/18 10:00,0,0,0,0,0,5,8.666666667,0,2,5,15,2,10,0,0,0,0,1,0,0,1,0,0,0,0,0,1,0,0,1,0,0,0,0,0,0,202,4.4,16.35,0.29,0.14,0.05,274
4/13/18 11:00,0,0,0,0,0,5,8.666666667,0,2,5,15,2,11,0,0,0,0,1,0,0,1,0,0,0,0,0,1,0,0,1,0,0,0,0,0,0,202,4.4,16.35,0.29,0.14,0.05,275
4/13/18 12:00,0,0,0,0,0,5,8.666666667,0,2,5,15,2,12,0,0,0,0,1,0,0,0,1,0,0,0,0,1,0,0,1,0,0,0,0,0,0,202,4.4,16.35,0.29,0.14,0.05,276
4/13/18 13:00,0,0,0,0,0,5,8.666666667,0,2,5,15,2,13,0,0,0,0,1,0,0,0,1,0,0,0,0,1,0,0,1,0,0,0,0,0,0,202,4.4,16.35,0.29,0.14,0.05,277
4/13/18 14:00,0,0,0,0,0,5,8.666666667,0,2,5,15,2,14,0,0,0,0,1,0,0,0,1,0,0,0,0,1,0,0,1,0,0,0,0,0,0,202,4.4,16.35,0.29,0.14,0.05,278
4/13/18 15:00,14,3,1,71,10,5,8.666666667,121.3333333,2,5,15,2,15,0,0,0,0,1,0,0,0,1,0,0,0,0,1,0,0,1,0,0,0,0,0,0,202,4.4,16.35,0.29,0.14,0.05,279
4/13/18 16:00,3,5,1,179,12,5,8.666666667,26,2,5,15,2,16,0,0,0,0,1,0,0,0,0,1,0,0,0,1,0,0,1,0,0,0,0,0,0,202,4.4,16.35,0.29,0.14,0.05,280
4/13/18 17:00,0,3,1,0,4,5,8.666666667,0,2,5,15,2,17,0,0,0,0,1,0,0,0,0,1,0,0,0,1,0,0,1,0,0,0,0,0,0,202,4.4,16.35,0.29,0.14,0.05,281
4/13/18 18:00,0,0,0,0,0,5,8.666666667,0,2,5,15,2,18,0,0,0,0,1,0,0,0,0,1,0,0,0,1,0,0,1,0,0,0,0,0,0,202,4.4,16.35,0.29,0.14,0.05,282
4/13/18 19:00,0,3,1,0,0,5,8.666666667,0,2,5,15,2,19,0,0,0,0,1,0,0,0,0,1,0,0,0,1,0,0,1,0,0,0,0,0,0,202,4.4,16.35,0.29,0.14,0.05,283
4/13/18 20:00,0,0,0,0,0,5,8.666666667,0,2,5,15,2,20,0,0,0,0,1,0,0,0,0,0,1,0,0,1,0,0,1,0,0,0,0,0,0,202,4.4,16.35,0.29,0.14,0.05,284
4/13/18 21:00,0,0,0,0,0,5,8.666666667,0,2,5,15,2,21,0,0,0,0,1,0,0,0,0,0,1,0,0,1,0,0,1,0,0,0,0,0,0,202,4.4,16.35,0.29,0.14,0.05,285
4/15/18 9:00,0,0,0,0,0,0,12.6,0,4,3,13,2,9,0,0,0,0,0,0,1,1,0,0,0,0,1,0,0,0,0,1,0,0,0,0,0,202,4.4,16.35,0.29,0.14,0.05,321
4/15/18 10:00,0,0,0,0,0,0,12.6,0,4,3,13,2,10,0,0,0,0,0,0,1,1,0,0,0,0,1,0,0,0,0,1,0,0,0,0,0,202,4.4,16.35,0.29,0.14,0.05,322
4/15/18 11:00,0,0,0,0,0,0,12.6,0,4,3,13,2,11,0,0,0,0,0,0,1,1,0,0,0,0,1,0,0,0,0,1,0,0,0,0,0,202,4.4,16.35,0.29,0.14,0.05,323
4/15/18 12:00,0,0,0,0,0,0,12.6,0,4,3,13,2,12,0,0,0,0,0,0,1,0,1,0,0,0,1,0,0,0,0,1,0,0,0,0,0,202,4.4,16.35,0.29,0.14,0.05,324
4/15/18 13:00,0,0,0,0,0,0,12.6,0,4,3,13,2,13,0,0,0,0,0,0,1,0,1,0,0,0,1,0,0,0,0,1,0,0,0,0,0,202,4.4,16.35,0.29,0.14,0.05,325
4/15/18 14:00,21,4,1,80,13,0,12.6,264.6,4,3,13,2,14,0,0,0,0,0,0,1,0,1,0,0,0,1,0,0,0,0,1,0,0,0,0,0,202,4.4,16.35,0.29,0.14,0.05,326
4/15/18 15:00,6,6,2,98,15,0,12.6,75.6,4,3,13,2,15,0,0,0,0,0,0,1,0,1,0,0,0,1,0,0,0,0,1,0,0,0,0,0,202,4.4,16.35,0.29,0.14,0.05,327
4/15/18 16:00,5,7,2,107,19,0,12.6,63,4,3,13,2,16,0,0,0,0,0,0,1,0,0,1,0,0,1,0,0,0,0,1,0,0,0,0,0,202,4.4,16.35,0.29,0.14,0.05,328
4/15/18 17:00,0,7,2,0,14,0,12.6,0,4,3,13,2,17,0,0,0,0,0,0,1,0,0,1,0,0,1,0,0,0,0,1,0,0,0,0,0,202,4.4,16.35,0.29,0.14,0.05,329
4/15/18 18:00,0,4,1,0,2,0,12.6,0,4,3,13,2,18,0,0,0,0,0,0,1,0,0,1,0,0,1,0,0,0,0,1,0,0,0,0,0,202,4.4,16.35,0.29,0.14,0.05,330
4/15/18 19:00,0,0,0,0,0,0,12.6,0,4,3,13,2,19,0,0,0,0,0,0,1,0,0,1,0,0,1,0,0,0,0,1,0,0,0,0,0,202,4.4,16.35,0.29,0.14,0.05,331
4/15/18 20:00,0,0,0,0,0,0,12.6,0,4,3,13,2,20,0,0,0,0,0,0,1,0,0,0,1,0,1,0,0,0,0,1,0,0,0,0,0,202,4.4,16.35,0.29,0.14,0.05,332
4/15/18 21:00,0,0,0,0,0,0,12.6,0,4,3,13,2,21,0,0,0,0,0,0,1,0,0,0,1,0,1,0,0,0,0,1,0,0,0,0,0,202,4.4,16.35,0.29,0.14,0.05,333
4/16/18 9:00,0,0,0,0,0,1,13.25,0,5,2,12,3,9,1,0,0,0,0,0,0,1,0,0,0,0,1,0,0,0,0,1,0,0,0,0,0,202,4.4,16.35,0.29,0.14,0.05,177
4/16/18 10:00,0,0,0,0,0,1,13.25,0,5,2,12,3,10,1,0,0,0,0,0,0,1,0,0,0,0,1,0,0,0,0,1,0,0,0,0,0,202,4.4,16.35,0.29,0.14,0.05,178
4/16/18 11:00,0,0,0,0,0,1,13.25,0,5,2,12,3,11,1,0,0,0,0,0,0,1,0,0,0,0,1,0,0,0,0,1,0,0,0,0,0,202,4.4,16.35,0.29,0.14,0.05,179
4/16/18 12:00,0,0,0,0,0,1,13.25,0,5,2,12,3,12,1,0,0,0,0,0,0,0,1,0,0,0,1,0,0,0,0,1,0,0,0,0,0,202,4.4,16.35,0.29,0.14,0.05,180
4/16/18 13:00,18,0,1,78,8,1,13.25,238.5,5,2,12,3,13,1,0,0,0,0,0,0,0,1,0,0,0,1,0,0,0,0,1,0,0,0,0,0,202,4.4,16.35,0.29,0.14,0.05,181
4/16/18 14:00,10,4,2,113,17,1,13.25,132.5,5,2,12,3,14,1,0,0,0,0,0,0,0,1,0,0,0,1,0,0,0,0,1,0,0,0,0,0,202,4.4,16.35,0.29,0.14,0.05,182
4/16/18 15:00,6,8,2,91,23,1,13.25,79.5,5,2,12,3,15,1,0,0,0,0,0,0,0,1,0,0,0,1,0,0,0,0,1,0,0,0,0,0,202,4.4,16.35,0.29,0.14,0.05,183
4/16/18 16:00,10,14,2,112,14,1,13.25,132.5,5,2,12,3,16,1,0,0,0,0,0,0,0,0,1,0,0,1,0,0,0,0,1,0,0,0,0,0,202,4.4,16.35,0.29,0.14,0.05,184
4/16/18 17:00,7,3,2,92,21,1,13.25,92.75,5,2,12,3,17,1,0,0,0,0,0,0,0,0,1,0,0,1,0,0,0,0,1,0,0,0,0,0,202,4.4,16.35,0.29,0.14,0.05,185
4/16/18 18:00,6,8,2,85,3,1,13.25,79.5,5,2,12,3,18,1,0,0,0,0,0,0,0,0,1,0,0,1,0,0,0,0,1,0,0,0,0,0,202,4.4,16.35,0.29,0.14,0.05,186
4/16/18 19:00,12,15,3,20,14,1,13.25,159,5,2,12,3,19,1,0,0,0,0,0,0,0,0,1,0,0,1,0,0,0,0,1,0,0,0,0,0,202,4.4,16.35,0.29,0.14,0.05,187
4/16/18 20:00,7,11,3,18,6,1,13.25,92.75,5,2,12,3,20,1,0,0,0,0,0,0,0,0,0,1,0,1,0,0,0,0,1,0,0,0,0,0,202,4.4,16.35,0.29,0.14,0.05,188
4/16/18 21:00,0,0,0,0,0,1,13.25,0,5,2,12,3,21,1,0,0,0,0,0,0,0,0,0,1,0,1,0,0,0,0,1,0,0,0,0,0,202,4.4,16.35,0.29,0.14,0.05,189
4/17/18 9:00,0,0,0,0,0,2,25.25,0,6,1,11,3,9,0,1,0,0,0,0,0,1,0,0,0,1,0,0,0,0,0,0,1,0,0,0,0,202,4.4,16.35,0.29,0.14,0.05,201
4/17/18 10:00,2,0,1,27,49,2,25.25,50.5,6,1,11,3,10,0,1,0,0,0,0,0,1,0,0,0,1,0,0,0,0,0,0,1,0,0,0,0,202,4.4,16.35,0.29,0.14,0.05,202
4/17/18 11:00,0,2,0,0,0,2,25.25,0,6,1,11,3,11,0,1,0,0,0,0,0,1,0,0,0,1,0,0,0,0,0,0,1,0,0,0,0,202,4.4,16.35,0.29,0.14,0.05,203
4/17/18 12:00,0,0,0,0,0,2,25.25,0,6,1,11,3,12,0,1,0,0,0,0,0,0,1,0,0,1,0,0,0,0,0,0,1,0,0,0,0,202,4.4,16.35,0.29,0.14,0.05,204
4/17/18 13:00,0,0,0,0,0,2,25.25,0,6,1,11,3,13,0,1,0,0,0,0,0,0,1,0,0,1,0,0,0,0,0,0,1,0,0,0,0,202,4.4,16.35,0.29,0.14,0.05,205
4/17/18 14:00,0,0,0,0,0,2,25.25,0,6,1,11,3,14,0,1,0,0,0,0,0,0,1,0,0,1,0,0,0,0,0,0,1,0,0,0,0,202,4.4,16.35,0.29,0.14,0.05,206
4/17/18 15:00,5,4,2,17,9,2,25.25,126.25,6,1,11,3,15,0,1,0,0,0,0,0,0,1,0,0,1,0,0,0,0,0,0,1,0,0,0,0,202,4.4,16.35,0.29,0.14,0.05,207
4/17/18 16:00,5,3,3,2,17,2,25.25,126.25,6,1,11,3,16,0,1,0,0,0,0,0,0,0,1,0,1,0,0,0,0,0,0,1,0,0,0,0,202,4.4,16.35,0.29,0.14,0.05,208
4/17/18 17:00,7,6,3,11,26,2,25.25,176.75,6,1,11,3,17,0,1,0,0,0,0,0,0,0,1,0,1,0,0,0,0,0,0,1,0,0,0,0,202,4.4,16.35,0.29,0.14,0.05,209
4/17/18 18:00,0,3,1,0,0,2,25.25,0,6,1,11,3,18,0,1,0,0,0,0,0,0,0,1,0,1,0,0,0,0,0,0,1,0,0,0,0,202,4.4,16.35,0.29,0.14,0.05,210
4/17/18 19:00,0,0,0,0,0,2,25.25,0,6,1,11,3,19,0,1,0,0,0,0,0,0,0,1,0,1,0,0,0,0,0,0,1,0,0,0,0,202,4.4,16.35,0.29,0.14,0.05,211
4/17/18 20:00,0,0,0,0,0,2,25.25,0,6,1,11,3,20,0,1,0,0,0,0,0,0,0,0,1,1,0,0,0,0,0,0,1,0,0,0,0,202,4.4,16.35,0.29,0.14,0.05,212
4/17/18 21:00,0,0,0,0,0,2,25.25,0,6,1,11,3,21,0,1,0,0,0,0,0,0,0,0,1,1,0,0,0,0,0,0,1,0,0,0,0,202,4.4,16.35,0.29,0.14,0.05,213
4/18/18 9:00,0,0,0,0,0,3,15.33333333,0,7,0,10,3,9,0,0,1,0,0,0,0,1,0,0,0,1,0,0,0,0,0,0,1,1,0,0,0,202,4.4,16.35,0.29,0.14,0.05,225
4/18/18 10:00,0,0,0,0,0,3,15.33333333,0,7,0,10,3,10,0,0,1,0,0,0,0,1,0,0,0,1,0,0,0,0,0,0,1,1,0,0,0,202,4.4,16.35,0.29,0.14,0.05,226
4/18/18 11:00,0,0,0,0,0,3,15.33333333,0,7,0,10,3,11,0,0,1,0,0,0,0,1,0,0,0,1,0,0,0,0,0,0,1,1,0,0,0,202,4.4,16.35,0.29,0.14,0.05,227
4/18/18 12:00,5,1,2,6,16,3,15.33333333,76.66666667,7,0,10,3,12,0,0,1,0,0,0,0,0,1,0,0,1,0,0,0,0,0,0,1,1,0,0,0,202,4.4,16.35,0.29,0.14,0.05,228
4/18/18 13:00,12,11,3,14,11,3,15.33333333,184,7,0,10,3,13,0,0,1,0,0,0,0,0,1,0,0,1,0,0,0,0,0,0,1,1,0,0,0,202,4.4,16.35,0.29,0.14,0.05,229
4/18/18 14:00,11,11,2,10,6,3,15.33333333,168.6666667,7,0,10,3,14,0,0,1,0,0,0,0,0,1,0,0,1,0,0,0,0,0,0,1,1,0,0,0,202,4.4,16.35,0.29,0.14,0.05,230
4/18/18 15:00,6,5,3,39,14,3,15.33333333,92,7,0,10,3,15,0,0,1,0,0,0,0,0,1,0,0,1,0,0,0,0,0,0,1,1,0,0,0,202,4.4,16.35,0.29,0.14,0.05,231
4/18/18 16:00,3,6,2,28,11,3,15.33333333,46,7,0,10,3,16,0,0,1,0,0,0,0,0,0,1,0,1,0,0,0,0,0,0,1,1,0,0,0,202,4.4,16.35,0.29,0.14,0.05,232
4/18/18 17:00,4,3,1,30,12,3,15.33333333,61.33333333,7,0,10,3,17,0,0,1,0,0,0,0,0,0,1,0,1,0,0,0,0,0,0,1,1,0,0,0,202,4.4,16.35,0.29,0.14,0.05,233
4/18/18 18:00,4,3,1,38,19,3,15.33333333,61.33333333,7,0,10,3,18,0,0,1,0,0,0,0,0,0,1,0,1,0,0,0,0,0,0,1,1,0,0,0,202,4.4,16.35,0.29,0.14,0.05,234
4/18/18 19:00,2,2,1,39,15,3,15.33333333,30.66666667,7,0,10,3,19,0,0,1,0,0,0,0,0,0,1,0,1,0,0,0,0,0,0,1,1,0,0,0,202,4.4,16.35,0.29,0.14,0.05,235
4/18/18 20:00,1,4,1,0,34,3,15.33333333,15.33333333,7,0,10,3,20,0,0,1,0,0,0,0,0,0,0,1,1,0,0,0,0,0,0,1,1,0,0,0,202,4.4,16.35,0.29,0.14,0.05,236
4/18/18 21:00,0,0,0,0,0,3,15.33333333,0,7,0,10,3,21,0,0,1,0,0,0,0,0,0,0,1,1,0,0,0,0,0,0,1,1,0,0,0,202,4.4,16.35,0.29,0.14,0.05,237
4/19/18 9:00,0,0,0,0,0,4,14.8,0,1,7,9,3,9,0,0,0,1,0,0,0,1,0,0,0,0,0,0,1,1,0,0,0,1,0,0,0,202,4.4,16.35,0.29,0.14,0.05,249
4/19/18 10:00,0,0,0,0,0,4,14.8,0,1,7,9,3,10,0,0,0,1,0,0,0,1,0,0,0,0,0,0,1,1,0,0,0,1,0,0,0,202,4.4,16.35,0.29,0.14,0.05,250
4/19/18 11:00,0,0,0,0,0,4,14.8,0,1,7,9,3,11,0,0,0,1,0,0,0,1,0,0,0,0,0,0,1,1,0,0,0,1,0,0,0,202,4.4,16.35,0.29,0.14,0.05,251
4/19/18 12:00,0,0,0,0,0,4,14.8,0,1,7,9,3,12,0,0,0,1,0,0,0,0,1,0,0,0,0,0,1,1,0,0,0,1,0,0,0,202,4.4,16.35,0.29,0.14,0.05,252
4/19/18 13:00,6,1,1,33,18,4,14.8,88.8,1,7,9,3,13,0,0,0,1,0,0,0,0,1,0,0,0,0,0,1,1,0,0,0,1,0,0,0,202,4.4,16.35,0.29,0.14,0.05,253
4/19/18 14:00,4,3,1,54,18,4,14.8,59.2,1,7,9,3,14,0,0,0,1,0,0,0,0,1,0,0,0,0,0,1,1,0,0,0,1,0,0,0,202,4.4,16.35,0.29,0.14,0.05,254
4/19/18 15:00,1,5,1,7,15,4,14.8,14.8,1,7,9,3,15,0,0,0,1,0,0,0,0,1,0,0,0,0,0,1,1,0,0,0,1,0,0,0,202,4.4,16.35,0.29,0.14,0.05,255
4/19/18 16:00,6,3,2,10,15,4,14.8,88.8,1,7,9,3,16,0,0,0,1,0,0,0,0,0,1,0,0,0,0,1,1,0,0,0,1,0,0,0,202,4.4,16.35,0.29,0.14,0.05,256
4/19/18 17:00,2,6,1,16,8,4,14.8,29.6,1,7,9,3,17,0,0,0,1,0,0,0,0,0,1,0,0,0,0,1,1,0,0,0,1,0,0,0,202,4.4,16.35,0.29,0.14,0.05,257
4/19/18 18:00,0,0,0,0,0,4,14.8,0,1,7,9,3,18,0,0,0,1,0,0,0,0,0,1,0,0,0,0,1,1,0,0,0,1,0,0,0,202,4.4,16.35,0.29,0.14,0.05,258
4/19/18 19:00,0,0,0,0,0,4,14.8,0,1,7,9,3,19,0,0,0,1,0,0,0,0,0,1,0,0,0,0,1,1,0,0,0,1,0,0,0,202,4.4,16.35,0.29,0.14,0.05,259
4/19/18 20:00,0,0,0,0,0,4,14.8,0,1,7,9,3,20,0,0,0,1,0,0,0,0,0,0,1,0,0,0,1,1,0,0,0,1,0,0,0,202,4.4,16.35,0.29,0.14,0.05,260
4/19/18 21:00,0,0,0,0,0,4,14.8,0,1,7,9,3,21,0,0,0,1,0,0,0,0,0,0,1,0,0,0,1,1,0,0,0,1,0,0,0,202,4.4,16.35,0.29,0.14,0.05,261
4/20/18 9:00,0,0,0,0,0,5,12.33333333,0,2,6,8,3,9,0,0,0,0,1,0,0,1,0,0,0,0,0,1,0,1,0,0,0,1,0,0,0,202,4.4,16.35,0.29,0.14,0.05,273
4/20/18 10:00,0,0,0,0,0,5,12.33333333,0,2,6,8,3,10,0,0,0,0,1,0,0,1,0,0,0,0,0,1,0,1,0,0,0,1,0,0,0,202,4.4,16.35,0.29,0.14,0.05,274
4/20/18 11:00,0,0,0,0,0,5,12.33333333,0,2,6,8,3,11,0,0,0,0,1,0,0,1,0,0,0,0,0,1,0,1,0,0,0,1,0,0,0,202,4.4,16.35,0.29,0.14,0.05,275
4/20/18 12:00,0,0,0,0,0,5,12.33333333,0,2,6,8,3,12,0,0,0,0,1,0,0,0,1,0,0,0,0,1,0,1,0,0,0,1,0,0,0,202,4.4,16.35,0.29,0.14,0.05,276
4/20/18 13:00,0,0,0,0,0,5,12.33333333,0,2,6,8,3,13,0,0,0,0,1,0,0,0,1,0,0,0,0,1,0,1,0,0,0,1,0,0,0,202,4.4,16.35,0.29,0.14,0.05,277
4/20/18 14:00,0,0,0,0,0,5,12.33333333,0,2,6,8,3,14,0,0,0,0,1,0,0,0,1,0,0,0,0,1,0,1,0,0,0,1,0,0,0,202,4.4,16.35,0.29,0.14,0.05,278
4/20/18 15:00,17,4,2,45,18,5,12.33333333,209.6666667,2,6,8,3,15,0,0,0,0,1,0,0,0,1,0,0,0,0,1,0,1,0,0,0,1,0,0,0,202,4.4,16.35,0.29,0.14,0.05,279
4/20/18 16:00,6,10,2,30,16,5,12.33333333,74,2,6,8,3,16,0,0,0,0,1,0,0,0,0,1,0,0,0,1,0,1,0,0,0,1,0,0,0,202,4.4,16.35,0.29,0.14,0.05,280
4/20/18 17:00,0,7,1,0,3,5,12.33333333,0,2,6,8,3,17,0,0,0,0,1,0,0,0,0,1,0,0,0,1,0,1,0,0,0,1,0,0,0,202,4.4,16.35,0.29,0.14,0.05,281
4/20/18 18:00,0,0,0,0,0,5,12.33333333,0,2,6,8,3,18,0,0,0,0,1,0,0,0,0,1,0,0,0,1,0,1,0,0,0,1,0,0,0,202,4.4,16.35,0.29,0.14,0.05,282
4/20/18 19:00,0,0,0,0,0,5,12.33333333,0,2,6,8,3,19,0,0,0,0,1,0,0,0,0,1,0,0,0,1,0,1,0,0,0,1,0,0,0,202,4.4,16.35,0.29,0.14,0.05,283
4/20/18 20:00,0,0,0,0,0,5,12.33333333,0,2,6,8,3,20,0,0,0,0,1,0,0,0,0,0,1,0,0,1,0,1,0,0,0,1,0,0,0,202,4.4,16.35,0.29,0.14,0.05,284
4/20/18 21:00,0,0,0,0,0,5,12.33333333,0,2,6,8,3,21,0,0,0,0,1,0,0,0,0,0,1,0,0,1,0,1,0,0,0,1,0,0,0,202,4.4,16.35,0.29,0.14,0.05,285
4/22/18 9:00,0,0,0,0,0,0,16.6,0,4,4,6,3,9,0,0,0,0,0,0,1,1,0,0,0,0,1,0,0,0,1,0,0,1,0,0,0,202,4.4,16.35,0.29,0.14,0.05,321
4/22/18 10:00,0,0,0,0,0,0,16.6,0,4,4,6,3,10,0,0,0,0,0,0,1,1,0,0,0,0,1,0,0,0,1,0,0,1,0,0,0,202,4.4,16.35,0.29,0.14,0.05,322
4/22/18 11:00,0,0,0,0,0,0,16.6,0,4,4,6,3,11,0,0,0,0,0,0,1,1,0,0,0,0,1,0,0,0,1,0,0,1,0,0,0,202,4.4,16.35,0.29,0.14,0.05,323
4/22/18 12:00,0,0,0,0,0,0,16.6,0,4,4,6,3,12,0,0,0,0,0,0,1,0,1,0,0,0,1,0,0,0,1,0,0,1,0,0,0,202,4.4,16.35,0.29,0.14,0.05,324
4/22/18 13:00,0,0,0,0,0,0,16.6,0,4,4,6,3,13,0,0,0,0,0,0,1,0,1,0,0,0,1,0,0,0,1,0,0,1,0,0,0,202,4.4,16.35,0.29,0.14,0.05,325
4/22/18 14:00,32,6,1,91,8,0,16.6,531.2,4,4,6,3,14,0,0,0,0,0,0,1,0,1,0,0,0,1,0,0,0,1,0,0,1,0,0,0,202,4.4,16.35,0.29,0.14,0.05,326
4/22/18 15:00,6,10,2,136,10,0,16.6,99.6,4,4,6,3,15,0,0,0,0,0,0,1,0,1,0,0,0,1,0,0,0,1,0,0,1,0,0,0,202,4.4,16.35,0.29,0.14,0.05,327
4/22/18 16:00,6,7,2,119,28,0,16.6,99.6,4,4,6,3,16,0,0,0,0,0,0,1,0,0,1,0,0,1,0,0,0,1,0,0,1,0,0,0,202,4.4,16.35,0.29,0.14,0.05,328
4/22/18 17:00,0,8,1,0,23,0,16.6,0,4,4,6,3,17,0,0,0,0,0,0,1,0,0,1,0,0,1,0,0,0,1,0,0,1,0,0,0,202,4.4,16.35,0.29,0.14,0.05,329
4/22/18 18:00,0,8,1,0,14,0,16.6,0,4,4,6,3,18,0,0,0,0,0,0,1,0,0,1,0,0,1,0,0,0,1,0,0,1,0,0,0,202,4.4,16.35,0.29,0.14,0.05,330
4/22/18 19:00,0,0,0,0,0,0,16.6,0,4,4,6,3,19,0,0,0,0,0,0,1,0,0,1,0,0,1,0,0,0,1,0,0,1,0,0,0,202,4.4,16.35,0.29,0.14,0.05,331
4/22/18 20:00,0,0,0,0,0,0,16.6,0,4,4,6,3,20,0,0,0,0,0,0,1,0,0,0,1,0,1,0,0,0,1,0,0,1,0,0,0,202,4.4,16.35,0.29,0.14,0.05,332
4/22/18 21:00,0,0,0,0,0,0,16.6,0,4,4,6,3,21,0,0,0,0,0,0,1,0,0,0,1,0,1,0,0,0,1,0,0,1,0,0,0,202,4.4,16.35,0.29,0.14,0.05,333
4/23/18 9:00,0,0,0,0,0,1,15.28571429,0,5,3,5,4,9,1,0,0,0,0,0,0,1,0,0,0,0,1,0,0,0,0,1,0,0,1,0,0,202,4.4,16.35,0.29,0.14,0.05,177
4/23/18 10:00,0,0,0,0,0,1,15.28571429,0,5,3,5,4,10,1,0,0,0,0,0,0,1,0,0,0,0,1,0,0,0,0,1,0,0,1,0,0,202,4.4,16.35,0.29,0.14,0.05,178
4/23/18 11:00,0,0,0,0,0,1,15.28571429,0,5,3,5,4,11,1,0,0,0,0,0,0,1,0,0,0,0,1,0,0,0,0,1,0,0,1,0,0,202,4.4,16.35,0.29,0.14,0.05,179
4/23/18 12:00,0,0,0,0,0,1,15.28571429,0,5,3,5,4,12,1,0,0,0,0,0,0,0,1,0,0,0,1,0,0,0,0,1,0,0,1,0,0,202,4.4,16.35,0.29,0.14,0.05,180
4/23/18 13:00,23,0,0,75,0,1,15.28571429,351.5714286,5,3,5,4,13,1,0,0,0,0,0,0,0,1,0,0,0,1,0,0,0,0,1,0,0,1,0,0,202,4.4,16.35,0.29,0.14,0.05,181
4/23/18 14:00,10,6,2,143,12,1,15.28571429,152.8571429,5,3,5,4,14,1,0,0,0,0,0,0,0,1,0,0,0,1,0,0,0,0,1,0,0,1,0,0,202,4.4,16.35,0.29,0.14,0.05,182
4/23/18 15:00,12,9,2,226,13,1,15.28571429,183.4285714,5,3,5,4,15,1,0,0,0,0,0,0,0,1,0,0,0,1,0,0,0,0,1,0,0,1,0,0,202,4.4,16.35,0.29,0.14,0.05,183
4/23/18 16:00,7,7,2,192,21,1,15.28571429,107,5,3,5,4,16,1,0,0,0,0,0,0,0,0,1,0,0,1,0,0,0,0,1,0,0,1,0,0,202,4.4,16.35,0.29,0.14,0.05,184
4/23/18 17:00,4,6,1,137,11,1,15.28571429,61.14285714,5,3,5,4,17,1,0,0,0,0,0,0,0,0,1,0,0,1,0,0,0,0,1,0,0,1,0,0,202,4.4,16.35,0.29,0.14,0.05,185
4/23/18 18:00,2,0,1,120,13,1,15.28571429,30.57142857,5,3,5,4,18,1,0,0,0,0,0,0,0,0,1,0,0,1,0,0,0,0,1,0,0,1,0,0,202,4.4,16.35,0.29,0.14,0.05,186
4/23/18 19:00,4,8,2,91,26,1,15.28571429,61.14285714,5,3,5,4,19,1,0,0,0,0,0,0,0,0,1,0,0,1,0,0,0,0,1,0,0,1,0,0,202,4.4,16.35,0.29,0.14,0.05,187
4/23/18 20:00,0,11,2,0,11,1,15.28571429,0,5,3,5,4,20,1,0,0,0,0,0,0,0,0,0,1,0,1,0,0,0,0,1,0,0,1,0,0,202,4.4,16.35,0.29,0.14,0.05,188
4/23/18 21:00,0,2,0,0,0,1,15.28571429,0,5,3,5,4,21,1,0,0,0,0,0,0,0,0,0,1,0,1,0,0,0,0,1,0,0,1,0,0,202,4.4,16.35,0.29,0.14,0.05,189
4/24/18 9:00,0,0,0,0,0,2,12.6,0,6,2,4,4,9,0,1,0,0,0,0,0,1,0,0,0,1,0,0,0,0,0,1,0,0,1,0,0,202,4.4,16.35,0.29,0.14,0.05,201
4/24/18 10:00,7,4,1,32,11,2,12.6,88.2,6,2,4,4,10,0,1,0,0,0,0,0,1,0,0,0,1,0,0,0,0,0,1,0,0,1,0,0,202,4.4,16.35,0.29,0.14,0.05,202
4/24/18 11:00,1,4,1,11,7,2,12.6,12.6,6,2,4,4,11,0,1,0,0,0,0,0,1,0,0,0,1,0,0,0,0,0,1,0,0,1,0,0,202,4.4,16.35,0.29,0.14,0.05,203
4/24/18 12:00,0,0,0,0,0,2,12.6,0,6,2,4,4,12,0,1,0,0,0,0,0,0,1,0,0,1,0,0,0,0,0,1,0,0,1,0,0,202,4.4,16.35,0.29,0.14,0.05,204
4/24/18 13:00,0,0,0,0,0,2,12.6,0,6,2,4,4,13,0,1,0,0,0,0,0,0,1,0,0,1,0,0,0,0,0,1,0,0,1,0,0,202,4.4,16.35,0.29,0.14,0.05,205
4/24/18 14:00,0,0,0,0,0,2,12.6,0,6,2,4,4,14,0,1,0,0,0,0,0,0,1,0,0,1,0,0,0,0,0,1,0,0,1,0,0,202,4.4,16.35,0.29,0.14,0.05,206
4/24/18 15:00,6,1,2,3,13,2,12.6,75.6,6,2,4,4,15,0,1,0,0,0,0,0,0,1,0,0,1,0,0,0,0,0,1,0,0,1,0,0,202,4.4,16.35,0.29,0.14,0.05,207
4/24/18 16:00,9,9,3,4,18,2,12.6,113.4,6,2,4,4,16,0,1,0,0,0,0,0,0,0,1,0,1,0,0,0,0,0,1,0,0,1,0,0,202,4.4,16.35,0.29,0.14,0.05,208
4/24/18 17:00,6,7,3,2,14,2,12.6,75.6,6,2,4,4,17,0,1,0,0,0,0,0,0,0,1,0,1,0,0,0,0,0,1,0,0,1,0,0,202,4.4,16.35,0.29,0.14,0.05,209
4/24/18 18:00,0,1,0,0,0,2,12.6,0,6,2,4,4,18,0,1,0,0,0,0,0,0,0,1,0,1,0,0,0,0,0,1,0,0,1,0,0,202,4.4,16.35,0.29,0.14,0.05,210
4/24/18 19:00,0,0,0,0,0,2,12.6,0,6,2,4,4,19,0,1,0,0,0,0,0,0,0,1,0,1,0,0,0,0,0,1,0,0,1,0,0,202,4.4,16.35,0.29,0.14,0.05,211
4/24/18 20:00,0,0,0,0,0,2,12.6,0,6,2,4,4,20,0,1,0,0,0,0,0,0,0,0,1,1,0,0,0,0,0,1,0,0,1,0,0,202,4.4,16.35,0.29,0.14,0.05,212
4/24/18 21:00,0,0,0,0,0,2,12.6,0,6,2,4,4,21,0,1,0,0,0,0,0,0,0,0,1,1,0,0,0,0,0,1,0,0,1,0,0,202,4.4,16.35,0.29,0.14,0.05,213
4/25/18 9:00,0,0,0,0,0,3,14.5,0,7,1,3,4,9,0,0,1,0,0,0,0,1,0,0,0,1,0,0,0,0,0,0,1,0,0,1,0,202,4.4,16.35,0.29,0.14,0.05,225
4/25/18 10:00,0,0,0,0,0,3,14.5,0,7,1,3,4,10,0,0,1,0,0,0,0,1,0,0,0,1,0,0,0,0,0,0,1,0,0,1,0,202,4.4,16.35,0.29,0.14,0.05,226
4/25/18 11:00,0,0,0,0,0,3,14.5,0,7,1,3,4,11,0,0,1,0,0,0,0,1,0,0,0,1,0,0,0,0,0,0,1,0,0,1,0,202,4.4,16.35,0.29,0.14,0.05,227
4/25/18 12:00,12,1,2,25,21,3,14.5,174,7,1,3,4,12,0,0,1,0,0,0,0,0,1,0,0,1,0,0,0,0,0,0,1,0,0,1,0,202,4.4,16.35,0.29,0.14,0.05,228
4/25/18 13:00,11,10,3,56,19,3,14.5,159.5,7,1,3,4,13,0,0,1,0,0,0,0,0,1,0,0,1,0,0,0,0,0,0,1,0,0,1,0,202,4.4,16.35,0.29,0.14,0.05,229
4/25/18 14:00,7,10,2,61,11,3,14.5,101.5,7,1,3,4,14,0,0,1,0,0,0,0,0,1,0,0,1,0,0,0,0,0,0,1,0,0,1,0,202,4.4,16.35,0.29,0.14,0.05,230
4/25/18 15:00,11,5,2,83,9,3,14.5,159.5,7,1,3,4,15,0,0,1,0,0,0,0,0,1,0,0,1,0,0,0,0,0,0,1,0,0,1,0,202,4.4,16.35,0.29,0.14,0.05,231
4/25/18 16:00,6,6,2,76,10,3,14.5,87,7,1,3,4,16,0,0,1,0,0,0,0,0,0,1,0,1,0,0,0,0,0,0,1,0,0,1,0,202,4.4,16.35,0.29,0.14,0.05,232
4/25/18 17:00,5,8,1,14,17,3,14.5,72.5,7,1,3,4,17,0,0,1,0,0,0,0,0,0,1,0,1,0,0,0,0,0,0,1,0,0,1,0,202,4.4,16.35,0.29,0.14,0.05,233
4/25/18 18:00,8,7,1,0,0,3,14.5,116,7,1,3,4,18,0,0,1,0,0,0,0,0,0,1,0,1,0,0,0,0,0,0,1,0,0,1,0,202,4.4,16.35,0.29,0.14,0.05,234
4/25/18 19:00,0,0,0,0,0,3,14.5,0,7,1,3,4,19,0,0,1,0,0,0,0,0,0,1,0,1,0,0,0,0,0,0,1,0,0,1,0,202,4.4,16.35,0.29,0.14,0.05,235
4/25/18 20:00,0,0,0,0,0,3,14.5,0,7,1,3,4,20,0,0,1,0,0,0,0,0,0,0,1,1,0,0,0,0,0,0,1,0,0,1,0,202,4.4,16.35,0.29,0.14,0.05,236
4/25/18 21:00,0,0,0,0,0,3,14.5,0,7,1,3,4,21,0,0,1,0,0,0,0,0,0,0,1,1,0,0,0,0,0,0,1,0,0,1,0,202,4.4,16.35,0.29,0.14,0.05,237
4/26/18 9:00,0,0,0,0,0,4,11.5,0,8,0,2,4,9,0,0,0,1,0,0,0,1,0,0,0,1,0,0,0,0,0,0,1,0,0,1,0,202,4.4,16.35,0.29,0.14,0.05,249
4/26/18 10:00,0,0,0,0,0,4,11.5,0,8,0,2,4,10,0,0,0,1,0,0,0,1,0,0,0,1,0,0,0,0,0,0,1,0,0,1,0,202,4.4,16.35,0.29,0.14,0.05,250
4/26/18 11:00,0,0,0,0,0,4,11.5,0,8,0,2,4,11,0,0,0,1,0,0,0,1,0,0,0,1,0,0,0,0,0,0,1,0,0,1,0,202,4.4,16.35,0.29,0.14,0.05,251
4/26/18 12:00,0,0,0,0,0,4,11.5,0,8,0,2,4,12,0,0,0,1,0,0,0,0,1,0,0,1,0,0,0,0,0,0,1,0,0,1,0,202,4.4,16.35,0.29,0.14,0.05,252
4/26/18 13:00,16,3,2,33,13,4,11.5,184,8,0,2,4,13,0,0,0,1,0,0,0,0,1,0,0,1,0,0,0,0,0,0,1,0,0,1,0,202,4.4,16.35,0.29,0.14,0.05,253
4/26/18 14:00,7,9,2,69,12,4,11.5,80.5,8,0,2,4,14,0,0,0,1,0,0,0,0,1,0,0,1,0,0,0,0,0,0,1,0,0,1,0,202,4.4,16.35,0.29,0.14,0.05,254
4/26/18 15:00,3,3,1,105,16,4,11.5,34.5,8,0,2,4,15,0,0,0,1,0,0,0,0,1,0,0,1,0,0,0,0,0,0,1,0,0,1,0,202,4.4,16.35,0.29,0.14,0.05,255
4/26/18 16:00,8,3,1,62,15,4,11.5,92,8,0,2,4,16,0,0,0,1,0,0,0,0,0,1,0,1,0,0,0,0,0,0,1,0,0,1,0,202,4.4,16.35,0.29,0.14,0.05,256
4/26/18 17:00,0,5,1,0,9,4,11.5,0,8,0,2,4,17,0,0,0,1,0,0,0,0,0,1,0,1,0,0,0,0,0,0,1,0,0,1,0,202,4.4,16.35,0.29,0.14,0.05,257
4/26/18 18:00,0,2,1,0,4,4,11.5,0,8,0,2,4,18,0,0,0,1,0,0,0,0,0,1,0,1,0,0,0,0,0,0,1,0,0,1,0,202,4.4,16.35,0.29,0.14,0.05,258
4/26/18 19:00,0,0,0,0,0,4,11.5,0,8,0,2,4,19,0,0,0,1,0,0,0,0,0,1,0,1,0,0,0,0,0,0,1,0,0,1,0,202,4.4,16.35,0.29,0.14,0.05,259
4/26/18 20:00,0,0,0,0,0,4,11.5,0,8,0,2,4,20,0,0,0,1,0,0,0,0,0,0,1,1,0,0,0,0,0,0,1,0,0,1,0,202,4.4,16.35,0.29,0.14,0.05,260
4/26/18 21:00,0,0,0,0,0,4,11.5,0,8,0,2,4,21,0,0,0,1,0,0,0,0,0,0,1,1,0,0,0,0,0,0,1,0,0,1,0,202,4.4,16.35,0.29,0.14,0.05,261
4/27/18 9:00,0,0,0,0,0,5,13.8,0,1,11,1,4,9,0,0,0,0,1,0,0,1,0,0,0,0,0,0,1,0,0,0,0,0,0,0,1,202,4.4,16.35,0.29,0.14,0.05,273
4/27/18 10:00,7,3,1,15,13,5,13.8,96.6,1,11,1,4,10,0,0,0,0,1,0,0,1,0,0,0,0,0,0,1,0,0,0,0,0,0,0,1,202,4.4,16.35,0.29,0.14,0.05,274
4/27/18 11:00,4,8,1,31,7,5,13.8,55.2,1,11,1,4,11,0,0,0,0,1,0,0,1,0,0,0,0,0,0,1,0,0,0,0,0,0,0,1,202,4.4,16.35,0.29,0.14,0.05,275
4/27/18 12:00,0,0,0,0,0,5,13.8,0,1,11,1,4,12,0,0,0,0,1,0,0,0,1,0,0,0,0,0,1,0,0,0,0,0,0,0,1,202,4.4,16.35,0.29,0.14,0.05,276
4/27/18 13:00,0,0,0,0,0,5,13.8,0,1,11,1,4,13,0,0,0,0,1,0,0,0,1,0,0,0,0,0,1,0,0,0,0,0,0,0,1,202,4.4,16.35,0.29,0.14,0.05,277
4/27/18 14:00,0,0,0,0,0,5,13.8,0,1,11,1,4,14,0,0,0,0,1,0,0,0,1,0,0,0,0,0,1,0,0,0,0,0,0,0,1,202,4.4,16.35,0.29,0.14,0.05,278
4/27/18 15:00,14,4,2,48,15,5,13.8,193.2,1,11,1,4,15,0,0,0,0,1,0,0,0,1,0,0,0,0,0,1,0,0,0,0,0,0,0,1,202,4.4,16.35,0.29,0.14,0.05,279
4/27/18 16:00,2,6,2,72,20,5,13.8,27.6,1,11,1,4,16,0,0,0,0,1,0,0,0,0,1,0,0,0,0,1,0,0,0,0,0,0,0,1,202,4.4,16.35,0.29,0.14,0.05,280
4/27/18 17:00,0,5,2,0,14,5,13.8,0,1,11,1,4,17,0,0,0,0,1,0,0,0,0,1,0,0,0,0,1,0,0,0,0,0,0,0,1,202,4.4,16.35,0.29,0.14,0.05,281
4/27/18 18:00,0,0,0,0,0,5,13.8,0,1,11,1,4,18,0,0,0,0,1,0,0,0,0,1,0,0,0,0,1,0,0,0,0,0,0,0,1,202,4.4,16.35,0.29,0.14,0.05,282
4/27/18 19:00,0,0,0,0,0,5,13.8,0,1,11,1,4,19,0,0,0,0,1,0,0,0,0,1,0,0,0,0,1,0,0,0,0,0,0,0,1,202,4.4,16.35,0.29,0.14,0.05,283
4/27/18 20:00,0,0,0,0,0,5,13.8,0,1,11,1,4,20,0,0,0,0,1,0,0,0,0,0,1,0,0,0,1,0,0,0,0,0,0,0,1,202,4.4,16.35,0.29,0.14,0.05,284
4/27/18 21:00,0,0,0,0,0,5,13.8,0,1,11,1,4,21,0,0,0,0,1,0,0,0,0,0,1,0,0,0,1,0,0,0,0,0,0,0,1,202,4.4,16.35,0.29,0.14,0.05,285
4/29/18 9:00,0,0,0,0,0,0,20.4,0,3,9,26,4,9,0,0,0,0,0,0,1,1,0,0,0,0,0,1,0,1,0,0,0,0,0,0,0,202,4.4,16.35,0.29,0.14,0.05,321
4/29/18 10:00,0,0,0,0,0,0,20.4,0,3,9,26,4,10,0,0,0,0,0,0,1,1,0,0,0,0,0,1,0,1,0,0,0,0,0,0,0,202,4.4,16.35,0.29,0.14,0.05,322
4/29/18 11:00,0,0,0,0,0,0,20.4,0,3,9,26,4,11,0,0,0,0,0,0,1,1,0,0,0,0,0,1,0,1,0,0,0,0,0,0,0,202,4.4,16.35,0.29,0.14,0.05,323
4/29/18 12:00,0,0,0,0,0,0,20.4,0,3,9,26,4,12,0,0,0,0,0,0,1,0,1,0,0,0,0,1,0,1,0,0,0,0,0,0,0,202,4.4,16.35,0.29,0.14,0.05,324
4/29/18 13:00,0,0,0,0,0,0,20.4,0,3,9,26,4,13,0,0,0,0,0,0,1,0,1,0,0,0,0,1,0,1,0,0,0,0,0,0,0,202,4.4,16.35,0.29,0.14,0.05,325
4/29/18 14:00,29,1,1,153,14,0,20.4,591.6,3,9,26,4,14,0,0,0,0,0,0,1,0,1,0,0,0,0,1,0,1,0,0,0,0,0,0,0,202,4.4,16.35,0.29,0.14,0.05,326
4/29/18 15:00,8,4,1,204,61,0,20.4,163.2,3,9,26,4,15,0,0,0,0,0,0,1,0,1,0,0,0,0,1,0,1,0,0,0,0,0,0,0,202,4.4,16.35,0.29,0.14,0.05,327
4/29/18 16:00,0,5,1,0,13,0,20.4,0,3,9,26,4,16,0,0,0,0,0,0,1,0,0,1,0,0,0,1,0,1,0,0,0,0,0,0,0,202,4.4,16.35,0.29,0.14,0.05,328
4/29/18 17:00,2,5,1,121,11,0,20.4,40.8,3,9,26,4,17,0,0,0,0,0,0,1,0,0,1,0,0,0,1,0,1,0,0,0,0,0,0,0,202,4.4,16.35,0.29,0.14,0.05,329
4/29/18 18:00,0,17,1,0,3,0,20.4,0,3,9,26,4,18,0,0,0,0,0,0,1,0,0,1,0,0,0,1,0,1,0,0,0,0,0,0,0,202,4.4,16.35,0.29,0.14,0.05,330
4/29/18 19:00,0,4,1,0,0,0,20.4,0,3,9,26,4,19,0,0,0,0,0,0,1,0,0,1,0,0,0,1,0,1,0,0,0,0,0,0,0,202,4.4,16.35,0.29,0.14,0.05,331
4/29/18 20:00,0,0,0,0,0,0,20.4,0,3,9,26,4,20,0,0,0,0,0,0,1,0,0,0,1,0,0,1,0,1,0,0,0,0,0,0,0,202,4.4,16.35,0.29,0.14,0.05,332
4/29/18 21:00,0,0,0,0,0,0,20.4,0,3,9,26,4,21,0,0,0,0,0,0,1,0,0,0,1,0,0,1,0,1,0,0,0,0,0,0,0,202,4.4,16.35,0.29,0.14,0.05,333
4/30/18 9:00,0,0,0,0,0,1,14.75,0,4,8,25,5,9,1,0,0,0,0,0,0,1,0,0,0,0,1,0,0,1,0,0,0,0,0,0,0,202,4.4,16.35,0.29,0.14,0.05,177
4/30/18 10:00,0,0,0,0,0,1,14.75,0,4,8,25,5,10,1,0,0,0,0,0,0,1,0,0,0,0,1,0,0,1,0,0,0,0,0,0,0,202,4.4,16.35,0.29,0.14,0.05,178
4/30/18 11:00,0,0,0,0,0,1,14.75,0,4,8,25,5,11,1,0,0,0,0,0,0,1,0,0,0,0,1,0,0,1,0,0,0,0,0,0,0,202,4.4,16.35,0.29,0.14,0.05,179
4/30/18 12:00,0,0,0,0,0,1,14.75,0,4,8,25,5,12,1,0,0,0,0,0,0,0,1,0,0,0,1,0,0,1,0,0,0,0,0,0,0,202,4.4,16.35,0.29,0.14,0.05,180
4/30/18 13:00,31,0,1,111,25,1,14.75,457.25,4,8,25,5,13,1,0,0,0,0,0,0,0,1,0,0,0,1,0,0,1,0,0,0,0,0,0,0,202,4.4,16.35,0.29,0.14,0.05,181
4/30/18 14:00,10,5,3,224,20,1,14.75,147.5,4,8,25,5,14,1,0,0,0,0,0,0,0,1,0,0,0,1,0,0,1,0,0,0,0,0,0,0,202,4.4,16.35,0.29,0.14,0.05,182
4/30/18 15:00,11,8,3,208,20,1,14.75,162.25,4,8,25,5,15,1,0,0,0,0,0,0,0,1,0,0,0,1,0,0,1,0,0,0,0,0,0,0,202,4.4,16.35,0.29,0.14,0.05,183
4/30/18 16:00,8,10,2,197,11,1,14.75,118,4,8,25,5,16,1,0,0,0,0,0,0,0,0,1,0,0,1,0,0,1,0,0,0,0,0,0,0,202,4.4,16.35,0.29,0.14,0.05,184
4/30/18 17:00,5,6,1,176,10,1,14.75,73.75,4,8,25,5,17,1,0,0,0,0,0,0,0,0,1,0,0,1,0,0,1,0,0,0,0,0,0,0,202,4.4,16.35,0.29,0.14,0.05,185
4/30/18 18:00,5,9,2,0,16,1,14.75,73.75,4,8,25,5,18,1,0,0,0,0,0,0,0,0,1,0,0,1,0,0,1,0,0,0,0,0,0,0,202,4.4,16.35,0.29,0.14,0.05,186
4/30/18 19:00,0,11,2,0,7,1,14.75,0,4,8,25,5,19,1,0,0,0,0,0,0,0,0,1,0,0,1,0,0,1,0,0,0,0,0,0,0,202,4.4,16.35,0.29,0.14,0.05,187
4/30/18 20:00,0,4,1,0,9,1,14.75,0,4,8,25,5,20,1,0,0,0,0,0,0,0,0,0,1,0,1,0,0,1,0,0,0,0,0,0,0,202,4.4,16.35,0.29,0.14,0.05,188
4/30/18 21:00,0,0,0,0,0,1,14.75,0,4,8,25,5,21,1,0,0,0,0,0,0,0,0,0,1,0,1,0,0,1,0,0,0,0,0,0,0,202,4.4,16.35,0.29,0.14,0.05,189
5/1/18 9:00,0,0,0,0,0,2,15.57142857,0,5,7,24,5,9,0,1,0,0,0,0,0,1,0,0,0,0,1,0,0,1,0,0,0,0,0,0,0,202,4.4,16.35,0.29,0.14,0.05,201
5/1/18 10:00,7,0,1,56,22,2,15.57142857,109,5,7,24,5,10,0,1,0,0,0,0,0,1,0,0,0,0,1,0,0,1,0,0,0,0,0,0,0,202,4.4,16.35,0.29,0.14,0.05,202
5/1/18 11:00,4,4,1,0,18,2,15.57142857,62.28571429,5,7,24,5,11,0,1,0,0,0,0,0,1,0,0,0,0,1,0,0,1,0,0,0,0,0,0,0,202,4.4,16.35,0.29,0.14,0.05,203
5/1/18 12:00,0,2,1,0,15,2,15.57142857,0,5,7,24,5,12,0,1,0,0,0,0,0,0,1,0,0,0,1,0,0,1,0,0,0,0,0,0,0,202,4.4,16.35,0.29,0.14,0.05,204
5/1/18 13:00,0,0,0,0,0,2,15.57142857,0,5,7,24,5,13,0,1,0,0,0,0,0,0,1,0,0,0,1,0,0,1,0,0,0,0,0,0,0,202,4.4,16.35,0.29,0.14,0.05,205
5/1/18 14:00,0,0,0,0,0,2,15.57142857,0,5,7,24,5,14,0,1,0,0,0,0,0,0,1,0,0,0,1,0,0,1,0,0,0,0,0,0,0,202,4.4,16.35,0.29,0.14,0.05,206
5/1/18 15:00,12,1,1,45,13,2,15.57142857,186.8571429,5,7,24,5,15,0,1,0,0,0,0,0,0,1,0,0,0,1,0,0,1,0,0,0,0,0,0,0,202,4.4,16.35,0.29,0.14,0.05,207
5/1/18 16:00,6,8,2,67,17,2,15.57142857,93.42857143,5,7,24,5,16,0,1,0,0,0,0,0,0,0,1,0,0,1,0,0,1,0,0,0,0,0,0,0,202,4.4,16.35,0.29,0.14,0.05,208
5/1/18 17:00,3,7,2,47,11,2,15.57142857,46.71428571,5,7,24,5,17,0,1,0,0,0,0,0,0,0,1,0,0,1,0,0,1,0,0,0,0,0,0,0,202,4.4,16.35,0.29,0.14,0.05,209
5/1/18 18:00,0,5,2,0,13,2,15.57142857,0,5,7,24,5,18,0,1,0,0,0,0,0,0,0,1,0,0,1,0,0,1,0,0,0,0,0,0,0,202,4.4,16.35,0.29,0.14,0.05,210
5/1/18 19:00,0,0,0,0,0,2,15.57142857,0,5,7,24,5,19,0,1,0,0,0,0,0,0,0,1,0,0,1,0,0,1,0,0,0,0,0,0,0,202,4.4,16.35,0.29,0.14,0.05,211
5/1/18 20:00,0,0,0,0,0,2,15.57142857,0,5,7,24,5,20,0,1,0,0,0,0,0,0,0,0,1,0,1,0,0,1,0,0,0,0,0,0,0,202,4.4,16.35,0.29,0.14,0.05,212
5/1/18 21:00,0,0,0,0,0,2,15.57142857,0,5,7,24,5,21,0,1,0,0,0,0,0,0,0,0,1,0,1,0,0,1,0,0,0,0,0,0,0,202,4.4,16.35,0.29,0.14,0.05,213
5/2/18 9:00,0,0,0,0,0,3,23.14285714,0,6,6,23,5,9,0,0,1,0,0,0,0,1,0,0,0,1,0,0,0,1,0,0,0,0,0,0,0,202,4.4,16.35,0.29,0.14,0.05,225
5/2/18 10:00,0,0,0,0,0,3,23.14285714,0,6,6,23,5,10,0,0,1,0,0,0,0,1,0,0,0,1,0,0,0,1,0,0,0,0,0,0,0,202,4.4,16.35,0.29,0.14,0.05,226
5/2/18 11:00,0,0,0,0,0,3,23.14285714,0,6,6,23,5,11,0,0,1,0,0,0,0,1,0,0,0,1,0,0,0,1,0,0,0,0,0,0,0,202,4.4,16.35,0.29,0.14,0.05,227
5/2/18 12:00,18,2,2,28,10,3,23.14285714,416.5714286,6,6,23,5,12,0,0,1,0,0,0,0,0,1,0,0,1,0,0,0,1,0,0,0,0,0,0,0,202,4.4,16.35,0.29,0.14,0.05,228
5/2/18 13:00,14,11,3,72,17,3,23.14285714,324,6,6,23,5,13,0,0,1,0,0,0,0,0,1,0,0,1,0,0,0,1,0,0,0,0,0,0,0,202,4.4,16.35,0.29,0.14,0.05,229
5/2/18 14:00,11,9,4,75,15,3,23.14285714,254.5714286,6,6,23,5,14,0,0,1,0,0,0,0,0,1,0,0,1,0,0,0,1,0,0,0,0,0,0,0,202,4.4,16.35,0.29,0.14,0.05,230
5/2/18 15:00,11,9,3,53,20,3,23.14285714,254.5714286,6,6,23,5,15,0,0,1,0,0,0,0,0,1,0,0,1,0,0,0,1,0,0,0,0,0,0,0,202,4.4,16.35,0.29,0.14,0.05,231
5/2/18 16:00,10,11,3,44,28,3,23.14285714,231.4285714,6,6,23,5,16,0,0,1,0,0,0,0,0,0,1,0,1,0,0,0,1,0,0,0,0,0,0,0,202,4.4,16.35,0.29,0.14,0.05,232
5/2/18 17:00,16,5,1,56,15,3,23.14285714,370.2857143,6,6,23,5,17,0,0,1,0,0,0,0,0,0,1,0,1,0,0,0,1,0,0,0,0,0,0,0,202,4.4,16.35,0.29,0.14,0.05,233
5/2/18 18:00,7,4,1,0,57,3,23.14285714,162,6,6,23,5,18,0,0,1,0,0,0,0,0,0,1,0,1,0,0,0,1,0,0,0,0,0,0,0,202,4.4,16.35,0.29,0.14,0.05,234
5/2/18 19:00,0,1,0,0,0,3,23.14285714,0,6,6,23,5,19,0,0,1,0,0,0,0,0,0,1,0,1,0,0,0,1,0,0,0,0,0,0,0,202,4.4,16.35,0.29,0.14,0.05,235
5/2/18 20:00,0,0,0,0,0,3,23.14285714,0,6,6,23,5,20,0,0,1,0,0,0,0,0,0,0,1,1,0,0,0,1,0,0,0,0,0,0,0,202,4.4,16.35,0.29,0.14,0.05,236
5/2/18 21:00,0,0,0,0,0,3,23.14285714,0,6,6,23,5,21,0,0,1,0,0,0,0,0,0,0,1,1,0,0,0,1,0,0,0,0,0,0,0,202,4.4,16.35,0.29,0.14,0.05,237
5/3/18 9:00,0,0,0,0,0,4,17.83333333,0,7,5,22,5,9,0,0,0,1,0,0,0,1,0,0,0,1,0,0,0,0,1,0,0,0,0,0,0,202,4.4,16.35,0.29,0.14,0.05,249
5/3/18 10:00,1,1,1,0,18,4,17.83333333,17.83333333,7,5,22,5,10,0,0,0,1,0,0,0,1,0,0,0,1,0,0,0,0,1,0,0,0,0,0,0,202,4.4,16.35,0.29,0.14,0.05,250
5/3/18 11:00,0,0,0,0,0,4,17.83333333,0,7,5,22,5,11,0,0,0,1,0,0,0,1,0,0,0,1,0,0,0,0,1,0,0,0,0,0,0,202,4.4,16.35,0.29,0.14,0.05,251
5/3/18 12:00,0,0,0,0,0,4,17.83333333,0,7,5,22,5,12,0,0,0,1,0,0,0,0,1,0,0,1,0,0,0,0,1,0,0,0,0,0,0,202,4.4,16.35,0.29,0.14,0.05,252
5/3/18 13:00,9,2,2,30,15,4,17.83333333,160.5,7,5,22,5,13,0,0,0,1,0,0,0,0,1,0,0,1,0,0,0,0,1,0,0,0,0,0,0,202,4.4,16.35,0.29,0.14,0.05,253
5/3/18 14:00,11,9,2,34,23,4,17.83333333,196.1666667,7,5,22,5,14,0,0,0,1,0,0,0,0,1,0,0,1,0,0,0,0,1,0,0,0,0,0,0,202,4.4,16.35,0.29,0.14,0.05,254
5/3/18 15:00,11,7,2,166,16,4,17.83333333,196.1666667,7,5,22,5,15,0,0,0,1,0,0,0,0,1,0,0,1,0,0,0,0,1,0,0,0,0,0,0,202,4.4,16.35,0.29,0.14,0.05,255
5/3/18 16:00,9,9,3,31,23,4,17.83333333,160.5,7,5,22,5,16,0,0,0,1,0,0,0,0,0,1,0,1,0,0,0,0,1,0,0,0,0,0,0,202,4.4,16.35,0.29,0.14,0.05,256
5/3/18 17:00,8,12,2,16,12,4,17.83333333,142.6666667,7,5,22,5,17,0,0,0,1,0,0,0,0,0,1,0,1,0,0,0,0,1,0,0,0,0,0,0,202,4.4,16.35,0.29,0.14,0.05,257
5/3/18 18:00,0,3,0,0,0,4,17.83333333,0,7,5,22,5,18,0,0,0,1,0,0,0,0,0,1,0,1,0,0,0,0,1,0,0,0,0,0,0,202,4.4,16.35,0.29,0.14,0.05,258
5/3/18 19:00,0,0,0,0,0,4,17.83333333,0,7,5,22,5,19,0,0,0,1,0,0,0,0,0,1,0,1,0,0,0,0,1,0,0,0,0,0,0,202,4.4,16.35,0.29,0.14,0.05,259
5/3/18 20:00,0,0,0,0,0,4,17.83333333,0,7,5,22,5,20,0,0,0,1,0,0,0,0,0,0,1,1,0,0,0,0,1,0,0,0,0,0,0,202,4.4,16.35,0.29,0.14,0.05,260
5/3/18 21:00,0,0,0,0,0,4,17.83333333,0,7,5,22,5,21,0,0,0,1,0,0,0,0,0,0,1,1,0,0,0,0,1,0,0,0,0,0,0,202,4.4,16.35,0.29,0.14,0.05,261
5/4/18 9:00,0,0,0,0,0,5,14.33333333,0,8,4,21,5,9,0,0,0,0,1,0,0,1,0,0,0,1,0,0,0,0,1,0,0,0,0,0,0,202,4.4,16.35,0.29,0.14,0.05,273
5/4/18 10:00,0,0,0,0,0,5,14.33333333,0,8,4,21,5,10,0,0,0,0,1,0,0,1,0,0,0,1,0,0,0,0,1,0,0,0,0,0,0,202,4.4,16.35,0.29,0.14,0.05,274
5/4/18 11:00,0,0,0,0,0,5,14.33333333,0,8,4,21,5,11,0,0,0,0,1,0,0,1,0,0,0,1,0,0,0,0,1,0,0,0,0,0,0,202,4.4,16.35,0.29,0.14,0.05,275
5/4/18 12:00,0,0,0,0,0,5,14.33333333,0,8,4,21,5,12,0,0,0,0,1,0,0,0,1,0,0,1,0,0,0,0,1,0,0,0,0,0,0,202,4.4,16.35,0.29,0.14,0.05,276
5/4/18 13:00,0,0,0,0,0,5,14.33333333,0,8,4,21,5,13,0,0,0,0,1,0,0,0,1,0,0,1,0,0,0,0,1,0,0,0,0,0,0,202,4.4,16.35,0.29,0.14,0.05,277
5/4/18 14:00,0,0,0,0,0,5,14.33333333,0,8,4,21,5,14,0,0,0,0,1,0,0,0,1,0,0,1,0,0,0,0,1,0,0,0,0,0,0,202,4.4,16.35,0.29,0.14,0.05,278
5/4/18 15:00,23,4,2,62,23,5,14.33333333,329.6666667,8,4,21,5,15,0,0,0,0,1,0,0,0,1,0,0,1,0,0,0,0,1,0,0,0,0,0,0,202,4.4,16.35,0.29,0.14,0.05,279
5/4/18 16:00,1,11,2,0,13,5,14.33333333,14.33333333,8,4,21,5,16,0,0,0,0,1,0,0,0,0,1,0,1,0,0,0,0,1,0,0,0,0,0,0,202,4.4,16.35,0.29,0.14,0.05,280
5/4/18 17:00,0,6,1,0,7,5,14.33333333,0,8,4,21,5,17,0,0,0,0,1,0,0,0,0,1,0,1,0,0,0,0,1,0,0,0,0,0,0,202,4.4,16.35,0.29,0.14,0.05,281
5/4/18 18:00,0,0,0,0,0,5,14.33333333,0,8,4,21,5,18,0,0,0,0,1,0,0,0,0,1,0,1,0,0,0,0,1,0,0,0,0,0,0,202,4.4,16.35,0.29,0.14,0.05,282
5/4/18 19:00,0,0,0,0,0,5,14.33333333,0,8,4,21,5,19,0,0,0,0,1,0,0,0,0,1,0,1,0,0,0,0,1,0,0,0,0,0,0,202,4.4,16.35,0.29,0.14,0.05,283
5/4/18 20:00,0,0,0,0,0,5,14.33333333,0,8,4,21,5,20,0,0,0,0,1,0,0,0,0,0,1,1,0,0,0,0,1,0,0,0,0,0,0,202,4.4,16.35,0.29,0.14,0.05,284
5/4/18 21:00,0,0,0,0,0,5,14.33333333,0,8,4,21,5,21,0,0,0,0,1,0,0,0,0,0,1,1,0,0,0,0,1,0,0,0,0,0,0,202,4.4,16.35,0.29,0.14,0.05,285
5/6/18 9:00,0,0,0,0,0,0,16.6,0,10,2,19,5,9,0,0,0,0,0,0,1,1,0,0,0,1,0,0,0,0,0,1,0,0,0,0,0,202,4.4,16.35,0.29,0.14,0.05,321
5/6/18 10:00,0,0,0,0,0,0,16.6,0,10,2,19,5,10,0,0,0,0,0,0,1,1,0,0,0,1,0,0,0,0,0,1,0,0,0,0,0,202,4.4,16.35,0.29,0.14,0.05,322
5/6/18 11:00,0,0,0,0,0,0,16.6,0,10,2,19,5,11,0,0,0,0,0,0,1,1,0,0,0,1,0,0,0,0,0,1,0,0,0,0,0,202,4.4,16.35,0.29,0.14,0.05,323
5/6/18 12:00,0,0,0,0,0,0,16.6,0,10,2,19,5,12,0,0,0,0,0,0,1,0,1,0,0,1,0,0,0,0,0,1,0,0,0,0,0,202,4.4,16.35,0.29,0.14,0.05,324
5/6/18 13:00,0,0,0,0,0,0,16.6,0,10,2,19,5,13,0,0,0,0,0,0,1,0,1,0,0,1,0,0,0,0,0,1,0,0,0,0,0,202,4.4,16.35,0.29,0.14,0.05,325
5/6/18 14:00,35,5,2,117,12,0,16.6,581,10,2,19,5,14,0,0,0,0,0,0,1,0,1,0,0,1,0,0,0,0,0,1,0,0,0,0,0,202,4.4,16.35,0.29,0.14,0.05,326
5/6/18 15:00,1,9,2,214,13,0,16.6,16.6,10,2,19,5,15,0,0,0,0,0,0,1,0,1,0,0,1,0,0,0,0,0,1,0,0,0,0,0,202,4.4,16.35,0.29,0.14,0.05,327
5/6/18 16:00,0,8,2,0,27,0,16.6,0,10,2,19,5,16,0,0,0,0,0,0,1,0,0,1,0,1,0,0,0,0,0,1,0,0,0,0,0,202,4.4,16.35,0.29,0.14,0.05,328
5/6/18 17:00,0,5,1,0,23,0,16.6,0,10,2,19,5,17,0,0,0,0,0,0,1,0,0,1,0,1,0,0,0,0,0,1,0,0,0,0,0,202,4.4,16.35,0.29,0.14,0.05,329
5/6/18 18:00,0,8,1,0,8,0,16.6,0,10,2,19,5,18,0,0,0,0,0,0,1,0,0,1,0,1,0,0,0,0,0,1,0,0,0,0,0,202,4.4,16.35,0.29,0.14,0.05,330
5/6/18 19:00,0,0,0,0,0,0,16.6,0,10,2,19,5,19,0,0,0,0,0,0,1,0,0,1,0,1,0,0,0,0,0,1,0,0,0,0,0,202,4.4,16.35,0.29,0.14,0.05,331
5/6/18 20:00,0,0,0,0,0,0,16.6,0,10,2,19,5,20,0,0,0,0,0,0,1,0,0,0,1,1,0,0,0,0,0,1,0,0,0,0,0,202,4.4,16.35,0.29,0.14,0.05,332
5/6/18 21:00,0,0,0,0,0,0,16.6,0,10,2,19,5,21,0,0,0,0,0,0,1,0,0,0,1,1,0,0,0,0,0,1,0,0,0,0,0,202,4.4,16.35,0.29,0.14,0.05,333
5/7/18 9:00,0,0,0,0,0,1,21,0,11,1,18,6,9,1,0,0,0,0,0,0,1,0,0,0,0,0,0,0,0,0,0,1,0,0,0,0,202,4.4,16.35,0.29,0.14,0.05,177
5/7/18 10:00,0,0,0,0,0,1,21,0,11,1,18,6,10,1,0,0,0,0,0,0,1,0,0,0,0,0,0,0,0,0,0,1,0,0,0,0,202,4.4,16.35,0.29,0.14,0.05,178
5/7/18 11:00,0,0,0,0,0,1,21,0,11,1,18,6,11,1,0,0,0,0,0,0,1,0,0,0,0,0,0,0,0,0,0,1,0,0,0,0,202,4.4,16.35,0.29,0.14,0.05,179
5/7/18 12:00,0,0,0,0,0,1,21,0,11,1,18,6,12,1,0,0,0,0,0,0,0,1,0,0,0,0,0,0,0,0,0,1,0,0,0,0,202,4.4,16.35,0.29,0.14,0.05,180
5/7/18 13:00,35,0,1,149,21,1,21,735,11,1,18,6,13,1,0,0,0,0,0,0,0,1,0,0,0,0,0,0,0,0,0,1,0,0,0,0,202,4.4,16.35,0.29,0.14,0.05,181
5/7/18 14:00,13,7,2,322,13,1,21,273,11,1,18,6,14,1,0,0,0,0,0,0,0,1,0,0,0,0,0,0,0,0,0,1,0,0,0,0,202,4.4,16.35,0.29,0.14,0.05,182
5/7/18 15:00,7,6,2,529,19,1,21,147,11,1,18,6,15,1,0,0,0,0,0,0,0,1,0,0,0,0,0,0,0,0,0,1,0,0,0,0,202,4.4,16.35,0.29,0.14,0.05,183
5/7/18 16:00,9,7,2,0,13,1,21,189,11,1,18,6,16,1,0,0,0,0,0,0,0,0,1,0,0,0,0,0,0,0,0,1,0,0,0,0,202,4.4,16.35,0.29,0.14,0.05,184
5/7/18 17:00,2,3,2,0,26,1,21,42,11,1,18,6,17,1,0,0,0,0,0,0,0,0,1,0,0,0,0,0,0,0,0,1,0,0,0,0,202,4.4,16.35,0.29,0.14,0.05,185
5/7/18 18:00,3,4,2,989,20,1,21,63,11,1,18,6,18,1,0,0,0,0,0,0,0,0,1,0,0,0,0,0,0,0,0,1,0,0,0,0,202,4.4,16.35,0.29,0.14,0.05,186
5/7/18 19:00,0,8,3,0,21,1,21,0,11,1,18,6,19,1,0,0,0,0,0,0,0,0,1,0,0,0,0,0,0,0,0,1,0,0,0,0,202,4.4,16.35,0.29,0.14,0.05,187
5/7/18 20:00,0,5,2,0,35,1,21,0,11,1,18,6,20,1,0,0,0,0,0,0,0,0,0,1,0,0,0,0,0,0,0,1,0,0,0,0,202,4.4,16.35,0.29,0.14,0.05,188
5/7/18 21:00,0,3,0,0,0,1,21,0,11,1,18,6,21,1,0,0,0,0,0,0,0,0,0,1,0,0,0,0,0,0,0,1,0,0,0,0,202,4.4,16.35,0.29,0.14,0.05,189
5/8/18 9:00,0,0,0,0,0,2,24.125,0,12,0,17,6,9,0,1,0,0,0,0,0,1,0,0,0,0,0,0,0,0,0,0,1,0,0,0,0,202,4.4,16.35,0.29,0.14,0.05,201
5/8/18 10:00,9,1,1,75,50,2,24.125,217.125,12,0,17,6,10,0,1,0,0,0,0,0,1,0,0,0,0,0,0,0,0,0,0,1,0,0,0,0,202,4.4,16.35,0.29,0.14,0.05,202
5/8/18 11:00,6,7,1,191,17,2,24.125,144.75,12,0,17,6,11,0,1,0,0,0,0,0,1,0,0,0,0,0,0,0,0,0,0,1,0,0,0,0,202,4.4,16.35,0.29,0.14,0.05,203
5/8/18 12:00,6,1,0,122,0,2,24.125,144.75,12,0,17,6,12,0,1,0,0,0,0,0,0,1,0,0,0,0,0,0,0,0,0,1,0,0,0,0,202,4.4,16.35,0.29,0.14,0.05,204
5/8/18 13:00,4,0,1,132,6,2,24.125,96.5,12,0,17,6,13,0,1,0,0,0,0,0,0,1,0,0,0,0,0,0,0,0,0,1,0,0,0,0,202,4.4,16.35,0.29,0.14,0.05,205
5/8/18 14:00,7,4,1,118,27,2,24.125,168.875,12,0,17,6,14,0,1,0,0,0,0,0,0,1,0,0,0,0,0,0,0,0,0,1,0,0,0,0,202,4.4,16.35,0.29,0.14,0.05,206
5/8/18 15:00,11,5,2,120,62,2,24.125,265.375,12,0,17,6,15,0,1,0,0,0,0,0,0,1,0,0,0,0,0,0,0,0,0,1,0,0,0,0,202,4.4,16.35,0.29,0.14,0.05,207
5/8/18 16:00,6,6,2,106,18,2,24.125,144.75,12,0,17,6,16,0,1,0,0,0,0,0,0,0,1,0,0,0,0,0,0,0,0,1,0,0,0,0,202,4.4,16.35,0.29,0.14,0.05,208
5/8/18 17:00,0,10,2,0,10,2,24.125,0,12,0,17,6,17,0,1,0,0,0,0,0,0,0,1,0,0,0,0,0,0,0,0,1,0,0,0,0,202,4.4,16.35,0.29,0.14,0.05,209
5/8/18 18:00,0,8,2,0,3,2,24.125,0,12,0,17,6,18,0,1,0,0,0,0,0,0,0,1,0,0,0,0,0,0,0,0,1,0,0,0,0,202,4.4,16.35,0.29,0.14,0.05,210
5/8/18 19:00,0,0,0,0,0,2,24.125,0,12,0,17,6,19,0,1,0,0,0,0,0,0,0,1,0,0,0,0,0,0,0,0,1,0,0,0,0,202,4.4,16.35,0.29,0.14,0.05,211
5/8/18 20:00,0,0,0,0,0,2,24.125,0,12,0,17,6,20,0,1,0,0,0,0,0,0,0,0,1,0,0,0,0,0,0,0,1,0,0,0,0,202,4.4,16.35,0.29,0.14,0.05,212
5/8/18 21:00,0,0,0,0,0,2,24.125,0,12,0,17,6,21,0,1,0,0,0,0,0,0,0,0,1,0,0,0,0,0,0,0,1,0,0,0,0,202,4.4,16.35,0.29,0.14,0.05,213
5/9/18 9:00,0,0,0,0,0,3,17.125,0,1,6,16,6,9,0,0,1,0,0,0,0,1,0,0,0,0,0,0,1,1,0,0,0,0,0,0,0,202,4.4,16.35,0.29,0.14,0.05,225
5/9/18 10:00,0,0,0,0,0,3,17.125,0,1,6,16,6,10,0,0,1,0,0,0,0,1,0,0,0,0,0,0,1,1,0,0,0,0,0,0,0,202,4.4,16.35,0.29,0.14,0.05,226
5/9/18 11:00,0,0,0,0,0,3,17.125,0,1,6,16,6,11,0,0,1,0,0,0,0,1,0,0,0,0,0,0,1,1,0,0,0,0,0,0,0,202,4.4,16.35,0.29,0.14,0.05,227
5/9/18 12:00,24,0,2,50,19,3,17.125,411,1,6,16,6,12,0,0,1,0,0,0,0,0,1,0,0,0,0,0,1,1,0,0,0,0,0,0,0,202,4.4,16.35,0.29,0.14,0.05,228
5/9/18 13:00,16,8,4,111,19,3,17.125,274,1,6,16,6,13,0,0,1,0,0,0,0,0,1,0,0,0,0,0,1,1,0,0,0,0,0,0,0,202,4.4,16.35,0.29,0.14,0.05,229
5/9/18 14:00,11,11,4,151,24,3,17.125,188.375,1,6,16,6,14,0,0,1,0,0,0,0,0,1,0,0,0,0,0,1,1,0,0,0,0,0,0,0,202,4.4,16.35,0.29,0.14,0.05,230
5/9/18 15:00,13,10,3,168,14,3,17.125,222.625,1,6,16,6,15,0,0,1,0,0,0,0,0,1,0,0,0,0,0,1,1,0,0,0,0,0,0,0,202,4.4,16.35,0.29,0.14,0.05,231
5/9/18 16:00,8,7,2,191,28,3,17.125,137,1,6,16,6,16,0,0,1,0,0,0,0,0,0,1,0,0,0,0,1,1,0,0,0,0,0,0,0,202,4.4,16.35,0.29,0.14,0.05,232
5/9/18 17:00,3,7,2,0,16,3,17.125,51.375,1,6,16,6,17,0,0,1,0,0,0,0,0,0,1,0,0,0,0,1,1,0,0,0,0,0,0,0,202,4.4,16.35,0.29,0.14,0.05,233
5/9/18 18:00,3,5,2,0,7,3,17.125,51.375,1,6,16,6,18,0,0,1,0,0,0,0,0,0,1,0,0,0,0,1,1,0,0,0,0,0,0,0,202,4.4,16.35,0.29,0.14,0.05,234
5/9/18 19:00,0,3,2,0,10,3,17.125,0,1,6,16,6,19,0,0,1,0,0,0,0,0,0,1,0,0,0,0,1,1,0,0,0,0,0,0,0,202,4.4,16.35,0.29,0.14,0.05,235
5/9/18 20:00,0,0,0,0,0,3,17.125,0,1,6,16,6,20,0,0,1,0,0,0,0,0,0,0,1,0,0,0,1,1,0,0,0,0,0,0,0,202,4.4,16.35,0.29,0.14,0.05,236
5/9/18 21:00,0,0,0,0,0,3,17.125,0,1,6,16,6,21,0,0,1,0,0,0,0,0,0,0,1,0,0,0,1,1,0,0,0,0,0,0,0,202,4.4,16.35,0.29,0.14,0.05,237
5/10/18 9:00,0,0,0,0,0,4,24,0,2,5,15,6,9,0,0,0,1,0,0,0,1,0,0,0,0,0,1,0,0,1,0,0,0,0,0,0,202,4.4,16.35,0.29,0.14,0.05,249
5/10/18 10:00,0,0,0,0,0,4,24,0,2,5,15,6,10,0,0,0,1,0,0,0,1,0,0,0,0,0,1,0,0,1,0,0,0,0,0,0,202,4.4,16.35,0.29,0.14,0.05,250
5/10/18 11:00,0,0,0,0,0,4,24,0,2,5,15,6,11,0,0,0,1,0,0,0,1,0,0,0,0,0,1,0,0,1,0,0,0,0,0,0,202,4.4,16.35,0.29,0.14,0.05,251
5/10/18 12:00,0,0,0,0,0,4,24,0,2,5,15,6,12,0,0,0,1,0,0,0,0,1,0,0,0,0,1,0,0,1,0,0,0,0,0,0,202,4.4,16.35,0.29,0.14,0.05,252
5/10/18 13:00,12,1,3,34,32,4,24,288,2,5,15,6,13,0,0,0,1,0,0,0,0,1,0,0,0,0,1,0,0,1,0,0,0,0,0,0,202,4.4,16.35,0.29,0.14,0.05,253
5/10/18 14:00,8,7,3,69,21,4,24,192,2,5,15,6,14,0,0,0,1,0,0,0,0,1,0,0,0,0,1,0,0,1,0,0,0,0,0,0,202,4.4,16.35,0.29,0.14,0.05,254
5/10/18 15:00,9,7,2,96,25,4,24,216,2,5,15,6,15,0,0,0,1,0,0,0,0,1,0,0,0,0,1,0,0,1,0,0,0,0,0,0,202,4.4,16.35,0.29,0.14,0.05,255
5/10/18 16:00,5,2,2,0,29,4,24,120,2,5,15,6,16,0,0,0,1,0,0,0,0,0,1,0,0,0,1,0,0,1,0,0,0,0,0,0,202,4.4,16.35,0.29,0.14,0.05,256
5/10/18 17:00,0,3,1,0,13,4,24,0,2,5,15,6,17,0,0,0,1,0,0,0,0,0,1,0,0,0,1,0,0,1,0,0,0,0,0,0,202,4.4,16.35,0.29,0.14,0.05,257
5/10/18 18:00,0,0,0,0,0,4,24,0,2,5,15,6,18,0,0,0,1,0,0,0,0,0,1,0,0,0,1,0,0,1,0,0,0,0,0,0,202,4.4,16.35,0.29,0.14,0.05,258
5/10/18 19:00,0,0,0,0,0,4,24,0,2,5,15,6,19,0,0,0,1,0,0,0,0,0,1,0,0,0,1,0,0,1,0,0,0,0,0,0,202,4.4,16.35,0.29,0.14,0.05,259
5/10/18 20:00,0,0,0,0,0,4,24,0,2,5,15,6,20,0,0,0,1,0,0,0,0,0,0,1,0,0,1,0,0,1,0,0,0,0,0,0,202,4.4,16.35,0.29,0.14,0.05,260
5/10/18 21:00,0,0,0,0,0,4,24,0,2,5,15,6,21,0,0,0,1,0,0,0,0,0,0,1,0,0,1,0,0,1,0,0,0,0,0,0,202,4.4,16.35,0.29,0.14,0.05,261
5/11/18 9:00,0,0,0,0,0,5,27.5,0,3,4,14,6,9,0,0,0,0,1,0,0,1,0,0,0,0,0,1,0,0,1,0,0,0,0,0,0,202,4.4,16.35,0.29,0.14,0.05,273
5/11/18 10:00,8,4,2,11,18,5,27.5,220,3,4,14,6,10,0,0,0,0,1,0,0,1,0,0,0,0,0,1,0,0,1,0,0,0,0,0,0,202,4.4,16.35,0.29,0.14,0.05,274
5/11/18 11:00,4,2,1,10,37,5,27.5,110,3,4,14,6,11,0,0,0,0,1,0,0,1,0,0,0,0,0,1,0,0,1,0,0,0,0,0,0,202,4.4,16.35,0.29,0.14,0.05,275
5/11/18 12:00,1,1,0,0,0,5,27.5,27.5,3,4,14,6,12,0,0,0,0,1,0,0,0,1,0,0,0,0,1,0,0,1,0,0,0,0,0,0,202,4.4,16.35,0.29,0.14,0.05,276
5/11/18 13:00,0,0,0,0,0,5,27.5,0,3,4,14,6,13,0,0,0,0,1,0,0,0,1,0,0,0,0,1,0,0,1,0,0,0,0,0,0,202,4.4,16.35,0.29,0.14,0.05,277
5/11/18 14:00,0,0,0,0,0,5,27.5,0,3,4,14,6,14,0,0,0,0,1,0,0,0,1,0,0,0,0,1,0,0,1,0,0,0,0,0,0,202,4.4,16.35,0.29,0.14,0.05,278
5/11/18 15:00,0,0,0,0,0,5,27.5,0,3,4,14,6,15,0,0,0,0,1,0,0,0,1,0,0,0,0,1,0,0,1,0,0,0,0,0,0,202,4.4,16.35,0.29,0.14,0.05,279
5/11/18 16:00,0,0,0,0,0,5,27.5,0,3,4,14,6,16,0,0,0,0,1,0,0,0,0,1,0,0,0,1,0,0,1,0,0,0,0,0,0,202,4.4,16.35,0.29,0.14,0.05,280
5/11/18 17:00,0,0,0,0,0,5,27.5,0,3,4,14,6,17,0,0,0,0,1,0,0,0,0,1,0,0,0,1,0,0,1,0,0,0,0,0,0,202,4.4,16.35,0.29,0.14,0.05,281
5/11/18 18:00,0,0,0,0,0,5,27.5,0,3,4,14,6,18,0,0,0,0,1,0,0,0,0,1,0,0,0,1,0,0,1,0,0,0,0,0,0,202,4.4,16.35,0.29,0.14,0.05,282
5/11/18 19:00,0,0,0,0,0,5,27.5,0,3,4,14,6,19,0,0,0,0,1,0,0,0,0,1,0,0,0,1,0,0,1,0,0,0,0,0,0,202,4.4,16.35,0.29,0.14,0.05,283
5/11/18 20:00,0,0,0,0,0,5,27.5,0,3,4,14,6,20,0,0,0,0,1,0,0,0,0,0,1,0,0,1,0,0,1,0,0,0,0,0,0,202,4.4,16.35,0.29,0.14,0.05,284
5/11/18 21:00,0,0,0,0,0,5,27.5,0,3,4,14,6,21,0,0,0,0,1,0,0,0,0,0,1,0,0,1,0,0,1,0,0,0,0,0,0,202,4.4,16.35,0.29,0.14,0.05,285
5/13/18 9:00,0,0,0,0,0,0,15,0,5,2,12,6,9,0,0,0,0,0,0,1,1,0,0,0,0,1,0,0,0,0,1,0,0,0,0,0,202,4.4,16.35,0.29,0.14,0.05,321
5/13/18 10:00,0,0,0,0,0,0,15,0,5,2,12,6,10,0,0,0,0,0,0,1,1,0,0,0,0,1,0,0,0,0,1,0,0,0,0,0,202,4.4,16.35,0.29,0.14,0.05,322
5/13/18 11:00,0,0,0,0,0,0,15,0,5,2,12,6,11,0,0,0,0,0,0,1,1,0,0,0,0,1,0,0,0,0,1,0,0,0,0,0,202,4.4,16.35,0.29,0.14,0.05,323
5/13/18 12:00,0,0,0,0,0,0,15,0,5,2,12,6,12,0,0,0,0,0,0,1,0,1,0,0,0,1,0,0,0,0,1,0,0,0,0,0,202,4.4,16.35,0.29,0.14,0.05,324
5/13/18 13:00,0,0,0,0,0,0,15,0,5,2,12,6,13,0,0,0,0,0,0,1,0,1,0,0,0,1,0,0,0,0,1,0,0,0,0,0,202,4.4,16.35,0.29,0.14,0.05,325
5/13/18 14:00,0,0,0,0,0,0,15,0,5,2,12,6,14,0,0,0,0,0,0,1,0,1,0,0,0,1,0,0,0,0,1,0,0,0,0,0,202,4.4,16.35,0.29,0.14,0.05,326
5/13/18 15:00,0,0,0,0,0,0,15,0,5,2,12,6,15,0,0,0,0,0,0,1,0,1,0,0,0,1,0,0,0,0,1,0,0,0,0,0,202,4.4,16.35,0.29,0.14,0.05,327
5/13/18 16:00,0,0,0,0,0,0,15,0,5,2,12,6,16,0,0,0,0,0,0,1,0,0,1,0,0,1,0,0,0,0,1,0,0,0,0,0,202,4.4,16.35,0.29,0.14,0.05,328
5/13/18 17:00,0,0,0,0,0,0,15,0,5,2,12,6,17,0,0,0,0,0,0,1,0,0,1,0,0,1,0,0,0,0,1,0,0,0,0,0,202,4.4,16.35,0.29,0.14,0.05,329
5/13/18 18:00,0,0,0,0,0,0,15,0,5,2,12,6,18,0,0,0,0,0,0,1,0,0,1,0,0,1,0,0,0,0,1,0,0,0,0,0,202,4.4,16.35,0.29,0.14,0.05,330
5/13/18 19:00,0,0,0,0,0,0,15,0,5,2,12,6,19,0,0,0,0,0,0,1,0,0,1,0,0,1,0,0,0,0,1,0,0,0,0,0,202,4.4,16.35,0.29,0.14,0.05,331
5/13/18 20:00,0,0,0,0,0,0,15,0,5,2,12,6,20,0,0,0,0,0,0,1,0,0,0,1,0,1,0,0,0,0,1,0,0,0,0,0,202,4.4,16.35,0.29,0.14,0.05,332
5/13/18 21:00,0,0,0,0,0,0,15,0,5,2,12,6,21,0,0,0,0,0,0,1,0,0,0,1,0,1,0,0,0,0,1,0,0,0,0,0,202,4.4,16.35,0.29,0.14,0.05,333
5/14/18 9:00,0,0,0,0,0,1,11.33333333,0,6,1,11,7,9,1,0,0,0,0,0,0,1,0,0,0,1,0,0,0,0,0,0,1,0,0,0,0,202,4.4,16.35,0.29,0.14,0.05,177
5/14/18 10:00,0,0,0,0,0,1,11.33333333,0,6,1,11,7,10,1,0,0,0,0,0,0,1,0,0,0,1,0,0,0,0,0,0,1,0,0,0,0,202,4.4,16.35,0.29,0.14,0.05,178
5/14/18 11:00,0,0,0,0,0,1,11.33333333,0,6,1,11,7,11,1,0,0,0,0,0,0,1,0,0,0,1,0,0,0,0,0,0,1,0,0,0,0,202,4.4,16.35,0.29,0.14,0.05,179
5/14/18 12:00,0,0,0,0,0,1,11.33333333,0,6,1,11,7,12,1,0,0,0,0,0,0,0,1,0,0,1,0,0,0,0,0,0,1,0,0,0,0,202,4.4,16.35,0.29,0.14,0.05,180
5/14/18 13:00,2,1,1,0,14,1,11.33333333,22.66666667,6,1,11,7,13,1,0,0,0,0,0,0,0,1,0,0,1,0,0,0,0,0,0,1,0,0,0,0,202,4.4,16.35,0.29,0.14,0.05,181
5/14/18 14:00,4,4,1,5,9,1,11.33333333,45.33333333,6,1,11,7,14,1,0,0,0,0,0,0,0,1,0,0,1,0,0,0,0,0,0,1,0,0,0,0,202,4.4,16.35,0.29,0.14,0.05,182
5/14/18 15:00,4,2,2,3,23,1,11.33333333,45.33333333,6,1,11,7,15,1,0,0,0,0,0,0,0,1,0,0,1,0,0,0,0,0,0,1,0,0,0,0,202,4.4,16.35,0.29,0.14,0.05,183
5/14/18 16:00,3,5,1,9,11,1,11.33333333,34,6,1,11,7,16,1,0,0,0,0,0,0,0,0,1,0,1,0,0,0,0,0,0,1,0,0,0,0,202,4.4,16.35,0.29,0.14,0.05,184
5/14/18 17:00,0,0,0,0,0,1,11.33333333,0,6,1,11,7,17,1,0,0,0,0,0,0,0,0,1,0,1,0,0,0,0,0,0,1,0,0,0,0,202,4.4,16.35,0.29,0.14,0.05,185
5/14/18 18:00,4,3,2,0,8,1,11.33333333,45.33333333,6,1,11,7,18,1,0,0,0,0,0,0,0,0,1,0,1,0,0,0,0,0,0,1,0,0,0,0,202,4.4,16.35,0.29,0.14,0.05,186
5/14/18 19:00,3,3,1,1,3,1,11.33333333,34,6,1,11,7,19,1,0,0,0,0,0,0,0,0,1,0,1,0,0,0,0,0,0,1,0,0,0,0,202,4.4,16.35,0.29,0.14,0.05,187
5/14/18 20:00,0,0,0,0,0,1,11.33333333,0,6,1,11,7,20,1,0,0,0,0,0,0,0,0,0,1,1,0,0,0,0,0,0,1,0,0,0,0,202,4.4,16.35,0.29,0.14,0.05,188
5/14/18 21:00,0,0,0,0,0,1,11.33333333,0,6,1,11,7,21,1,0,0,0,0,0,0,0,0,0,1,1,0,0,0,0,0,0,1,0,0,0,0,202,4.4,16.35,0.29,0.14,0.05,189
5/15/18 9:00,0,0,0,0,0,2,12.75,0,7,0,10,7,9,0,1,0,0,0,0,0,1,0,0,0,1,0,0,0,0,0,0,1,1,0,0,0,202,4.4,16.35,0.29,0.14,0.05,201
5/15/18 10:00,4,3,1,4,5,2,12.75,51,7,0,10,7,10,0,1,0,0,0,0,0,1,0,0,0,1,0,0,0,0,0,0,1,1,0,0,0,202,4.4,16.35,0.29,0.14,0.05,202
5/15/18 11:00,0,0,0,0,0,2,12.75,0,7,0,10,7,11,0,1,0,0,0,0,0,1,0,0,0,1,0,0,0,0,0,0,1,1,0,0,0,202,4.4,16.35,0.29,0.14,0.05,203
5/15/18 12:00,0,0,0,0,0,2,12.75,0,7,0,10,7,12,0,1,0,0,0,0,0,0,1,0,0,1,0,0,0,0,0,0,1,1,0,0,0,202,4.4,16.35,0.29,0.14,0.05,204
5/15/18 13:00,0,0,0,0,0,2,12.75,0,7,0,10,7,13,0,1,0,0,0,0,0,0,1,0,0,1,0,0,0,0,0,0,1,1,0,0,0,202,4.4,16.35,0.29,0.14,0.05,205
5/15/18 14:00,0,0,0,0,0,2,12.75,0,7,0,10,7,14,0,1,0,0,0,0,0,0,1,0,0,1,0,0,0,0,0,0,1,1,0,0,0,202,4.4,16.35,0.29,0.14,0.05,206
5/15/18 15:00,6,3,2,2,13,2,12.75,76.5,7,0,10,7,15,0,1,0,0,0,0,0,0,1,0,0,1,0,0,0,0,0,0,1,1,0,0,0,202,4.4,16.35,0.29,0.14,0.05,207
5/15/18 16:00,8,6,3,3,16,2,12.75,102,7,0,10,7,16,0,1,0,0,0,0,0,0,0,1,0,1,0,0,0,0,0,0,1,1,0,0,0,202,4.4,16.35,0.29,0.14,0.05,208
5/15/18 17:00,3,6,3,0,17,2,12.75,38.25,7,0,10,7,17,0,1,0,0,0,0,0,0,0,1,0,1,0,0,0,0,0,0,1,1,0,0,0,202,4.4,16.35,0.29,0.14,0.05,209
5/15/18 18:00,0,0,0,0,0,2,12.75,0,7,0,10,7,18,0,1,0,0,0,0,0,0,0,1,0,1,0,0,0,0,0,0,1,1,0,0,0,202,4.4,16.35,0.29,0.14,0.05,210
5/15/18 19:00,0,0,0,0,0,2,12.75,0,7,0,10,7,19,0,1,0,0,0,0,0,0,0,1,0,1,0,0,0,0,0,0,1,1,0,0,0,202,4.4,16.35,0.29,0.14,0.05,211
5/15/18 20:00,0,0,0,0,0,2,12.75,0,7,0,10,7,20,0,1,0,0,0,0,0,0,0,0,1,1,0,0,0,0,0,0,1,1,0,0,0,202,4.4,16.35,0.29,0.14,0.05,212
5/15/18 21:00,0,0,0,0,0,2,12.75,0,7,0,10,7,21,0,1,0,0,0,0,0,0,0,0,1,1,0,0,0,0,0,0,1,1,0,0,0,202,4.4,16.35,0.29,0.14,0.05,213
5/16/18 9:00,0,0,0,0,0,3,9.166666667,0,1,11,9,7,9,0,0,1,0,0,0,0,1,0,0,0,0,0,0,1,0,0,0,0,1,0,0,0,202,4.4,16.35,0.29,0.14,0.05,225
5/16/18 10:00,0,0,0,0,0,3,9.166666667,0,1,11,9,7,10,0,0,1,0,0,0,0,1,0,0,0,0,0,0,1,0,0,0,0,1,0,0,0,202,4.4,16.35,0.29,0.14,0.05,226
5/16/18 11:00,0,0,0,0,0,3,9.166666667,0,1,11,9,7,11,0,0,1,0,0,0,0,1,0,0,0,0,0,0,1,0,0,0,0,1,0,0,0,202,4.4,16.35,0.29,0.14,0.05,227
5/16/18 12:00,2,1,1,7,10,3,9.166666667,18.33333333,1,11,9,7,12,0,0,1,0,0,0,0,0,1,0,0,0,0,0,1,0,0,0,0,1,0,0,0,202,4.4,16.35,0.29,0.14,0.05,228
5/16/18 13:00,0,1,0,0,0,3,9.166666667,0,1,11,9,7,13,0,0,1,0,0,0,0,0,1,0,0,0,0,0,1,0,0,0,0,1,0,0,0,202,4.4,16.35,0.29,0.14,0.05,229
5/16/18 14:00,7,6,3,4,16,3,9.166666667,64.16666667,1,11,9,7,14,0,0,1,0,0,0,0,0,1,0,0,0,0,0,1,0,0,0,0,1,0,0,0,202,4.4,16.35,0.29,0.14,0.05,230
5/16/18 15:00,2,3,2,2,19,3,9.166666667,18.33333333,1,11,9,7,15,0,0,1,0,0,0,0,0,1,0,0,0,0,0,1,0,0,0,0,1,0,0,0,202,4.4,16.35,0.29,0.14,0.05,231
5/16/18 16:00,6,4,1,11,1,3,9.166666667,55,1,11,9,7,16,0,0,1,0,0,0,0,0,0,1,0,0,0,0,1,0,0,0,0,1,0,0,0,202,4.4,16.35,0.29,0.14,0.05,232
5/16/18 17:00,11,7,1,35,1,3,9.166666667,100.8333333,1,11,9,7,17,0,0,1,0,0,0,0,0,0,1,0,0,0,0,1,0,0,0,0,1,0,0,0,202,4.4,16.35,0.29,0.14,0.05,233
5/16/18 18:00,1,5,1,0,8,3,9.166666667,9.166666667,1,11,9,7,18,0,0,1,0,0,0,0,0,0,1,0,0,0,0,1,0,0,0,0,1,0,0,0,202,4.4,16.35,0.29,0.14,0.05,234
5/16/18 19:00,1,0,0,0,0,3,9.166666667,9.166666667,1,11,9,7,19,0,0,1,0,0,0,0,0,0,1,0,0,0,0,1,0,0,0,0,1,0,0,0,202,4.4,16.35,0.29,0.14,0.05,235
5/16/18 20:00,0,0,0,0,0,3,9.166666667,0,1,11,9,7,20,0,0,1,0,0,0,0,0,0,0,1,0,0,0,1,0,0,0,0,1,0,0,0,202,4.4,16.35,0.29,0.14,0.05,236
5/16/18 21:00,0,0,0,0,0,3,9.166666667,0,1,11,9,7,21,0,0,1,0,0,0,0,0,0,0,1,0,0,0,1,0,0,0,0,1,0,0,0,202,4.4,16.35,0.29,0.14,0.05,237
5/17/18 9:00,0,0,0,0,0,4,10.66666667,0,2,10,8,7,9,0,0,0,1,0,0,0,1,0,0,0,0,0,1,0,1,0,0,0,1,0,0,0,202,4.4,16.35,0.29,0.14,0.05,249
5/17/18 10:00,1,0,0,0,0,4,10.66666667,10.66666667,2,10,8,7,10,0,0,0,1,0,0,0,1,0,0,0,0,0,1,0,1,0,0,0,1,0,0,0,202,4.4,16.35,0.29,0.14,0.05,250
5/17/18 11:00,1,0,0,0,0,4,10.66666667,10.66666667,2,10,8,7,11,0,0,0,1,0,0,0,1,0,0,0,0,0,1,0,1,0,0,0,1,0,0,0,202,4.4,16.35,0.29,0.14,0.05,251
5/17/18 12:00,0,0,0,0,0,4,10.66666667,0,2,10,8,7,12,0,0,0,1,0,0,0,0,1,0,0,0,0,1,0,1,0,0,0,1,0,0,0,202,4.4,16.35,0.29,0.14,0.05,252
5/17/18 13:00,7,2,1,22,10,4,10.66666667,74.66666667,2,10,8,7,13,0,0,0,1,0,0,0,0,1,0,0,0,0,1,0,1,0,0,0,1,0,0,0,202,4.4,16.35,0.29,0.14,0.05,253
5/17/18 14:00,7,5,1,74,12,4,10.66666667,74.66666667,2,10,8,7,14,0,0,0,1,0,0,0,0,1,0,0,0,0,1,0,1,0,0,0,1,0,0,0,202,4.4,16.35,0.29,0.14,0.05,254
5/17/18 15:00,2,2,1,91,4,4,10.66666667,21.33333333,2,10,8,7,15,0,0,0,1,0,0,0,0,1,0,0,0,0,1,0,1,0,0,0,1,0,0,0,202,4.4,16.35,0.29,0.14,0.05,255
5/17/18 16:00,8,4,1,61,12,4,10.66666667,85.33333333,2,10,8,7,16,0,0,0,1,0,0,0,0,0,1,0,0,0,1,0,1,0,0,0,1,0,0,0,202,4.4,16.35,0.29,0.14,0.05,256
5/17/18 17:00,9,8,2,238,19,4,10.66666667,96,2,10,8,7,17,0,0,0,1,0,0,0,0,0,1,0,0,0,1,0,1,0,0,0,1,0,0,0,202,4.4,16.35,0.29,0.14,0.05,257
5/17/18 18:00,0,5,1,0,7,4,10.66666667,0,2,10,8,7,18,0,0,0,1,0,0,0,0,0,1,0,0,0,1,0,1,0,0,0,1,0,0,0,202,4.4,16.35,0.29,0.14,0.05,258
5/17/18 19:00,0,0,0,0,0,4,10.66666667,0,2,10,8,7,19,0,0,0,1,0,0,0,0,0,1,0,0,0,1,0,1,0,0,0,1,0,0,0,202,4.4,16.35,0.29,0.14,0.05,259
5/17/18 20:00,0,0,0,0,0,4,10.66666667,0,2,10,8,7,20,0,0,0,1,0,0,0,0,0,0,1,0,0,1,0,1,0,0,0,1,0,0,0,202,4.4,16.35,0.29,0.14,0.05,260
5/17/18 21:00,0,0,0,0,0,4,10.66666667,0,2,10,8,7,21,0,0,0,1,0,0,0,0,0,0,1,0,0,1,0,1,0,0,0,1,0,0,0,202,4.4,16.35,0.29,0.14,0.05,261
5/18/18 9:00,0,0,0,0,0,5,9,0,3,9,7,7,9,0,0,0,0,1,0,0,1,0,0,0,0,0,1,0,1,0,0,0,1,0,0,0,202,4.4,16.35,0.29,0.14,0.05,273
5/18/18 10:00,0,0,0,0,0,5,9,0,3,9,7,7,10,0,0,0,0,1,0,0,1,0,0,0,0,0,1,0,1,0,0,0,1,0,0,0,202,4.4,16.35,0.29,0.14,0.05,274
5/18/18 11:00,0,0,0,0,0,5,9,0,3,9,7,7,11,0,0,0,0,1,0,0,1,0,0,0,0,0,1,0,1,0,0,0,1,0,0,0,202,4.4,16.35,0.29,0.14,0.05,275
5/18/18 12:00,0,0,0,0,0,5,9,0,3,9,7,7,12,0,0,0,0,1,0,0,0,1,0,0,0,0,1,0,1,0,0,0,1,0,0,0,202,4.4,16.35,0.29,0.14,0.05,276
5/18/18 13:00,0,0,0,0,0,5,9,0,3,9,7,7,13,0,0,0,0,1,0,0,0,1,0,0,0,0,1,0,1,0,0,0,1,0,0,0,202,4.4,16.35,0.29,0.14,0.05,277
5/18/18 14:00,0,0,0,0,0,5,9,0,3,9,7,7,14,0,0,0,0,1,0,0,0,1,0,0,0,0,1,0,1,0,0,0,1,0,0,0,202,4.4,16.35,0.29,0.14,0.05,278
5/18/18 15:00,24,6,2,60,10,5,9,216,3,9,7,7,15,0,0,0,0,1,0,0,0,1,0,0,0,0,1,0,1,0,0,0,1,0,0,0,202,4.4,16.35,0.29,0.14,0.05,279
5/18/18 16:00,0,11,2,0,10,5,9,0,3,9,7,7,16,0,0,0,0,1,0,0,0,0,1,0,0,0,1,0,1,0,0,0,1,0,0,0,202,4.4,16.35,0.29,0.14,0.05,280
5/18/18 17:00,0,6,2,0,7,5,9,0,3,9,7,7,17,0,0,0,0,1,0,0,0,0,1,0,0,0,1,0,1,0,0,0,1,0,0,0,202,4.4,16.35,0.29,0.14,0.05,281
5/18/18 18:00,0,0,0,0,0,5,9,0,3,9,7,7,18,0,0,0,0,1,0,0,0,0,1,0,0,0,1,0,1,0,0,0,1,0,0,0,202,4.4,16.35,0.29,0.14,0.05,282
5/18/18 19:00,0,0,0,0,0,5,9,0,3,9,7,7,19,0,0,0,0,1,0,0,0,0,1,0,0,0,1,0,1,0,0,0,1,0,0,0,202,4.4,16.35,0.29,0.14,0.05,283
5/18/18 20:00,0,0,0,0,0,5,9,0,3,9,7,7,20,0,0,0,0,1,0,0,0,0,0,1,0,0,1,0,1,0,0,0,1,0,0,0,202,4.4,16.35,0.29,0.14,0.05,284
5/18/18 21:00,0,0,0,0,0,5,9,0,3,9,7,7,21,0,0,0,0,1,0,0,0,0,0,1,0,0,1,0,1,0,0,0,1,0,0,0,202,4.4,16.35,0.29,0.14,0.05,285
5/20/18 9:00,0,0,0,0,0,0,12.66666667,0,5,7,5,7,9,0,0,0,0,0,0,1,1,0,0,0,0,1,0,0,1,0,0,0,0,1,0,0,202,4.4,16.35,0.29,0.14,0.05,321
5/20/18 10:00,0,0,0,0,0,0,12.66666667,0,5,7,5,7,10,0,0,0,0,0,0,1,1,0,0,0,0,1,0,0,1,0,0,0,0,1,0,0,202,4.4,16.35,0.29,0.14,0.05,322
5/20/18 11:00,0,0,0,0,0,0,12.66666667,0,5,7,5,7,11,0,0,0,0,0,0,1,1,0,0,0,0,1,0,0,1,0,0,0,0,1,0,0,202,4.4,16.35,0.29,0.14,0.05,323
5/20/18 12:00,0,0,0,0,0,0,12.66666667,0,5,7,5,7,12,0,0,0,0,0,0,1,0,1,0,0,0,1,0,0,1,0,0,0,0,1,0,0,202,4.4,16.35,0.29,0.14,0.05,324
5/20/18 13:00,1,0,0,0,0,0,12.66666667,12.66666667,5,7,5,7,13,0,0,0,0,0,0,1,0,1,0,0,0,1,0,0,1,0,0,0,0,1,0,0,202,4.4,16.35,0.29,0.14,0.05,325
5/20/18 14:00,7,4,2,4,10,0,12.66666667,88.66666667,5,7,5,7,14,0,0,0,0,0,0,1,0,1,0,0,0,1,0,0,1,0,0,0,0,1,0,0,202,4.4,16.35,0.29,0.14,0.05,326
5/20/18 15:00,1,4,2,0,8,0,12.66666667,12.66666667,5,7,5,7,15,0,0,0,0,0,0,1,0,1,0,0,0,1,0,0,1,0,0,0,0,1,0,0,202,4.4,16.35,0.29,0.14,0.05,327
5/20/18 16:00,0,0,0,0,0,0,12.66666667,0,5,7,5,7,16,0,0,0,0,0,0,1,0,0,1,0,0,1,0,0,1,0,0,0,0,1,0,0,202,4.4,16.35,0.29,0.14,0.05,328
5/20/18 17:00,1,1,1,4,20,0,12.66666667,12.66666667,5,7,5,7,17,0,0,0,0,0,0,1,0,0,1,0,0,1,0,0,1,0,0,0,0,1,0,0,202,4.4,16.35,0.29,0.14,0.05,329
5/20/18 18:00,0,0,0,0,0,0,12.66666667,0,5,7,5,7,18,0,0,0,0,0,0,1,0,0,1,0,0,1,0,0,1,0,0,0,0,1,0,0,202,4.4,16.35,0.29,0.14,0.05,330
5/20/18 19:00,0,0,0,0,0,0,12.66666667,0,5,7,5,7,19,0,0,0,0,0,0,1,0,0,1,0,0,1,0,0,1,0,0,0,0,1,0,0,202,4.4,16.35,0.29,0.14,0.05,331
5/20/18 20:00,0,0,0,0,0,0,12.66666667,0,5,7,5,7,20,0,0,0,0,0,0,1,0,0,0,1,0,1,0,0,1,0,0,0,0,1,0,0,202,4.4,16.35,0.29,0.14,0.05,332
5/20/18 21:00,0,0,0,0,0,0,12.66666667,0,5,7,5,7,21,0,0,0,0,0,0,1,0,0,0,1,0,1,0,0,1,0,0,0,0,1,0,0,202,4.4,16.35,0.29,0.14,0.05,333
5/21/18 9:00,0,0,0,0,0,1,14.125,0,6,6,4,8,9,1,0,0,0,0,0,0,1,0,0,0,1,0,0,0,1,0,0,0,0,1,0,0,202,4.4,16.35,0.29,0.14,0.05,177
5/21/18 10:00,0,0,0,0,0,1,14.125,0,6,6,4,8,10,1,0,0,0,0,0,0,1,0,0,0,1,0,0,0,1,0,0,0,0,1,0,0,202,4.4,16.35,0.29,0.14,0.05,178
5/21/18 11:00,0,0,0,0,0,1,14.125,0,6,6,4,8,11,1,0,0,0,0,0,0,1,0,0,0,1,0,0,0,1,0,0,0,0,1,0,0,202,4.4,16.35,0.29,0.14,0.05,179
5/21/18 12:00,0,0,0,0,0,1,14.125,0,6,6,4,8,12,1,0,0,0,0,0,0,0,1,0,0,1,0,0,0,1,0,0,0,0,1,0,0,202,4.4,16.35,0.29,0.14,0.05,180
5/21/18 13:00,12,0,1,42,16,1,14.125,169.5,6,6,4,8,13,1,0,0,0,0,0,0,0,1,0,0,1,0,0,0,1,0,0,0,0,1,0,0,202,4.4,16.35,0.29,0.14,0.05,181
5/21/18 14:00,7,6,2,77,15,1,14.125,98.875,6,6,4,8,14,1,0,0,0,0,0,0,0,1,0,0,1,0,0,0,1,0,0,0,0,1,0,0,202,4.4,16.35,0.29,0.14,0.05,182
5/21/18 15:00,4,7,2,27,14,1,14.125,56.5,6,6,4,8,15,1,0,0,0,0,0,0,0,1,0,0,1,0,0,0,1,0,0,0,0,1,0,0,202,4.4,16.35,0.29,0.14,0.05,183
5/21/18 16:00,10,11,1,13,6,1,14.125,141.25,6,6,4,8,16,1,0,0,0,0,0,0,0,0,1,0,1,0,0,0,1,0,0,0,0,1,0,0,202,4.4,16.35,0.29,0.14,0.05,184
5/21/18 17:00,9,12,2,7,9,1,14.125,127.125,6,6,4,8,17,1,0,0,0,0,0,0,0,0,1,0,1,0,0,0,1,0,0,0,0,1,0,0,202,4.4,16.35,0.29,0.14,0.05,185
5/21/18 18:00,9,6,2,6,24,1,14.125,127.125,6,6,4,8,18,1,0,0,0,0,0,0,0,0,1,0,1,0,0,0,1,0,0,0,0,1,0,0,202,4.4,16.35,0.29,0.14,0.05,186
5/21/18 19:00,4,2,2,4,18,1,14.125,56.5,6,6,4,8,19,1,0,0,0,0,0,0,0,0,1,0,1,0,0,0,1,0,0,0,0,1,0,0,202,4.4,16.35,0.29,0.14,0.05,187
5/21/18 20:00,9,11,2,3,11,1,14.125,127.125,6,6,4,8,20,1,0,0,0,0,0,0,0,0,0,1,1,0,0,0,1,0,0,0,0,1,0,0,202,4.4,16.35,0.29,0.14,0.05,188
5/21/18 21:00,0,0,0,0,0,1,14.125,0,6,6,4,8,21,1,0,0,0,0,0,0,0,0,0,1,1,0,0,0,1,0,0,0,0,1,0,0,202,4.4,16.35,0.29,0.14,0.05,189
5/22/18 9:00,0,0,0,0,0,2,16.8,0,7,5,3,8,9,0,1,0,0,0,0,0,1,0,0,0,1,0,0,0,0,1,0,0,0,0,1,0,202,4.4,16.35,0.29,0.14,0.05,201
5/22/18 10:00,4,2,1,22,24,2,16.8,67.2,7,5,3,8,10,0,1,0,0,0,0,0,1,0,0,0,1,0,0,0,0,1,0,0,0,0,1,0,202,4.4,16.35,0.29,0.14,0.05,202
5/22/18 11:00,2,3,1,7,23,2,16.8,33.6,7,5,3,8,11,0,1,0,0,0,0,0,1,0,0,0,1,0,0,0,0,1,0,0,0,0,1,0,202,4.4,16.35,0.29,0.14,0.05,203
5/22/18 12:00,0,1,0,0,0,2,16.8,0,7,5,3,8,12,0,1,0,0,0,0,0,0,1,0,0,1,0,0,0,0,1,0,0,0,0,1,0,202,4.4,16.35,0.29,0.14,0.05,204
5/22/18 13:00,0,0,0,0,0,2,16.8,0,7,5,3,8,13,0,1,0,0,0,0,0,0,1,0,0,1,0,0,0,0,1,0,0,0,0,1,0,202,4.4,16.35,0.29,0.14,0.05,205
5/22/18 14:00,0,0,0,0,0,2,16.8,0,7,5,3,8,14,0,1,0,0,0,0,0,0,1,0,0,1,0,0,0,0,1,0,0,0,0,1,0,202,4.4,16.35,0.29,0.14,0.05,206
5/22/18 15:00,10,4,2,11,12,2,16.8,168,7,5,3,8,15,0,1,0,0,0,0,0,0,1,0,0,1,0,0,0,0,1,0,0,0,0,1,0,202,4.4,16.35,0.29,0.14,0.05,207
5/22/18 16:00,11,9,4,3,14,2,16.8,184.8,7,5,3,8,16,0,1,0,0,0,0,0,0,0,1,0,1,0,0,0,0,1,0,0,0,0,1,0,202,4.4,16.35,0.29,0.14,0.05,208
5/22/18 17:00,6,10,4,1,11,2,16.8,100.8,7,5,3,8,17,0,1,0,0,0,0,0,0,0,1,0,1,0,0,0,0,1,0,0,0,0,1,0,202,4.4,16.35,0.29,0.14,0.05,209
5/22/18 18:00,0,2,0,0,0,2,16.8,0,7,5,3,8,18,0,1,0,0,0,0,0,0,0,1,0,1,0,0,0,0,1,0,0,0,0,1,0,202,4.4,16.35,0.29,0.14,0.05,210
5/22/18 19:00,0,0,0,0,0,2,16.8,0,7,5,3,8,19,0,1,0,0,0,0,0,0,0,1,0,1,0,0,0,0,1,0,0,0,0,1,0,202,4.4,16.35,0.29,0.14,0.05,211
5/22/18 20:00,0,0,0,0,0,2,16.8,0,7,5,3,8,20,0,1,0,0,0,0,0,0,0,0,1,1,0,0,0,0,1,0,0,0,0,1,0,202,4.4,16.35,0.29,0.14,0.05,212
5/22/18 21:00,0,0,0,0,0,2,16.8,0,7,5,3,8,21,0,1,0,0,0,0,0,0,0,0,1,1,0,0,0,0,1,0,0,0,0,1,0,202,4.4,16.35,0.29,0.14,0.05,213
5/23/18 9:00,0,0,0,0,0,3,18.33333333,0,8,4,2,8,9,0,0,1,0,0,0,0,1,0,0,0,1,0,0,0,0,1,0,0,0,0,1,0,202,4.4,16.35,0.29,0.14,0.05,225
5/23/18 10:00,0,0,0,0,0,3,18.33333333,0,8,4,2,8,10,0,0,1,0,0,0,0,1,0,0,0,1,0,0,0,0,1,0,0,0,0,1,0,202,4.4,16.35,0.29,0.14,0.05,226
5/23/18 11:00,0,0,0,0,0,3,18.33333333,0,8,4,2,8,11,0,0,1,0,0,0,0,1,0,0,0,1,0,0,0,0,1,0,0,0,0,1,0,202,4.4,16.35,0.29,0.14,0.05,227
5/23/18 12:00,0,0,0,0,0,3,18.33333333,0,8,4,2,8,12,0,0,1,0,0,0,0,0,1,0,0,1,0,0,0,0,1,0,0,0,0,1,0,202,4.4,16.35,0.29,0.14,0.05,228
5/23/18 13:00,14,1,1,66,13,3,18.33333333,256.6666667,8,4,2,8,13,0,0,1,0,0,0,0,0,1,0,0,1,0,0,0,0,1,0,0,0,0,1,0,202,4.4,16.35,0.29,0.14,0.05,229
5/23/18 14:00,10,3,1,86,30,3,18.33333333,183.3333333,8,4,2,8,14,0,0,1,0,0,0,0,0,1,0,0,1,0,0,0,0,1,0,0,0,0,1,0,202,4.4,16.35,0.29,0.14,0.05,230
5/23/18 15:00,14,8,3,93,15,3,18.33333333,256.6666667,8,4,2,8,15,0,0,1,0,0,0,0,0,1,0,0,1,0,0,0,0,1,0,0,0,0,1,0,202,4.4,16.35,0.29,0.14,0.05,231
5/23/18 16:00,13,10,2,115,22,3,18.33333333,238.3333333,8,4,2,8,16,0,0,1,0,0,0,0,0,0,1,0,1,0,0,0,0,1,0,0,0,0,1,0,202,4.4,16.35,0.29,0.14,0.05,232
5/23/18 17:00,3,7,1,0,18,3,18.33333333,55,8,4,2,8,17,0,0,1,0,0,0,0,0,0,1,0,1,0,0,0,0,1,0,0,0,0,1,0,202,4.4,16.35,0.29,0.14,0.05,233
5/23/18 18:00,2,6,1,0,12,3,18.33333333,36.66666667,8,4,2,8,18,0,0,1,0,0,0,0,0,0,1,0,1,0,0,0,0,1,0,0,0,0,1,0,202,4.4,16.35,0.29,0.14,0.05,234
5/23/18 19:00,0,0,0,0,0,3,18.33333333,0,8,4,2,8,19,0,0,1,0,0,0,0,0,0,1,0,1,0,0,0,0,1,0,0,0,0,1,0,202,4.4,16.35,0.29,0.14,0.05,235
5/23/18 20:00,0,0,0,0,0,3,18.33333333,0,8,4,2,8,20,0,0,1,0,0,0,0,0,0,0,1,1,0,0,0,0,1,0,0,0,0,1,0,202,4.4,16.35,0.29,0.14,0.05,236
5/23/18 21:00,0,0,0,0,0,3,18.33333333,0,8,4,2,8,21,0,0,1,0,0,0,0,0,0,0,1,1,0,0,0,0,1,0,0,0,0,1,0,202,4.4,16.35,0.29,0.14,0.05,237
5/24/18 9:00,0,0,0,0,0,4,14.77777778,0,9,3,1,8,9,0,0,0,1,0,0,0,1,0,0,0,1,0,0,0,0,0,1,0,0,0,0,1,202,4.4,16.35,0.29,0.14,0.05,249
5/24/18 10:00,16,5,1,58,8,4,14.77777778,236.4444444,9,3,1,8,10,0,0,0,1,0,0,0,1,0,0,0,1,0,0,0,0,0,1,0,0,0,0,1,202,4.4,16.35,0.29,0.14,0.05,250
5/24/18 11:00,4,4,1,0,13,4,14.77777778,59.11111111,9,3,1,8,11,0,0,0,1,0,0,0,1,0,0,0,1,0,0,0,0,0,1,0,0,0,0,1,202,4.4,16.35,0.29,0.14,0.05,251
5/24/18 12:00,1,4,1,0,2,4,14.77777778,14.77777778,9,3,1,8,12,0,0,0,1,0,0,0,0,1,0,0,1,0,0,0,0,0,1,0,0,0,0,1,202,4.4,16.35,0.29,0.14,0.05,252
5/24/18 13:00,22,3,3,35,15,4,14.77777778,325.1111111,9,3,1,8,13,0,0,0,1,0,0,0,0,1,0,0,1,0,0,0,0,0,1,0,0,0,0,1,202,4.4,16.35,0.29,0.14,0.05,253
5/24/18 14:00,16,13,4,53,17,4,14.77777778,236.4444444,9,3,1,8,14,0,0,0,1,0,0,0,0,1,0,0,1,0,0,0,0,0,1,0,0,0,0,1,202,4.4,16.35,0.29,0.14,0.05,254
5/24/18 15:00,20,11,2,96,10,4,14.77777778,295.5555556,9,3,1,8,15,0,0,0,1,0,0,0,0,1,0,0,1,0,0,0,0,0,1,0,0,0,0,1,202,4.4,16.35,0.29,0.14,0.05,255
5/24/18 16:00,0,5,1,0,50,4,14.77777778,0,9,3,1,8,16,0,0,0,1,0,0,0,0,0,1,0,1,0,0,0,0,0,1,0,0,0,0,1,202,4.4,16.35,0.29,0.14,0.05,256
5/24/18 17:00,0,3,1,0,13,4,14.77777778,0,9,3,1,8,17,0,0,0,1,0,0,0,0,0,1,0,1,0,0,0,0,0,1,0,0,0,0,1,202,4.4,16.35,0.29,0.14,0.05,257
5/24/18 18:00,0,7,1,0,5,4,14.77777778,0,9,3,1,8,18,0,0,0,1,0,0,0,0,0,1,0,1,0,0,0,0,0,1,0,0,0,0,1,202,4.4,16.35,0.29,0.14,0.05,258
5/24/18 19:00,0,0,0,0,0,4,14.77777778,0,9,3,1,8,19,0,0,0,1,0,0,0,0,0,1,0,1,0,0,0,0,0,1,0,0,0,0,1,202,4.4,16.35,0.29,0.14,0.05,259
5/24/18 20:00,0,0,0,0,0,4,14.77777778,0,9,3,1,8,20,0,0,0,1,0,0,0,0,0,0,1,1,0,0,0,0,0,1,0,0,0,0,1,202,4.4,16.35,0.29,0.14,0.05,260
5/24/18 21:00,0,0,0,0,0,4,14.77777778,0,9,3,1,8,21,0,0,0,1,0,0,0,0,0,0,1,1,0,0,0,0,0,1,0,0,0,0,1,202,4.4,16.35,0.29,0.14,0.05,261
5/25/18 9:00,0,0,0,0,0,5,6,0,10,2,0,8,9,0,0,0,0,1,0,0,1,0,0,0,1,0,0,0,0,0,1,0,0,0,0,1,202,4.4,16.35,0.29,0.14,0.05,273
5/25/18 10:00,0,0,0,0,0,5,6,0,10,2,0,8,10,0,0,0,0,1,0,0,1,0,0,0,1,0,0,0,0,0,1,0,0,0,0,1,202,4.4,16.35,0.29,0.14,0.05,274
5/25/18 11:00,0,0,0,0,0,5,6,0,10,2,0,8,11,0,0,0,0,1,0,0,1,0,0,0,1,0,0,0,0,0,1,0,0,0,0,1,202,4.4,16.35,0.29,0.14,0.05,275
5/25/18 12:00,0,0,0,0,0,5,6,0,10,2,0,8,12,0,0,0,0,1,0,0,0,1,0,0,1,0,0,0,0,0,1,0,0,0,0,1,202,4.4,16.35,0.29,0.14,0.05,276
5/25/18 13:00,0,0,0,0,0,5,6,0,10,2,0,8,13,0,0,0,0,1,0,0,0,1,0,0,1,0,0,0,0,0,1,0,0,0,0,1,202,4.4,16.35,0.29,0.14,0.05,277
5/25/18 14:00,0,0,0,0,0,5,6,0,10,2,0,8,14,0,0,0,0,1,0,0,0,1,0,0,1,0,0,0,0,0,1,0,0,0,0,1,202,4.4,16.35,0.29,0.14,0.05,278
5/25/18 15:00,22,2,1,60,5,5,6,132,10,2,0,8,15,0,0,0,0,1,0,0,0,1,0,0,1,0,0,0,0,0,1,0,0,0,0,1,202,4.4,16.35,0.29,0.14,0.05,279
5/25/18 16:00,0,4,1,0,7,5,6,0,10,2,0,8,16,0,0,0,0,1,0,0,0,0,1,0,1,0,0,0,0,0,1,0,0,0,0,1,202,4.4,16.35,0.29,0.14,0.05,280
5/25/18 17:00,0,2,1,0,6,5,6,0,10,2,0,8,17,0,0,0,0,1,0,0,0,0,1,0,1,0,0,0,0,0,1,0,0,0,0,1,202,4.4,16.35,0.29,0.14,0.05,281
5/25/18 18:00,0,0,0,0,0,5,6,0,10,2,0,8,18,0,0,0,0,1,0,0,0,0,1,0,1,0,0,0,0,0,1,0,0,0,0,1,202,4.4,16.35,0.29,0.14,0.05,282
5/25/18 19:00,0,0,0,0,0,5,6,0,10,2,0,8,19,0,0,0,0,1,0,0,0,0,1,0,1,0,0,0,0,0,1,0,0,0,0,1,202,4.4,16.35,0.29,0.14,0.05,283
5/25/18 20:00,0,0,0,0,0,5,6,0,10,2,0,8,20,0,0,0,0,1,0,0,0,0,0,1,1,0,0,0,0,0,1,0,0,0,0,1,202,4.4,16.35,0.29,0.14,0.05,284
5/25/18 21:00,0,0,0,0,0,5,6,0,10,2,0,8,21,0,0,0,0,1,0,0,0,0,0,1,1,0,0,0,0,0,1,0,0,0,0,1,202,4.4,16.35,0.29,0.14,0.05,285
5/27/18 9:00,0,0,0,0,0,0,11.8,0,12,0,18,8,9,0,0,0,0,0,0,1,1,0,0,0,0,0,0,0,0,0,0,1,0,0,0,0,202,4.4,16.35,0.29,0.14,0.05,321
5/27/18 10:00,0,0,0,0,0,0,11.8,0,12,0,18,8,10,0,0,0,0,0,0,1,1,0,0,0,0,0,0,0,0,0,0,1,0,0,0,0,202,4.4,16.35,0.29,0.14,0.05,322
5/27/18 11:00,0,0,0,0,0,0,11.8,0,12,0,18,8,11,0,0,0,0,0,0,1,1,0,0,0,0,0,0,0,0,0,0,1,0,0,0,0,202,4.4,16.35,0.29,0.14,0.05,323
5/27/18 12:00,0,0,0,0,0,0,11.8,0,12,0,18,8,12,0,0,0,0,0,0,1,0,1,0,0,0,0,0,0,0,0,0,1,0,0,0,0,202,4.4,16.35,0.29,0.14,0.05,324
5/27/18 13:00,0,0,0,0,0,0,11.8,0,12,0,18,8,13,0,0,0,0,0,0,1,0,1,0,0,0,0,0,0,0,0,0,1,0,0,0,0,202,4.4,16.35,0.29,0.14,0.05,325
5/27/18 14:00,35,6,1,140,9,0,11.8,413,12,0,18,8,14,0,0,0,0,0,0,1,0,1,0,0,0,0,0,0,0,0,0,1,0,0,0,0,202,4.4,16.35,0.29,0.14,0.05,326
5/27/18 15:00,0,6,1,0,12,0,11.8,0,12,0,18,8,15,0,0,0,0,0,0,1,0,1,0,0,0,0,0,0,0,0,0,1,0,0,0,0,202,4.4,16.35,0.29,0.14,0.05,327
5/27/18 16:00,0,5,1,0,15,0,11.8,0,12,0,18,8,16,0,0,0,0,0,0,1,0,0,1,0,0,0,0,0,0,0,0,1,0,0,0,0,202,4.4,16.35,0.29,0.14,0.05,328
5/27/18 17:00,0,6,1,0,8,0,11.8,0,12,0,18,8,17,0,0,0,0,0,0,1,0,0,1,0,0,0,0,0,0,0,0,1,0,0,0,0,202,4.4,16.35,0.29,0.14,0.05,329
5/27/18 18:00,0,6,1,0,15,0,11.8,0,12,0,18,8,18,0,0,0,0,0,0,1,0,0,1,0,0,0,0,0,0,0,0,1,0,0,0,0,202,4.4,16.35,0.29,0.14,0.05,330
5/27/18 19:00,0,1,0,0,0,0,11.8,0,12,0,18,8,19,0,0,0,0,0,0,1,0,0,1,0,0,0,0,0,0,0,0,1,0,0,0,0,202,4.4,16.35,0.29,0.14,0.05,331
5/27/18 20:00,0,0,0,0,0,0,11.8,0,12,0,18,8,20,0,0,0,0,0,0,1,0,0,0,1,0,0,0,0,0,0,0,1,0,0,0,0,202,4.4,16.35,0.29,0.14,0.05,332
5/27/18 21:00,0,0,0,0,0,0,11.8,0,12,0,18,8,21,0,0,0,0,0,0,1,0,0,0,1,0,0,0,0,0,0,0,1,0,0,0,0,202,4.4,16.35,0.29,0.14,0.05,333
5/28/18 9:00,0,0,0,0,0,1,16.6,0,1,12,17,9,9,1,0,0,0,0,0,0,1,0,0,0,0,0,0,1,0,0,0,0,0,0,0,0,202,4.4,16.35,0.29,0.14,0.05,177
5/28/18 10:00,0,0,0,0,0,1,16.6,0,1,12,17,9,10,1,0,0,0,0,0,0,1,0,0,0,0,0,0,1,0,0,0,0,0,0,0,0,202,4.4,16.35,0.29,0.14,0.05,178
5/28/18 11:00,0,0,0,0,0,1,16.6,0,1,12,17,9,11,1,0,0,0,0,0,0,1,0,0,0,0,0,0,1,0,0,0,0,0,0,0,0,202,4.4,16.35,0.29,0.14,0.05,179
5/28/18 12:00,0,0,0,0,0,1,16.6,0,1,12,17,9,12,1,0,0,0,0,0,0,0,1,0,0,0,0,0,1,0,0,0,0,0,0,0,0,202,4.4,16.35,0.29,0.14,0.05,180
5/28/18 13:00,13,0,1,61,22,1,16.6,215.8,1,12,17,9,13,1,0,0,0,0,0,0,0,1,0,0,0,0,0,1,0,0,0,0,0,0,0,0,202,4.4,16.35,0.29,0.14,0.05,181
5/28/18 14:00,11,3,2,140,19,1,16.6,182.6,1,12,17,9,14,1,0,0,0,0,0,0,0,1,0,0,0,0,0,1,0,0,0,0,0,0,0,0,202,4.4,16.35,0.29,0.14,0.05,182
5/28/18 15:00,16,8,2,902,16,1,16.6,265.6,1,12,17,9,15,1,0,0,0,0,0,0,0,1,0,0,0,0,0,1,0,0,0,0,0,0,0,0,202,4.4,16.35,0.29,0.14,0.05,183
5/28/18 16:00,7,6,2,1131,19,1,16.6,116.2,1,12,17,9,16,1,0,0,0,0,0,0,0,0,1,0,0,0,0,1,0,0,0,0,0,0,0,0,202,4.4,16.35,0.29,0.14,0.05,184
5/28/18 17:00,4,6,1,0,7,1,16.6,66.4,1,12,17,9,17,1,0,0,0,0,0,0,0,0,1,0,0,0,0,1,0,0,0,0,0,0,0,0,202,4.4,16.35,0.29,0.14,0.05,185
5/28/18 18:00,0,0,0,0,0,1,16.6,0,1,12,17,9,18,1,0,0,0,0,0,0,0,0,1,0,0,0,0,1,0,0,0,0,0,0,0,0,202,4.4,16.35,0.29,0.14,0.05,186
5/28/18 19:00,0,0,0,0,0,1,16.6,0,1,12,17,9,19,1,0,0,0,0,0,0,0,0,1,0,0,0,0,1,0,0,0,0,0,0,0,0,202,4.4,16.35,0.29,0.14,0.05,187
5/28/18 20:00,0,0,0,0,0,1,16.6,0,1,12,17,9,20,1,0,0,0,0,0,0,0,0,0,1,0,0,0,1,0,0,0,0,0,0,0,0,202,4.4,16.35,0.29,0.14,0.05,188
5/28/18 21:00,0,0,0,0,0,1,16.6,0,1,12,17,9,21,1,0,0,0,0,0,0,0,0,0,1,0,0,0,1,0,0,0,0,0,0,0,0,202,4.4,16.35,0.29,0.14,0.05,189
5/29/18 9:00,0,0,0,0,0,2,15,0,2,11,16,9,9,0,1,0,0,0,0,0,1,0,0,0,0,0,1,0,0,0,0,0,0,0,0,0,202,4.4,16.35,0.29,0.14,0.05,201
5/29/18 10:00,17,3,1,207,3,2,15,255,2,11,16,9,10,0,1,0,0,0,0,0,1,0,0,0,0,0,1,0,0,0,0,0,0,0,0,0,202,4.4,16.35,0.29,0.14,0.05,202
5/29/18 11:00,5,4,1,254,13,2,15,75,2,11,16,9,11,0,1,0,0,0,0,0,1,0,0,0,0,0,1,0,0,0,0,0,0,0,0,0,202,4.4,16.35,0.29,0.14,0.05,203
5/29/18 12:00,1,2,1,0,17,2,15,15,2,11,16,9,12,0,1,0,0,0,0,0,0,1,0,0,0,0,1,0,0,0,0,0,0,0,0,0,202,4.4,16.35,0.29,0.14,0.05,204
5/29/18 13:00,0,0,0,0,0,2,15,0,2,11,16,9,13,0,1,0,0,0,0,0,0,1,0,0,0,0,1,0,0,0,0,0,0,0,0,0,202,4.4,16.35,0.29,0.14,0.05,205
5/29/18 14:00,0,0,0,0,0,2,15,0,2,11,16,9,14,0,1,0,0,0,0,0,0,1,0,0,0,0,1,0,0,0,0,0,0,0,0,0,202,4.4,16.35,0.29,0.14,0.05,206
5/29/18 15:00,16,3,2,81,23,2,15,240,2,11,16,9,15,0,1,0,0,0,0,0,0,1,0,0,0,0,1,0,0,0,0,0,0,0,0,0,202,4.4,16.35,0.29,0.14,0.05,207
5/29/18 16:00,11,7,3,115,25,2,15,165,2,11,16,9,16,0,1,0,0,0,0,0,0,0,1,0,0,0,1,0,0,0,0,0,0,0,0,0,202,4.4,16.35,0.29,0.14,0.05,208
5/29/18 17:00,0,7,3,0,15,2,15,0,2,11,16,9,17,0,1,0,0,0,0,0,0,0,1,0,0,0,1,0,0,0,0,0,0,0,0,0,202,4.4,16.35,0.29,0.14,0.05,209
5/29/18 18:00,0,11,2,0,9,2,15,0,2,11,16,9,18,0,1,0,0,0,0,0,0,0,1,0,0,0,1,0,0,0,0,0,0,0,0,0,202,4.4,16.35,0.29,0.14,0.05,210
5/29/18 19:00,0,0,0,0,0,2,15,0,2,11,16,9,19,0,1,0,0,0,0,0,0,0,1,0,0,0,1,0,0,0,0,0,0,0,0,0,202,4.4,16.35,0.29,0.14,0.05,211
5/29/18 20:00,0,0,0,0,0,2,15,0,2,11,16,9,20,0,1,0,0,0,0,0,0,0,0,1,0,0,1,0,0,0,0,0,0,0,0,0,202,4.4,16.35,0.29,0.14,0.05,212
5/29/18 21:00,0,0,0,0,0,2,15,0,2,11,16,9,21,0,1,0,0,0,0,0,0,0,0,1,0,0,1,0,0,0,0,0,0,0,0,0,202,4.4,16.35,0.29,0.14,0.05,213
5/30/18 9:00,0,0,0,0,0,3,28.83333333,0,3,10,15,9,9,0,0,1,0,0,0,0,1,0,0,0,0,0,1,0,1,0,0,0,0,0,0,0,202,4.4,16.35,0.29,0.14,0.05,225
5/30/18 10:00,0,0,0,0,0,3,28.83333333,0,3,10,15,9,10,0,0,1,0,0,0,0,1,0,0,0,0,0,1,0,1,0,0,0,0,0,0,0,202,4.4,16.35,0.29,0.14,0.05,226
5/30/18 11:00,0,0,0,0,0,3,28.83333333,0,3,10,15,9,11,0,0,1,0,0,0,0,1,0,0,0,0,0,1,0,1,0,0,0,0,0,0,0,202,4.4,16.35,0.29,0.14,0.05,227
5/30/18 12:00,2,0,1,1,43,3,28.83333333,57.66666667,3,10,15,9,12,0,0,1,0,0,0,0,0,1,0,0,0,0,1,0,1,0,0,0,0,0,0,0,202,4.4,16.35,0.29,0.14,0.05,228
5/30/18 13:00,7,2,3,16,51,3,28.83333333,201.8333333,3,10,15,9,13,0,0,1,0,0,0,0,0,1,0,0,0,0,1,0,1,0,0,0,0,0,0,0,202,4.4,16.35,0.29,0.14,0.05,229
5/30/18 14:00,5,6,3,9,24,3,28.83333333,144.1666667,3,10,15,9,14,0,0,1,0,0,0,0,0,1,0,0,0,0,1,0,1,0,0,0,0,0,0,0,202,4.4,16.35,0.29,0.14,0.05,230
5/30/18 15:00,8,7,2,18,27,3,28.83333333,230.6666667,3,10,15,9,15,0,0,1,0,0,0,0,0,1,0,0,0,0,1,0,1,0,0,0,0,0,0,0,202,4.4,16.35,0.29,0.14,0.05,231
5/30/18 16:00,6,5,2,43,25,3,28.83333333,173,3,10,15,9,16,0,0,1,0,0,0,0,0,0,1,0,0,0,1,0,1,0,0,0,0,0,0,0,202,4.4,16.35,0.29,0.14,0.05,232
5/30/18 17:00,0,6,1,0,3,3,28.83333333,0,3,10,15,9,17,0,0,1,0,0,0,0,0,0,1,0,0,0,1,0,1,0,0,0,0,0,0,0,202,4.4,16.35,0.29,0.14,0.05,233
5/30/18 18:00,0,0,0,0,0,3,28.83333333,0,3,10,15,9,18,0,0,1,0,0,0,0,0,0,1,0,0,0,1,0,1,0,0,0,0,0,0,0,202,4.4,16.35,0.29,0.14,0.05,234
5/30/18 19:00,0,0,0,0,0,3,28.83333333,0,3,10,15,9,19,0,0,1,0,0,0,0,0,0,1,0,0,0,1,0,1,0,0,0,0,0,0,0,202,4.4,16.35,0.29,0.14,0.05,235
5/30/18 20:00,0,0,0,0,0,3,28.83333333,0,3,10,15,9,20,0,0,1,0,0,0,0,0,0,0,1,0,0,1,0,1,0,0,0,0,0,0,0,202,4.4,16.35,0.29,0.14,0.05,236
5/30/18 21:00,0,0,0,0,0,3,28.83333333,0,3,10,15,9,21,0,0,1,0,0,0,0,0,0,0,1,0,0,1,0,1,0,0,0,0,0,0,0,202,4.4,16.35,0.29,0.14,0.05,237
5/31/18 9:00,0,0,0,0,0,4,17.57142857,0,4,9,14,9,9,0,0,0,1,0,0,0,1,0,0,0,0,1,0,0,1,0,0,0,0,0,0,0,202,4.4,16.35,0.29,0.14,0.05,249
5/31/18 10:00,0,0,0,0,0,4,17.57142857,0,4,9,14,9,10,0,0,0,1,0,0,0,1,0,0,0,0,1,0,0,1,0,0,0,0,0,0,0,202,4.4,16.35,0.29,0.14,0.05,250
5/31/18 11:00,0,0,0,0,0,4,17.57142857,0,4,9,14,9,11,0,0,0,1,0,0,0,1,0,0,0,0,1,0,0,1,0,0,0,0,0,0,0,202,4.4,16.35,0.29,0.14,0.05,251
5/31/18 12:00,0,0,0,0,0,4,17.57142857,0,4,9,14,9,12,0,0,0,1,0,0,0,0,1,0,0,0,1,0,0,1,0,0,0,0,0,0,0,202,4.4,16.35,0.29,0.14,0.05,252
5/31/18 13:00,17,3,1,51,9,4,17.57142857,298.7142857,4,9,14,9,13,0,0,0,1,0,0,0,0,1,0,0,0,1,0,0,1,0,0,0,0,0,0,0,202,4.4,16.35,0.29,0.14,0.05,253
5/31/18 14:00,14,7,2,135,16,4,17.57142857,246,4,9,14,9,14,0,0,0,1,0,0,0,0,1,0,0,0,1,0,0,1,0,0,0,0,0,0,0,202,4.4,16.35,0.29,0.14,0.05,254
5/31/18 15:00,2,6,1,186,19,4,17.57142857,35.14285714,4,9,14,9,15,0,0,0,1,0,0,0,0,1,0,0,0,1,0,0,1,0,0,0,0,0,0,0,202,4.4,16.35,0.29,0.14,0.05,255
5/31/18 16:00,0,5,2,0,30,4,17.57142857,0,4,9,14,9,16,0,0,0,1,0,0,0,0,0,1,0,0,1,0,0,1,0,0,0,0,0,0,0,202,4.4,16.35,0.29,0.14,0.05,256
5/31/18 17:00,0,4,2,0,29,4,17.57142857,0,4,9,14,9,17,0,0,0,1,0,0,0,0,0,1,0,0,1,0,0,1,0,0,0,0,0,0,0,202,4.4,16.35,0.29,0.14,0.05,257
5/31/18 18:00,5,6,3,23,12,4,17.57142857,87.85714286,4,9,14,9,18,0,0,0,1,0,0,0,0,0,1,0,0,1,0,0,1,0,0,0,0,0,0,0,202,4.4,16.35,0.29,0.14,0.05,258
5/31/18 19:00,1,1,1,5,8,4,17.57142857,17.57142857,4,9,14,9,19,0,0,0,1,0,0,0,0,0,1,0,0,1,0,0,1,0,0,0,0,0,0,0,202,4.4,16.35,0.29,0.14,0.05,259
5/31/18 20:00,0,0,0,0,0,4,17.57142857,0,4,9,14,9,20,0,0,0,1,0,0,0,0,0,0,1,0,1,0,0,1,0,0,0,0,0,0,0,202,4.4,16.35,0.29,0.14,0.05,260
5/31/18 21:00,0,0,0,0,0,4,17.57142857,0,4,9,14,9,21,0,0,0,1,0,0,0,0,0,0,1,0,1,0,0,1,0,0,0,0,0,0,0,202,4.4,16.35,0.29,0.14,0.05,261
6/1/18 9:00,0,0,0,0,0,5,11.66666667,0,5,8,13,9,9,0,0,0,0,1,0,0,1,0,0,0,0,1,0,0,1,0,0,0,0,0,0,0,202,4.4,16.35,0.29,0.14,0.05,273
6/1/18 10:00,0,0,0,0,0,5,11.66666667,0,5,8,13,9,10,0,0,0,0,1,0,0,1,0,0,0,0,1,0,0,1,0,0,0,0,0,0,0,202,4.4,16.35,0.29,0.14,0.05,274
6/1/18 11:00,0,0,0,0,0,5,11.66666667,0,5,8,13,9,11,0,0,0,0,1,0,0,1,0,0,0,0,1,0,0,1,0,0,0,0,0,0,0,202,4.4,16.35,0.29,0.14,0.05,275
6/1/18 12:00,0,0,0,0,0,5,11.66666667,0,5,8,13,9,12,0,0,0,0,1,0,0,0,1,0,0,0,1,0,0,1,0,0,0,0,0,0,0,202,4.4,16.35,0.29,0.14,0.05,276
6/1/18 13:00,0,0,0,0,0,5,11.66666667,0,5,8,13,9,13,0,0,0,0,1,0,0,0,1,0,0,0,1,0,0,1,0,0,0,0,0,0,0,202,4.4,16.35,0.29,0.14,0.05,277
6/1/18 14:00,0,0,0,0,0,5,11.66666667,0,5,8,13,9,14,0,0,0,0,1,0,0,0,1,0,0,0,1,0,0,1,0,0,0,0,0,0,0,202,4.4,16.35,0.29,0.14,0.05,278
6/1/18 15:00,39,12,3,38,15,5,11.66666667,455,5,8,13,9,15,0,0,0,0,1,0,0,0,1,0,0,0,1,0,0,1,0,0,0,0,0,0,0,202,4.4,16.35,0.29,0.14,0.05,279
6/1/18 16:00,26,24,4,21,11,5,11.66666667,303.3333333,5,8,13,9,16,0,0,0,0,1,0,0,0,0,1,0,0,1,0,0,1,0,0,0,0,0,0,0,202,4.4,16.35,0.29,0.14,0.05,280
6/1/18 17:00,18,12,2,12,9,5,11.66666667,210,5,8,13,9,17,0,0,0,0,1,0,0,0,0,1,0,0,1,0,0,1,0,0,0,0,0,0,0,202,4.4,16.35,0.29,0.14,0.05,281
6/1/18 18:00,4,0,0,0,0,5,11.66666667,46.66666667,5,8,13,9,18,0,0,0,0,1,0,0,0,0,1,0,0,1,0,0,1,0,0,0,0,0,0,0,202,4.4,16.35,0.29,0.14,0.05,282
6/1/18 19:00,1,0,0,0,0,5,11.66666667,11.66666667,5,8,13,9,19,0,0,0,0,1,0,0,0,0,1,0,0,1,0,0,1,0,0,0,0,0,0,0,202,4.4,16.35,0.29,0.14,0.05,283
6/1/18 20:00,1,0,0,0,0,5,11.66666667,11.66666667,5,8,13,9,20,0,0,0,0,1,0,0,0,0,0,1,0,1,0,0,1,0,0,0,0,0,0,0,202,4.4,16.35,0.29,0.14,0.05,284
6/1/18 21:00,0,0,0,0,0,5,11.66666667,0,5,8,13,9,21,0,0,0,0,1,0,0,0,0,0,1,0,1,0,0,1,0,0,0,0,0,0,0,202,4.4,16.35,0.29,0.14,0.05,285
6/3/18 9:00,0,0,0,0,0,0,8.75,0,7,6,11,9,9,0,0,0,0,0,0,1,1,0,0,0,1,0,0,0,1,0,0,0,0,0,0,0,202,4.4,16.35,0.29,0.14,0.05,321
6/3/18 10:00,0,0,0,0,0,0,8.75,0,7,6,11,9,10,0,0,0,0,0,0,1,1,0,0,0,1,0,0,0,1,0,0,0,0,0,0,0,202,4.4,16.35,0.29,0.14,0.05,322
6/3/18 11:00,0,0,0,0,0,0,8.75,0,7,6,11,9,11,0,0,0,0,0,0,1,1,0,0,0,1,0,0,0,1,0,0,0,0,0,0,0,202,4.4,16.35,0.29,0.14,0.05,323
6/3/18 12:00,0,0,0,0,0,0,8.75,0,7,6,11,9,12,0,0,0,0,0,0,1,0,1,0,0,1,0,0,0,1,0,0,0,0,0,0,0,202,4.4,16.35,0.29,0.14,0.05,324
6/3/18 13:00,0,0,0,0,0,0,8.75,0,7,6,11,9,13,0,0,0,0,0,0,1,0,1,0,0,1,0,0,0,1,0,0,0,0,0,0,0,202,4.4,16.35,0.29,0.14,0.05,325
6/3/18 14:00,0,0,0,0,0,0,8.75,0,7,6,11,9,14,0,0,0,0,0,0,1,0,1,0,0,1,0,0,0,1,0,0,0,0,0,0,0,202,4.4,16.35,0.29,0.14,0.05,326
6/3/18 15:00,26,3,1,88,12,0,8.75,227.5,7,6,11,9,15,0,0,0,0,0,0,1,0,1,0,0,1,0,0,0,1,0,0,0,0,0,0,0,202,4.4,16.35,0.29,0.14,0.05,327
6/3/18 16:00,0,7,1,0,9,0,8.75,0,7,6,11,9,16,0,0,0,0,0,0,1,0,0,1,0,1,0,0,0,1,0,0,0,0,0,0,0,202,4.4,16.35,0.29,0.14,0.05,328
6/3/18 17:00,0,6,1,0,10,0,8.75,0,7,6,11,9,17,0,0,0,0,0,0,1,0,0,1,0,1,0,0,0,1,0,0,0,0,0,0,0,202,4.4,16.35,0.29,0.14,0.05,329
6/3/18 18:00,0,3,1,0,4,0,8.75,0,7,6,11,9,18,0,0,0,0,0,0,1,0,0,1,0,1,0,0,0,1,0,0,0,0,0,0,0,202,4.4,16.35,0.29,0.14,0.05,330
6/3/18 19:00,0,0,0,0,0,0,8.75,0,7,6,11,9,19,0,0,0,0,0,0,1,0,0,1,0,1,0,0,0,1,0,0,0,0,0,0,0,202,4.4,16.35,0.29,0.14,0.05,331
6/3/18 20:00,0,0,0,0,0,0,8.75,0,7,6,11,9,20,0,0,0,0,0,0,1,0,0,0,1,1,0,0,0,1,0,0,0,0,0,0,0,202,4.4,16.35,0.29,0.14,0.05,332
6/3/18 21:00,0,0,0,0,0,0,8.75,0,7,6,11,9,21,0,0,0,0,0,0,1,0,0,0,1,1,0,0,0,1,0,0,0,0,0,0,0,202,4.4,16.35,0.29,0.14,0.05,333
6/4/18 9:00,0,0,0,0,0,1,15,0,8,5,10,10,9,1,0,0,0,0,0,0,1,0,0,0,1,0,0,0,0,1,0,0,1,0,0,0,202,4.4,16.35,0.29,0.14,0.05,177
6/4/18 10:00,15,1,1,56,18,1,15,225,8,5,10,10,10,1,0,0,0,0,0,0,1,0,0,0,1,0,0,0,0,1,0,0,1,0,0,0,202,4.4,16.35,0.29,0.14,0.05,178
6/4/18 11:00,7,5,1,0,13,1,15,105,8,5,10,10,11,1,0,0,0,0,0,0,1,0,0,0,1,0,0,0,0,1,0,0,1,0,0,0,202,4.4,16.35,0.29,0.14,0.05,179
6/4/18 12:00,1,2,2,0,24,1,15,15,8,5,10,10,12,1,0,0,0,0,0,0,0,1,0,0,1,0,0,0,0,1,0,0,1,0,0,0,202,4.4,16.35,0.29,0.14,0.05,180
6/4/18 13:00,37,5,1,83,7,1,15,555,8,5,10,10,13,1,0,0,0,0,0,0,0,1,0,0,1,0,0,0,0,1,0,0,1,0,0,0,202,4.4,16.35,0.29,0.14,0.05,181
6/4/18 14:00,15,10,3,85,18,1,15,225,8,5,10,10,14,1,0,0,0,0,0,0,0,1,0,0,1,0,0,0,0,1,0,0,1,0,0,0,202,4.4,16.35,0.29,0.14,0.05,182
6/4/18 15:00,22,14,3,78,13,1,15,330,8,5,10,10,15,1,0,0,0,0,0,0,0,1,0,0,1,0,0,0,0,1,0,0,1,0,0,0,202,4.4,16.35,0.29,0.14,0.05,183
6/4/18 16:00,13,14,3,0,12,1,15,195,8,5,10,10,16,1,0,0,0,0,0,0,0,0,1,0,1,0,0,0,0,1,0,0,1,0,0,0,202,4.4,16.35,0.29,0.14,0.05,184
6/4/18 17:00,0,0,0,0,0,1,15,0,8,5,10,10,17,1,0,0,0,0,0,0,0,0,1,0,1,0,0,0,0,1,0,0,1,0,0,0,202,4.4,16.35,0.29,0.14,0.05,185
6/4/18 18:00,0,0,0,0,0,1,15,0,8,5,10,10,18,1,0,0,0,0,0,0,0,0,1,0,1,0,0,0,0,1,0,0,1,0,0,0,202,4.4,16.35,0.29,0.14,0.05,186
6/4/18 19:00,0,0,0,0,0,1,15,0,8,5,10,10,19,1,0,0,0,0,0,0,0,0,1,0,1,0,0,0,0,1,0,0,1,0,0,0,202,4.4,16.35,0.29,0.14,0.05,187
6/4/18 20:00,0,0,0,0,0,1,15,0,8,5,10,10,20,1,0,0,0,0,0,0,0,0,0,1,1,0,0,0,0,1,0,0,1,0,0,0,202,4.4,16.35,0.29,0.14,0.05,188
6/4/18 21:00,0,0,0,0,0,1,15,0,8,5,10,10,21,1,0,0,0,0,0,0,0,0,0,1,1,0,0,0,0,1,0,0,1,0,0,0,202,4.4,16.35,0.29,0.14,0.05,189
6/5/18 9:00,0,0,0,0,0,2,17.57142857,0,9,4,9,10,9,0,1,0,0,0,0,0,1,0,0,0,1,0,0,0,0,1,0,0,1,0,0,0,202,4.4,16.35,0.29,0.14,0.05,201
6/5/18 10:00,23,4,2,59,21,2,17.57142857,404.1428571,9,4,9,10,10,0,1,0,0,0,0,0,1,0,0,0,1,0,0,0,0,1,0,0,1,0,0,0,202,4.4,16.35,0.29,0.14,0.05,202
6/5/18 11:00,4,6,2,70,23,2,17.57142857,70.28571429,9,4,9,10,11,0,1,0,0,0,0,0,1,0,0,0,1,0,0,0,0,1,0,0,1,0,0,0,202,4.4,16.35,0.29,0.14,0.05,203
6/5/18 12:00,3,6,3,147,11,2,17.57142857,52.71428571,9,4,9,10,12,0,1,0,0,0,0,0,0,1,0,0,1,0,0,0,0,1,0,0,1,0,0,0,202,4.4,16.35,0.29,0.14,0.05,204
6/5/18 13:00,0,5,1,0,0,2,17.57142857,0,9,4,9,10,13,0,1,0,0,0,0,0,0,1,0,0,1,0,0,0,0,1,0,0,1,0,0,0,202,4.4,16.35,0.29,0.14,0.05,205
6/5/18 14:00,0,0,0,0,0,2,17.57142857,0,9,4,9,10,14,0,1,0,0,0,0,0,0,1,0,0,1,0,0,0,0,1,0,0,1,0,0,0,202,4.4,16.35,0.29,0.14,0.05,206
6/5/18 15:00,11,0,0,106,0,2,17.57142857,193.2857143,9,4,9,10,15,0,1,0,0,0,0,0,0,1,0,0,1,0,0,0,0,1,0,0,1,0,0,0,202,4.4,16.35,0.29,0.14,0.05,207
6/5/18 16:00,6,3,1,162,15,2,17.57142857,105.4285714,9,4,9,10,16,0,1,0,0,0,0,0,0,0,1,0,1,0,0,0,0,1,0,0,1,0,0,0,202,4.4,16.35,0.29,0.14,0.05,208
6/5/18 17:00,0,5,1,0,12,2,17.57142857,0,9,4,9,10,17,0,1,0,0,0,0,0,0,0,1,0,1,0,0,0,0,1,0,0,1,0,0,0,202,4.4,16.35,0.29,0.14,0.05,209
6/5/18 18:00,1,1,0,64,0,2,17.57142857,17.57142857,9,4,9,10,18,0,1,0,0,0,0,0,0,0,1,0,1,0,0,0,0,1,0,0,1,0,0,0,202,4.4,16.35,0.29,0.14,0.05,210
6/5/18 19:00,30,7,2,86,15,2,17.57142857,527.1428571,9,4,9,10,19,0,1,0,0,0,0,0,0,0,1,0,1,0,0,0,0,1,0,0,1,0,0,0,202,4.4,16.35,0.29,0.14,0.05,211
6/5/18 20:00,1,8,2,0,26,2,17.57142857,17.57142857,9,4,9,10,20,0,1,0,0,0,0,0,0,0,0,1,1,0,0,0,0,1,0,0,1,0,0,0,202,4.4,16.35,0.29,0.14,0.05,212
6/5/18 21:00,0,2,0,0,0,2,17.57142857,0,9,4,9,10,21,0,1,0,0,0,0,0,0,0,0,1,1,0,0,0,0,1,0,0,1,0,0,0,202,4.4,16.35,0.29,0.14,0.05,213
6/6/18 9:00,0,0,0,0,0,3,22.2,0,10,3,8,10,9,0,0,1,0,0,0,0,1,0,0,0,1,0,0,0,0,0,1,0,1,0,0,0,202,4.4,16.35,0.29,0.14,0.05,225
6/6/18 10:00,0,0,0,0,0,3,22.2,0,10,3,8,10,10,0,0,1,0,0,0,0,1,0,0,0,1,0,0,0,0,0,1,0,1,0,0,0,202,4.4,16.35,0.29,0.14,0.05,226
6/6/18 11:00,16,0,0,59,0,3,22.2,355.2,10,3,8,10,11,0,0,1,0,0,0,0,1,0,0,0,1,0,0,0,0,0,1,0,1,0,0,0,202,4.4,16.35,0.29,0.14,0.05,227
6/6/18 12:00,18,3,2,206,29,3,22.2,399.6,10,3,8,10,12,0,0,1,0,0,0,0,0,1,0,0,1,0,0,0,0,0,1,0,1,0,0,0,202,4.4,16.35,0.29,0.14,0.05,228
6/6/18 13:00,11,6,2,156,30,3,22.2,244.2,10,3,8,10,13,0,0,1,0,0,0,0,0,1,0,0,1,0,0,0,0,0,1,0,1,0,0,0,202,4.4,16.35,0.29,0.14,0.05,229
6/6/18 14:00,4,4,2,128,35,3,22.2,88.8,10,3,8,10,14,0,0,1,0,0,0,0,0,1,0,0,1,0,0,0,0,0,1,0,1,0,0,0,202,4.4,16.35,0.29,0.14,0.05,230
6/6/18 15:00,10,9,5,191,33,3,22.2,222,10,3,8,10,15,0,0,1,0,0,0,0,0,1,0,0,1,0,0,0,0,0,1,0,1,0,0,0,202,4.4,16.35,0.29,0.14,0.05,231
6/6/18 16:00,20,16,4,232,19,3,22.2,444,10,3,8,10,16,0,0,1,0,0,0,0,0,0,1,0,1,0,0,0,0,0,1,0,1,0,0,0,202,4.4,16.35,0.29,0.14,0.05,232
6/6/18 17:00,6,4,1,983,10,3,22.2,133.2,10,3,8,10,17,0,0,1,0,0,0,0,0,0,1,0,1,0,0,0,0,0,1,0,1,0,0,0,202,4.4,16.35,0.29,0.14,0.05,233
6/6/18 18:00,6,2,1,0,29,3,22.2,133.2,10,3,8,10,18,0,0,1,0,0,0,0,0,0,1,0,1,0,0,0,0,0,1,0,1,0,0,0,202,4.4,16.35,0.29,0.14,0.05,234
6/6/18 19:00,0,2,0,0,0,3,22.2,0,10,3,8,10,19,0,0,1,0,0,0,0,0,0,1,0,1,0,0,0,0,0,1,0,1,0,0,0,202,4.4,16.35,0.29,0.14,0.05,235
6/6/18 20:00,6,1,1,0,9,3,22.2,133.2,10,3,8,10,20,0,0,1,0,0,0,0,0,0,0,1,1,0,0,0,0,0,1,0,1,0,0,0,202,4.4,16.35,0.29,0.14,0.05,236
6/6/18 21:00,4,7,1,0,6,3,22.2,88.8,10,3,8,10,21,0,0,1,0,0,0,0,0,0,0,1,1,0,0,0,0,0,1,0,1,0,0,0,202,4.4,16.35,0.29,0.14,0.05,237
6/7/18 9:00,3,0,1,20,21,4,16.14285714,48.42857143,11,2,7,10,9,0,0,0,1,0,0,0,1,0,0,0,0,0,0,0,0,0,1,0,1,0,0,0,202,4.4,16.35,0.29,0.14,0.05,249
6/7/18 10:00,5,3,1,19,16,4,16.14285714,80.71428571,11,2,7,10,10,0,0,0,1,0,0,0,1,0,0,0,0,0,0,0,0,0,1,0,1,0,0,0,202,4.4,16.35,0.29,0.14,0.05,250
6/7/18 11:00,7,4,1,31,22,4,16.14285714,113,11,2,7,10,11,0,0,0,1,0,0,0,1,0,0,0,0,0,0,0,0,0,1,0,1,0,0,0,202,4.4,16.35,0.29,0.14,0.05,251
6/7/18 12:00,27,7,1,102,6,4,16.14285714,435.8571429,11,2,7,10,12,0,0,0,1,0,0,0,0,1,0,0,0,0,0,0,0,0,1,0,1,0,0,0,202,4.4,16.35,0.29,0.14,0.05,252
6/7/18 13:00,8,4,1,0,13,4,16.14285714,129.1428571,11,2,7,10,13,0,0,0,1,0,0,0,0,1,0,0,0,0,0,0,0,0,1,0,1,0,0,0,202,4.4,16.35,0.29,0.14,0.05,253
6/7/18 14:00,3,2,1,0,26,4,16.14285714,48.42857143,11,2,7,10,14,0,0,0,1,0,0,0,0,1,0,0,0,0,0,0,0,0,1,0,1,0,0,0,202,4.4,16.35,0.29,0.14,0.05,254
6/7/18 15:00,0,4,1,0,9,4,16.14285714,0,11,2,7,10,15,0,0,0,1,0,0,0,0,1,0,0,0,0,0,0,0,0,1,0,1,0,0,0,202,4.4,16.35,0.29,0.14,0.05,255
6/7/18 16:00,0,0,0,0,0,4,16.14285714,0,11,2,7,10,16,0,0,0,1,0,0,0,0,0,1,0,0,0,0,0,0,0,1,0,1,0,0,0,202,4.4,16.35,0.29,0.14,0.05,256
6/7/18 17:00,0,0,0,0,0,4,16.14285714,0,11,2,7,10,17,0,0,0,1,0,0,0,0,0,1,0,0,0,0,0,0,0,1,0,1,0,0,0,202,4.4,16.35,0.29,0.14,0.05,257
6/7/18 18:00,0,0,0,0,0,4,16.14285714,0,11,2,7,10,18,0,0,0,1,0,0,0,0,0,1,0,0,0,0,0,0,0,1,0,1,0,0,0,202,4.4,16.35,0.29,0.14,0.05,258
6/7/18 19:00,0,0,0,0,0,4,16.14285714,0,11,2,7,10,19,0,0,0,1,0,0,0,0,0,1,0,0,0,0,0,0,0,1,0,1,0,0,0,202,4.4,16.35,0.29,0.14,0.05,259
6/7/18 20:00,0,0,0,0,0,4,16.14285714,0,11,2,7,10,20,0,0,0,1,0,0,0,0,0,0,1,0,0,0,0,0,0,1,0,1,0,0,0,202,4.4,16.35,0.29,0.14,0.05,260
6/7/18 21:00,0,0,0,0,0,4,16.14285714,0,11,2,7,10,21,0,0,0,1,0,0,0,0,0,0,1,0,0,0,0,0,0,1,0,1,0,0,0,202,4.4,16.35,0.29,0.14,0.05,261
6/8/18 9:00,0,0,0,0,0,5,15,0,12,1,6,10,9,0,0,0,0,1,0,0,1,0,0,0,0,0,0,0,0,0,0,1,1,0,0,0,202,4.4,16.35,0.29,0.14,0.05,273
6/8/18 10:00,0,0,0,0,0,5,15,0,12,1,6,10,10,0,0,0,0,1,0,0,1,0,0,0,0,0,0,0,0,0,0,1,1,0,0,0,202,4.4,16.35,0.29,0.14,0.05,274
6/8/18 11:00,0,0,0,0,0,5,15,0,12,1,6,10,11,0,0,0,0,1,0,0,1,0,0,0,0,0,0,0,0,0,0,1,1,0,0,0,202,4.4,16.35,0.29,0.14,0.05,275
6/8/18 12:00,0,0,0,0,0,5,15,0,12,1,6,10,12,0,0,0,0,1,0,0,0,1,0,0,0,0,0,0,0,0,0,1,1,0,0,0,202,4.4,16.35,0.29,0.14,0.05,276
6/8/18 13:00,0,0,0,0,0,5,15,0,12,1,6,10,13,0,0,0,0,1,0,0,0,1,0,0,0,0,0,0,0,0,0,1,1,0,0,0,202,4.4,16.35,0.29,0.14,0.05,277
6/8/18 14:00,0,0,0,0,0,5,15,0,12,1,6,10,14,0,0,0,0,1,0,0,0,1,0,0,0,0,0,0,0,0,0,1,1,0,0,0,202,4.4,16.35,0.29,0.14,0.05,278
6/8/18 15:00,0,0,0,0,0,5,15,0,12,1,6,10,15,0,0,0,0,1,0,0,0,1,0,0,0,0,0,0,0,0,0,1,1,0,0,0,202,4.4,16.35,0.29,0.14,0.05,279
6/8/18 16:00,0,0,0,0,0,5,15,0,12,1,6,10,16,0,0,0,0,1,0,0,0,0,1,0,0,0,0,0,0,0,0,1,1,0,0,0,202,4.4,16.35,0.29,0.14,0.05,280
6/8/18 17:00,0,0,0,0,0,5,15,0,12,1,6,10,17,0,0,0,0,1,0,0,0,0,1,0,0,0,0,0,0,0,0,1,1,0,0,0,202,4.4,16.35,0.29,0.14,0.05,281
6/8/18 18:00,0,0,0,0,0,5,15,0,12,1,6,10,18,0,0,0,0,1,0,0,0,0,1,0,0,0,0,0,0,0,0,1,1,0,0,0,202,4.4,16.35,0.29,0.14,0.05,282
6/8/18 19:00,0,0,0,0,0,5,15,0,12,1,6,10,19,0,0,0,0,1,0,0,0,0,1,0,0,0,0,0,0,0,0,1,1,0,0,0,202,4.4,16.35,0.29,0.14,0.05,283
6/8/18 20:00,0,0,0,0,0,5,15,0,12,1,6,10,20,0,0,0,0,1,0,0,0,0,0,1,0,0,0,0,0,0,0,1,1,0,0,0,202,4.4,16.35,0.29,0.14,0.05,284
6/8/18 21:00,0,0,0,0,0,5,15,0,12,1,6,10,21,0,0,0,0,1,0,0,0,0,0,1,0,0,0,0,0,0,0,1,1,0,0,0,202,4.4,16.35,0.29,0.14,0.05,285
6/10/18 9:00,0,0,0,0,0,0,15,0,1,-1,4,10,9,0,0,0,0,0,0,1,1,0,0,0,0,0,0,1,0,0,0,1,0,1,0,0,202,4.4,16.35,0.29,0.14,0.05,321
6/10/18 10:00,0,0,0,0,0,0,15,0,1,-1,4,10,10,0,0,0,0,0,0,1,1,0,0,0,0,0,0,1,0,0,0,1,0,1,0,0,202,4.4,16.35,0.29,0.14,0.05,322
6/10/18 11:00,0,0,0,0,0,0,15,0,1,-1,4,10,11,0,0,0,0,0,0,1,1,0,0,0,0,0,0,1,0,0,0,1,0,1,0,0,202,4.4,16.35,0.29,0.14,0.05,323
6/10/18 12:00,0,0,0,0,0,0,15,0,1,-1,4,10,12,0,0,0,0,0,0,1,0,1,0,0,0,0,0,1,0,0,0,1,0,1,0,0,202,4.4,16.35,0.29,0.14,0.05,324
6/10/18 13:00,0,0,0,0,0,0,15,0,1,-1,4,10,13,0,0,0,0,0,0,1,0,1,0,0,0,0,0,1,0,0,0,1,0,1,0,0,202,4.4,16.35,0.29,0.14,0.05,325
6/10/18 14:00,0,0,0,0,0,0,15,0,1,-1,4,10,14,0,0,0,0,0,0,1,0,1,0,0,0,0,0,1,0,0,0,1,0,1,0,0,202,4.4,16.35,0.29,0.14,0.05,326
6/10/18 15:00,0,0,0,0,0,0,15,0,1,-1,4,10,15,0,0,0,0,0,0,1,0,1,0,0,0,0,0,1,0,0,0,1,0,1,0,0,202,4.4,16.35,0.29,0.14,0.05,327
6/10/18 16:00,0,0,0,0,0,0,15,0,1,-1,4,10,16,0,0,0,0,0,0,1,0,0,1,0,0,0,0,1,0,0,0,1,0,1,0,0,202,4.4,16.35,0.29,0.14,0.05,328
6/10/18 17:00,0,0,0,0,0,0,15,0,1,-1,4,10,17,0,0,0,0,0,0,1,0,0,1,0,0,0,0,1,0,0,0,1,0,1,0,0,202,4.4,16.35,0.29,0.14,0.05,329
6/10/18 18:00,0,0,0,0,0,0,15,0,1,-1,4,10,18,0,0,0,0,0,0,1,0,0,1,0,0,0,0,1,0,0,0,1,0,1,0,0,202,4.4,16.35,0.29,0.14,0.05,330
6/10/18 19:00,0,0,0,0,0,0,15,0,1,-1,4,10,19,0,0,0,0,0,0,1,0,0,1,0,0,0,0,1,0,0,0,1,0,1,0,0,202,4.4,16.35,0.29,0.14,0.05,331
6/10/18 20:00,0,0,0,0,0,0,15,0,1,-1,4,10,20,0,0,0,0,0,0,1,0,0,0,1,0,0,0,1,0,0,0,1,0,1,0,0,202,4.4,16.35,0.29,0.14,0.05,332
6/10/18 21:00,0,0,0,0,0,0,15,0,1,-1,4,10,21,0,0,0,0,0,0,1,0,0,0,1,0,0,0,1,0,0,0,1,0,1,0,0,202,4.4,16.35,0.29,0.14,0.05,333
6/11/18 9:00,0,0,0,0,0,1,15,0,2,-1,3,11,9,1,0,0,0,0,0,0,1,0,0,0,0,0,1,0,0,0,0,1,0,0,1,0,202,4.4,16.35,0.29,0.14,0.05,177
6/11/18 10:00,0,0,0,0,0,1,15,0,2,-1,3,11,10,1,0,0,0,0,0,0,1,0,0,0,0,0,1,0,0,0,0,1,0,0,1,0,202,4.4,16.35,0.29,0.14,0.05,178
6/11/18 11:00,0,0,0,0,0,1,15,0,2,-1,3,11,11,1,0,0,0,0,0,0,1,0,0,0,0,0,1,0,0,0,0,1,0,0,1,0,202,4.4,16.35,0.29,0.14,0.05,179
6/11/18 12:00,0,0,0,0,0,1,15,0,2,-1,3,11,12,1,0,0,0,0,0,0,0,1,0,0,0,0,1,0,0,0,0,1,0,0,1,0,202,4.4,16.35,0.29,0.14,0.05,180
6/11/18 13:00,0,0,0,0,0,1,15,0,2,-1,3,11,13,1,0,0,0,0,0,0,0,1,0,0,0,0,1,0,0,0,0,1,0,0,1,0,202,4.4,16.35,0.29,0.14,0.05,181
6/11/18 14:00,0,0,0,0,0,1,15,0,2,-1,3,11,14,1,0,0,0,0,0,0,0,1,0,0,0,0,1,0,0,0,0,1,0,0,1,0,202,4.4,16.35,0.29,0.14,0.05,182
6/11/18 15:00,0,0,0,0,0,1,15,0,2,-1,3,11,15,1,0,0,0,0,0,0,0,1,0,0,0,0,1,0,0,0,0,1,0,0,1,0,202,4.4,16.35,0.29,0.14,0.05,183
6/11/18 16:00,0,0,0,0,0,1,15,0,2,-1,3,11,16,1,0,0,0,0,0,0,0,0,1,0,0,0,1,0,0,0,0,1,0,0,1,0,202,4.4,16.35,0.29,0.14,0.05,184
6/11/18 17:00,0,0,0,0,0,1,15,0,2,-1,3,11,17,1,0,0,0,0,0,0,0,0,1,0,0,0,1,0,0,0,0,1,0,0,1,0,202,4.4,16.35,0.29,0.14,0.05,185
6/11/18 18:00,0,0,0,0,0,1,15,0,2,-1,3,11,18,1,0,0,0,0,0,0,0,0,1,0,0,0,1,0,0,0,0,1,0,0,1,0,202,4.4,16.35,0.29,0.14,0.05,186
6/11/18 19:00,0,0,0,0,0,1,15,0,2,-1,3,11,19,1,0,0,0,0,0,0,0,0,1,0,0,0,1,0,0,0,0,1,0,0,1,0,202,4.4,16.35,0.29,0.14,0.05,187
6/11/18 20:00,0,0,0,0,0,1,15,0,2,-1,3,11,20,1,0,0,0,0,0,0,0,0,0,1,0,0,1,0,0,0,0,1,0,0,1,0,202,4.4,16.35,0.29,0.14,0.05,188
6/11/18 21:00,0,0,0,0,0,1,15,0,2,-1,3,11,21,1,0,0,0,0,0,0,0,0,0,1,0,0,1,0,0,0,0,1,0,0,1,0,202,4.4,16.35,0.29,0.14,0.05,189
6/12/18 9:00,0,0,0,0,0,2,15,0,3,-1,2,11,9,0,1,0,0,0,0,0,1,0,0,0,0,0,1,0,0,0,0,1,0,0,1,0,202,4.4,16.35,0.29,0.14,0.05,201
6/12/18 10:00,2,0,1,2,0,2,15,30,3,-1,2,11,10,0,1,0,0,0,0,0,1,0,0,0,0,0,1,0,0,0,0,1,0,0,1,0,202,4.4,16.35,0.29,0.14,0.05,202
6/12/18 11:00,1,0,0,0,0,2,15,15,3,-1,2,11,11,0,1,0,0,0,0,0,1,0,0,0,0,0,1,0,0,0,0,1,0,0,1,0,202,4.4,16.35,0.29,0.14,0.05,203
6/12/18 12:00,0,0,0,0,0,2,15,0,3,-1,2,11,12,0,1,0,0,0,0,0,0,1,0,0,0,0,1,0,0,0,0,1,0,0,1,0,202,4.4,16.35,0.29,0.14,0.05,204
6/12/18 13:00,0,0,0,0,0,2,15,0,3,-1,2,11,13,0,1,0,0,0,0,0,0,1,0,0,0,0,1,0,0,0,0,1,0,0,1,0,202,4.4,16.35,0.29,0.14,0.05,205
6/12/18 14:00,0,0,0,0,0,2,15,0,3,-1,2,11,14,0,1,0,0,0,0,0,0,1,0,0,0,0,1,0,0,0,0,1,0,0,1,0,202,4.4,16.35,0.29,0.14,0.05,206
6/12/18 15:00,0,0,0,0,0,2,15,0,3,-1,2,11,15,0,1,0,0,0,0,0,0,1,0,0,0,0,1,0,0,0,0,1,0,0,1,0,202,4.4,16.35,0.29,0.14,0.05,207
6/12/18 16:00,0,0,0,0,0,2,15,0,3,-1,2,11,16,0,1,0,0,0,0,0,0,0,1,0,0,0,1,0,0,0,0,1,0,0,1,0,202,4.4,16.35,0.29,0.14,0.05,208
6/12/18 17:00,0,0,0,0,0,2,15,0,3,-1,2,11,17,0,1,0,0,0,0,0,0,0,1,0,0,0,1,0,0,0,0,1,0,0,1,0,202,4.4,16.35,0.29,0.14,0.05,209
6/12/18 18:00,0,0,0,0,0,2,15,0,3,-1,2,11,18,0,1,0,0,0,0,0,0,0,1,0,0,0,1,0,0,0,0,1,0,0,1,0,202,4.4,16.35,0.29,0.14,0.05,210
6/12/18 19:00,0,0,0,0,0,2,15,0,3,-1,2,11,19,0,1,0,0,0,0,0,0,0,1,0,0,0,1,0,0,0,0,1,0,0,1,0,202,4.4,16.35,0.29,0.14,0.05,211
6/12/18 20:00,0,0,0,0,0,2,15,0,3,-1,2,11,20,0,1,0,0,0,0,0,0,0,0,1,0,0,1,0,0,0,0,1,0,0,1,0,202,4.4,16.35,0.29,0.14,0.05,212
6/12/18 21:00,0,0,0,0,0,2,15,0,3,-1,2,11,21,0,1,0,0,0,0,0,0,0,0,1,0,0,1,0,0,0,0,1,0,0,1,0,202,4.4,16.35,0.29,0.14,0.05,213
6/13/18 9:00,0,0,0,0,0,3,15,0,4,-1,1,11,9,0,0,1,0,0,0,0,1,0,0,0,0,1,0,0,0,0,0,1,0,0,0,1,202,4.4,16.35,0.29,0.14,0.05,225
6/13/18 10:00,0,0,0,0,0,3,15,0,4,-1,1,11,10,0,0,1,0,0,0,0,1,0,0,0,0,1,0,0,0,0,0,1,0,0,0,1,202,4.4,16.35,0.29,0.14,0.05,226
6/13/18 11:00,0,0,0,0,0,3,15,0,4,-1,1,11,11,0,0,1,0,0,0,0,1,0,0,0,0,1,0,0,0,0,0,1,0,0,0,1,202,4.4,16.35,0.29,0.14,0.05,227
6/13/18 12:00,0,0,0,0,0,3,15,0,4,-1,1,11,12,0,0,1,0,0,0,0,0,1,0,0,0,1,0,0,0,0,0,1,0,0,0,1,202,4.4,16.35,0.29,0.14,0.05,228
6/13/18 13:00,0,0,0,0,0,3,15,0,4,-1,1,11,13,0,0,1,0,0,0,0,0,1,0,0,0,1,0,0,0,0,0,1,0,0,0,1,202,4.4,16.35,0.29,0.14,0.05,229
6/13/18 14:00,0,0,0,0,0,3,15,0,4,-1,1,11,14,0,0,1,0,0,0,0,0,1,0,0,0,1,0,0,0,0,0,1,0,0,0,1,202,4.4,16.35,0.29,0.14,0.05,230
6/13/18 15:00,0,0,0,0,0,3,15,0,4,-1,1,11,15,0,0,1,0,0,0,0,0,1,0,0,0,1,0,0,0,0,0,1,0,0,0,1,202,4.4,16.35,0.29,0.14,0.05,231
6/13/18 16:00,0,0,0,0,0,3,15,0,4,-1,1,11,16,0,0,1,0,0,0,0,0,0,1,0,0,1,0,0,0,0,0,1,0,0,0,1,202,4.4,16.35,0.29,0.14,0.05,232
6/13/18 17:00,0,0,0,0,0,3,15,0,4,-1,1,11,17,0,0,1,0,0,0,0,0,0,1,0,0,1,0,0,0,0,0,1,0,0,0,1,202,4.4,16.35,0.29,0.14,0.05,233
6/13/18 18:00,0,0,0,0,0,3,15,0,4,-1,1,11,18,0,0,1,0,0,0,0,0,0,1,0,0,1,0,0,0,0,0,1,0,0,0,1,202,4.4,16.35,0.29,0.14,0.05,234
6/13/18 19:00,0,0,0,0,0,3,15,0,4,-1,1,11,19,0,0,1,0,0,0,0,0,0,1,0,0,1,0,0,0,0,0,1,0,0,0,1,202,4.4,16.35,0.29,0.14,0.05,235
6/13/18 20:00,0,0,0,0,0,3,15,0,4,-1,1,11,20,0,0,1,0,0,0,0,0,0,0,1,0,1,0,0,0,0,0,1,0,0,0,1,202,4.4,16.35,0.29,0.14,0.05,236
6/13/18 21:00,0,0,0,0,0,3,15,0,4,-1,1,11,21,0,0,1,0,0,0,0,0,0,0,1,0,1,0,0,0,0,0,1,0,0,0,1,202,4.4,16.35,0.29,0.14,0.05,237
6/14/18 9:00,0,0,0,0,0,4,15,0,5,-1,0,11,9,0,0,0,1,0,0,0,1,0,0,0,0,1,0,0,0,0,0,1,0,0,0,1,202,4.4,16.35,0.29,0.14,0.05,249
6/14/18 10:00,0,0,0,0,0,4,15,0,5,-1,0,11,10,0,0,0,1,0,0,0,1,0,0,0,0,1,0,0,0,0,0,1,0,0,0,1,202,4.4,16.35,0.29,0.14,0.05,250
6/14/18 11:00,0,0,0,0,0,4,15,0,5,-1,0,11,11,0,0,0,1,0,0,0,1,0,0,0,0,1,0,0,0,0,0,1,0,0,0,1,202,4.4,16.35,0.29,0.14,0.05,251
6/14/18 12:00,0,0,0,0,0,4,15,0,5,-1,0,11,12,0,0,0,1,0,0,0,0,1,0,0,0,1,0,0,0,0,0,1,0,0,0,1,202,4.4,16.35,0.29,0.14,0.05,252
6/14/18 13:00,0,0,0,0,0,4,15,0,5,-1,0,11,13,0,0,0,1,0,0,0,0,1,0,0,0,1,0,0,0,0,0,1,0,0,0,1,202,4.4,16.35,0.29,0.14,0.05,253
6/14/18 14:00,0,0,0,0,0,4,15,0,5,-1,0,11,14,0,0,0,1,0,0,0,0,1,0,0,0,1,0,0,0,0,0,1,0,0,0,1,202,4.4,16.35,0.29,0.14,0.05,254
6/14/18 15:00,0,0,0,0,0,4,15,0,5,-1,0,11,15,0,0,0,1,0,0,0,0,1,0,0,0,1,0,0,0,0,0,1,0,0,0,1,202,4.4,16.35,0.29,0.14,0.05,255
6/14/18 16:00,0,0,0,0,0,4,15,0,5,-1,0,11,16,0,0,0,1,0,0,0,0,0,1,0,0,1,0,0,0,0,0,1,0,0,0,1,202,4.4,16.35,0.29,0.14,0.05,256
6/14/18 17:00,0,0,0,0,0,4,15,0,5,-1,0,11,17,0,0,0,1,0,0,0,0,0,1,0,0,1,0,0,0,0,0,1,0,0,0,1,202,4.4,16.35,0.29,0.14,0.05,257
6/14/18 18:00,0,0,0,0,0,4,15,0,5,-1,0,11,18,0,0,0,1,0,0,0,0,0,1,0,0,1,0,0,0,0,0,1,0,0,0,1,202,4.4,16.35,0.29,0.14,0.05,258
6/14/18 19:00,0,0,0,0,0,4,15,0,5,-1,0,11,19,0,0,0,1,0,0,0,0,0,1,0,0,1,0,0,0,0,0,1,0,0,0,1,202,4.4,16.35,0.29,0.14,0.05,259
6/14/18 20:00,0,0,0,0,0,4,15,0,5,-1,0,11,20,0,0,0,1,0,0,0,0,0,0,1,0,1,0,0,0,0,0,1,0,0,0,1,202,4.4,16.35,0.29,0.14,0.05,260
6/14/18 21:00,0,0,0,0,0,4,15,0,5,-1,0,11,21,0,0,0,1,0,0,0,0,0,0,1,0,1,0,0,0,0,0,1,0,0,0,1,202,4.4,16.35,0.29,0.14,0.05,261